LTspice 24.1.5 for Windows
Circuit: C:\Users\ramaz\Desktop\Circuitos II\TP-TA138-G7\Simulación\BUCK\Buck_lazo_abierto.net
Start Time: Tue Jun 30 14:44:38 2026
Options: gmin=1e-10  abstol=1e-10  reltol=0.003
solver = Normal
Maximum thread count: 12
tnom = 27
temp = 27
method = trap
gmin = 1e-10
abstol = 1e-10
reltol = 0.003
C:\Users\ramaz\Desktop\Circuitos II\TP-TA138-G7\Simulación\BUCK\Buck_lazo_abierto.net(12): Limiting rise time to 3e-07.

Vgenerador PWM 0 PULSE(12 0 0 0 0 3u 7.5u)
^^^^^^^^^^^^^^^^^^^^^^^^^^^^^^^^^^^^^^^^^^
C:\Users\ramaz\Desktop\Circuitos II\TP-TA138-G7\Simulación\BUCK\Buck_lazo_abierto.net(12): Limiting fall time to 3e-07.

Vgenerador PWM 0 PULSE(12 0 0 0 0 3u 7.5u)
^^^^^^^^^^^^^^^^^^^^^^^^^^^^^^^^^^^^^^^^^^
Instance "u1:x_gd_template:x_ho_stage:M_HO_PMOS": Length shorter than recommended for a level 1 MOSFET.
Instance "u1:x_gd_template:x_ho_stage:M_HO_NMOS": Length shorter than recommended for a level 1 MOSFET.
Instance "u1:x_gd_template:x_lo_stage:M_LO_PMOS": Length shorter than recommended for a level 1 MOSFET.
Instance "u1:x_gd_template:x_lo_stage:M_LO_NMOS": Length shorter than recommended for a level 1 MOSFET.
Direct Newton iteration for .op point succeeded.
Warning: Simulation tolerance relaxed to achieve convergence from 3.7834070416895253e-05 to 3.7834070416896256e-05 seconds.
Warning: Simulation tolerance relaxed to achieve convergence from 3.7834070416899258e-05 to 3.7834070416900261e-05 seconds.
Warning: Simulation tolerance relaxed to achieve convergence from 3.7834070706339252e-05 to 3.7834070706340255e-05 seconds.
Warning: Simulation tolerance relaxed to achieve convergence from 3.7834070706342254e-05 to 3.7834070706343257e-05 seconds.
Warning: Simulation tolerance relaxed to achieve convergence from 3.7834075162151233e-05 to 3.7834075162152236e-05 seconds.
Warning: Simulation tolerance relaxed to achieve convergence from 3.7834075162217234e-05 to 3.7834075162218237e-05 seconds.
Warning: Simulation tolerance relaxed to achieve convergence from 3.7834075162239243e-05 to 3.7834075162240246e-05 seconds.
Warning: Simulation tolerance relaxed to achieve convergence from 3.7834075162246250e-05 to 3.7834075162247253e-05 seconds.
Warning: Simulation tolerance relaxed to achieve convergence from 3.7834075162249252e-05 to 3.7834075162250255e-05 seconds.
Warning: Simulation tolerance relaxed to achieve convergence from 3.7834082787798281e-05 to 3.7834082787799284e-05 seconds.
Warning: Simulation tolerance relaxed to achieve convergence from 3.7834082789537267e-05 to 3.7834082789538270e-05 seconds.
Warning: Simulation tolerance relaxed to achieve convergence from 3.7834098560070279e-05 to 3.7834098560071282e-05 seconds.
Warning: Simulation tolerance relaxed to achieve convergence from 3.7834101028328272e-05 to 3.7834101028329275e-05 seconds.
Warning: Simulation tolerance relaxed to achieve convergence from 3.7834101028329275e-05 to 3.7834101028330278e-05 seconds.
Warning: Simulation tolerance relaxed to achieve convergence from 3.7834101028330278e-05 to 3.7834101028331280e-05 seconds.
Warning: Simulation tolerance relaxed to achieve convergence from 3.7834101029979275e-05 to 3.7834101029980277e-05 seconds.
Warning: Simulation tolerance relaxed to achieve convergence from 3.7834101030084273e-05 to 3.7834101030085276e-05 seconds.
Warning: Simulation tolerance relaxed to achieve convergence from 3.7834101030092275e-05 to 3.7834101030093278e-05 seconds.
Warning: Simulation tolerance relaxed to achieve convergence from 3.7834101034033269e-05 to 3.7834101034034272e-05 seconds.
Warning: Simulation tolerance relaxed to achieve convergence from 3.7834101034104271e-05 to 3.7834101034105274e-05 seconds.
Warning: Simulation tolerance relaxed to achieve convergence from 3.7834101034105274e-05 to 3.7834101034106277e-05 seconds.
Warning: Simulation tolerance relaxed to achieve convergence from 3.7834101034109278e-05 to 3.7834101034110281e-05 seconds.
Warning: Simulation tolerance relaxed to achieve convergence from 3.7834115169209311e-05 to 3.7834115169210313e-05 seconds.
Warning: Simulation tolerance relaxed to achieve convergence from 5.2835437098224922e-05 to 5.2835437098225925e-05 seconds.
Warning: Simulation tolerance relaxed to achieve convergence from 5.2835440785536887e-05 to 5.2835440785537890e-05 seconds.
Warning: Simulation tolerance relaxed to achieve convergence from 5.2835440871867874e-05 to 5.2835440871868877e-05 seconds.
Warning: Simulation tolerance relaxed to achieve convergence from 5.2835441484553876e-05 to 5.2835441484554879e-05 seconds.
Warning: Simulation tolerance relaxed to achieve convergence from 5.2835441484849876e-05 to 5.2835441484850879e-05 seconds.
Warning: Simulation tolerance relaxed to achieve convergence from 5.2835441484868884e-05 to 5.2835441484869887e-05 seconds.
Warning: Simulation tolerance relaxed to achieve convergence from 5.2835531044058565e-05 to 5.2835531044059568e-05 seconds.
Warning: Simulation tolerance relaxed to achieve convergence from 6.0341280679415234e-05 to 6.0341280679416236e-05 seconds.
Warning: Simulation tolerance relaxed to achieve convergence from 6.0341281574742252e-05 to 6.0341281574743255e-05 seconds.
Warning: Simulation tolerance relaxed to achieve convergence from 6.0341282042102222e-05 to 6.0341282042103225e-05 seconds.
Warning: Simulation tolerance relaxed to achieve convergence from 6.0341282042109222e-05 to 6.0341282042110225e-05 seconds.
Warning: Simulation tolerance relaxed to achieve convergence from 6.0341282042113226e-05 to 6.0341282042114229e-05 seconds.
Warning: Simulation tolerance relaxed to achieve convergence from 6.0341295331407208e-05 to 6.0341295331408211e-05 seconds.
Warning: Simulation tolerance relaxed to achieve convergence from 6.0341295794421208e-05 to 6.0341295794422210e-05 seconds.
Warning: Simulation tolerance relaxed to achieve convergence from 6.0341295794431209e-05 to 6.0341295794432212e-05 seconds.
Warning: Simulation tolerance relaxed to achieve convergence from 6.0341295794702219e-05 to 6.0341295794703222e-05 seconds.
Warning: Simulation tolerance relaxed to achieve convergence from 6.0341296865550212e-05 to 6.0341296865551215e-05 seconds.
Warning: Simulation tolerance relaxed to achieve convergence from 6.0341296865551215e-05 to 6.0341296865552218e-05 seconds.
Warning: Simulation tolerance relaxed to achieve convergence from 6.0341296865558215e-05 to 6.0341296865559218e-05 seconds.
Warning: Simulation tolerance relaxed to achieve convergence from 6.0341296917686222e-05 to 6.0341296917687225e-05 seconds.
Warning: Simulation tolerance relaxed to achieve convergence from 6.0341296917690227e-05 to 6.0341296917691230e-05 seconds.
Warning: Simulation tolerance relaxed to achieve convergence from 6.0341296917712229e-05 to 6.0341296917713232e-05 seconds.
Warning: Simulation tolerance relaxed to achieve convergence from 6.7868601189497376e-05 to 6.7868601189498379e-05 seconds.
Warning: Simulation tolerance relaxed to achieve convergence from 6.7868601207165386e-05 to 6.7868601207166389e-05 seconds.
Warning: Simulation tolerance relaxed to achieve convergence from 6.7868601775768398e-05 to 6.7868601775769401e-05 seconds.
Warning: Simulation tolerance relaxed to achieve convergence from 6.7868601775923398e-05 to 6.7868601775924401e-05 seconds.
Warning: Simulation tolerance relaxed to achieve convergence from 6.7868601775942426e-05 to 6.7868601775943429e-05 seconds.
Warning: Simulation tolerance relaxed to achieve convergence from 6.7868601775949433e-05 to 6.7868601775950436e-05 seconds.
Warning: Simulation tolerance relaxed to achieve convergence from 6.7868601775950436e-05 to 6.7868601775951439e-05 seconds.
Warning: Simulation tolerance relaxed to achieve convergence from 6.7868601775951439e-05 to 6.7868601775952441e-05 seconds.
Warning: Simulation tolerance relaxed to achieve convergence from 6.7868604386954419e-05 to 6.7868604386955422e-05 seconds.
Warning: Simulation tolerance relaxed to achieve convergence from 6.7868604387037442e-05 to 6.7868604387038444e-05 seconds.
Warning: Simulation tolerance relaxed to achieve convergence from 7.5356763640378987e-05 to 7.5356763640379990e-05 seconds.
Warning: Simulation tolerance relaxed to achieve convergence from 7.5356783909624227e-05 to 7.5356783909625230e-05 seconds.
Warning: Simulation tolerance relaxed to achieve convergence from 7.5356783909666253e-05 to 7.5356783909667256e-05 seconds.
Warning: Simulation tolerance relaxed to achieve convergence from 7.5356783909674263e-05 to 7.5356783909675266e-05 seconds.
Warning: Simulation tolerance relaxed to achieve convergence from 7.5356783909688276e-05 to 7.5356783909689279e-05 seconds.
Warning: Simulation tolerance relaxed to achieve convergence from 7.5356783909691285e-05 to 7.5356783909692288e-05 seconds.
Warning: Simulation tolerance relaxed to achieve convergence from 7.5356783909698291e-05 to 7.5356783909699294e-05 seconds.
Warning: Simulation tolerance relaxed to achieve convergence from 7.5356783909766311e-05 to 7.5356783909767314e-05 seconds.
Warning: Simulation tolerance relaxed to achieve convergence from 7.5356783909781328e-05 to 7.5356783909782331e-05 seconds.
Warning: Simulation tolerance relaxed to achieve convergence from 7.5356783909830334e-05 to 7.5356783909831336e-05 seconds.
Warning: Simulation tolerance relaxed to achieve convergence from 7.5356783909861342e-05 to 7.5356783909862345e-05 seconds.
Warning: Simulation tolerance relaxed to achieve convergence from 7.5356783910228344e-05 to 7.5356783910229347e-05 seconds.
Warning: Simulation tolerance relaxed to achieve convergence from 7.5356784074564337e-05 to 7.5356784074565340e-05 seconds.
Warning: Simulation tolerance relaxed to achieve convergence from 7.5356784074601376e-05 to 7.5356784074602379e-05 seconds.
Warning: Simulation tolerance relaxed to achieve convergence from 7.5356784074602379e-05 to 7.5356784074603382e-05 seconds.
Warning: Simulation tolerance relaxed to achieve convergence from 7.5356784074603382e-05 to 7.5356784074604385e-05 seconds.
Warning: Simulation tolerance relaxed to achieve convergence from 7.5356784074604385e-05 to 7.5356784074605388e-05 seconds.
Warning: Simulation tolerance relaxed to achieve convergence from 7.5356784074962388e-05 to 7.5356784074963391e-05 seconds.
Warning: Simulation tolerance relaxed to achieve convergence from 7.5356784074997394e-05 to 7.5356784074998397e-05 seconds.
Warning: Simulation tolerance relaxed to achieve convergence from 7.5356785781323325e-05 to 7.5356785781324328e-05 seconds.
Warning: Simulation tolerance relaxed to achieve convergence from 7.5356785781418342e-05 to 7.5356785781419345e-05 seconds.
Warning: Simulation tolerance relaxed to achieve convergence from 7.5356785781419345e-05 to 7.5356785781420348e-05 seconds.
Warning: Simulation tolerance relaxed to achieve convergence from 7.5356785839983352e-05 to 7.5356785839984355e-05 seconds.
Warning: Simulation tolerance relaxed to achieve convergence from 7.5356786077895323e-05 to 7.5356786077896326e-05 seconds.
Warning: Simulation tolerance relaxed to achieve convergence from 7.5356786106075337e-05 to 7.5356786106076340e-05 seconds.
Warning: Simulation tolerance relaxed to achieve convergence from 7.5356788778062385e-05 to 7.5356788778063388e-05 seconds.
Warning: Simulation tolerance relaxed to achieve convergence from 7.5356788782597413e-05 to 7.5356788782598416e-05 seconds.
Warning: Simulation tolerance relaxed to achieve convergence from 7.5356788782601425e-05 to 7.5356788782602428e-05 seconds.
Warning: Simulation tolerance relaxed to achieve convergence from 7.5356788782656448e-05 to 7.5356788782657451e-05 seconds.
Warning: Simulation tolerance relaxed to achieve convergence from 8.2841781131535934e-05 to 8.2841781131536937e-05 seconds.
Warning: Simulation tolerance relaxed to achieve convergence from 8.2841781131536937e-05 to 8.2841781131537940e-05 seconds.
Warning: Simulation tolerance relaxed to achieve convergence from 8.2841781199660938e-05 to 8.2841781199661940e-05 seconds.
Warning: Simulation tolerance relaxed to achieve convergence from 8.2841781199661940e-05 to 8.2841781199662943e-05 seconds.
Warning: Simulation tolerance relaxed to achieve convergence from 8.2841781199663946e-05 to 8.2841781199664949e-05 seconds.
Warning: Simulation tolerance relaxed to achieve convergence from 8.2841781199743960e-05 to 8.2841781199744963e-05 seconds.
Warning: Simulation tolerance relaxed to achieve convergence from 8.2841788778630006e-05 to 8.2841788778631009e-05 seconds.
Warning: Simulation tolerance relaxed to achieve convergence from 8.2841799227106007e-05 to 8.2841799227107010e-05 seconds.
Warning: Simulation tolerance relaxed to achieve convergence from 8.2841799227108013e-05 to 8.2841799227109016e-05 seconds.
Warning: Simulation tolerance relaxed to achieve convergence from 8.2841799227111022e-05 to 8.2841799227112024e-05 seconds.
Warning: Simulation tolerance relaxed to achieve convergence from 8.2841799227118042e-05 to 8.2841799227119045e-05 seconds.
Warning: Simulation tolerance relaxed to achieve convergence from 8.2841799227295078e-05 to 8.2841799227296081e-05 seconds.
Warning: Simulation tolerance relaxed to achieve convergence from 8.2841799227296081e-05 to 8.2841799227297084e-05 seconds.
Warning: Simulation tolerance relaxed to achieve convergence from 8.2841799227307100e-05 to 8.2841799227308102e-05 seconds.
Warning: Simulation tolerance relaxed to achieve convergence from 8.2841799227308102e-05 to 8.2841799227309105e-05 seconds.
Warning: Simulation tolerance relaxed to achieve convergence from 8.2841799227312114e-05 to 8.2841799227313117e-05 seconds.
Warning: Simulation tolerance relaxed to achieve convergence from 8.2841799227313117e-05 to 8.2841799227314120e-05 seconds.
Warning: Simulation tolerance relaxed to achieve convergence from 8.2841799227314120e-05 to 8.2841799227315123e-05 seconds.
Warning: Simulation tolerance relaxed to achieve convergence from 8.2841799227704161e-05 to 8.2841799227705164e-05 seconds.
Warning: Simulation tolerance relaxed to achieve convergence from 8.2841826418907958e-05 to 8.2841826418908961e-05 seconds.
Warning: Simulation tolerance relaxed to achieve convergence from 8.2841826418968999e-05 to 8.2841826418970002e-05 seconds.
Warning: Simulation tolerance relaxed to achieve convergence from 8.2842032093562797e-05 to 8.2842032093563800e-05 seconds.
Warning: Simulation tolerance relaxed to achieve convergence from 8.2842032093579819e-05 to 8.2842032093580822e-05 seconds.
Warning: Simulation tolerance relaxed to achieve convergence from 8.2842032194763773e-05 to 8.2842032194764775e-05 seconds.
Warning: Simulation tolerance relaxed to achieve convergence from 8.2842032216666730e-05 to 8.2842032216667733e-05 seconds.
Warning: Simulation tolerance relaxed to achieve convergence from 8.2842032216729736e-05 to 8.2842032216730739e-05 seconds.
Warning: Simulation tolerance relaxed to achieve convergence from 8.2842032216737745e-05 to 8.2842032216738748e-05 seconds.
Warning: Simulation tolerance relaxed to achieve convergence from 8.2842032216738748e-05 to 8.2842032216739751e-05 seconds.
Warning: Simulation tolerance relaxed to achieve convergence from 8.2842032216771762e-05 to 8.2842032216772765e-05 seconds.
Warning: Simulation tolerance relaxed to achieve convergence from 8.2842032216773768e-05 to 8.2842032216774771e-05 seconds.
Warning: Simulation tolerance relaxed to achieve convergence from 8.2842032216797783e-05 to 8.2842032216798786e-05 seconds.
Warning: Simulation tolerance relaxed to achieve convergence from 8.2842032234503794e-05 to 8.2842032234504797e-05 seconds.
Warning: Simulation tolerance relaxed to achieve convergence from 8.2842032234528812e-05 to 8.2842032234529815e-05 seconds.
Warning: Simulation tolerance relaxed to achieve convergence from 8.2842032234531820e-05 to 8.2842032234532823e-05 seconds.
Warning: Simulation tolerance relaxed to achieve convergence from 8.2842039463132012e-05 to 8.2842039463133015e-05 seconds.
Warning: Simulation tolerance relaxed to achieve convergence from 8.2842039463133015e-05 to 8.2842039463134018e-05 seconds.
Warning: Simulation tolerance relaxed to achieve convergence from 8.2842039798368056e-05 to 8.2842039798369059e-05 seconds.
Warning: Simulation tolerance relaxed to achieve convergence from 8.2842039800384048e-05 to 8.2842039800385051e-05 seconds.
Warning: Simulation tolerance relaxed to achieve convergence from 8.2842039819487054e-05 to 8.2842039819488057e-05 seconds.
Warning: Simulation tolerance relaxed to achieve convergence from 8.2842045536658175e-05 to 8.2842045536659178e-05 seconds.
Warning: Simulation tolerance relaxed to achieve convergence from 8.2842045536875192e-05 to 8.2842045536876194e-05 seconds.
Warning: Simulation tolerance relaxed to achieve convergence from 8.2842045536952224e-05 to 8.2842045536953227e-05 seconds.
Warning: Simulation tolerance relaxed to achieve convergence from 8.2842045536969233e-05 to 8.2842045536970235e-05 seconds.
Warning: Simulation tolerance relaxed to achieve convergence from 8.2842045536977242e-05 to 8.2842045536978245e-05 seconds.
Warning: Simulation tolerance relaxed to achieve convergence from 8.2842057664306236e-05 to 8.2842057664307239e-05 seconds.
Warning: Simulation tolerance relaxed to achieve convergence from 8.2842057674815204e-05 to 8.2842057674816207e-05 seconds.
Warning: Simulation tolerance relaxed to achieve convergence from 8.2842057818881224e-05 to 8.2842057818882227e-05 seconds.
Warning: Simulation tolerance relaxed to achieve convergence from 8.2842057818884233e-05 to 8.2842057818885236e-05 seconds.
Warning: Simulation tolerance relaxed to achieve convergence from 8.2842057818885236e-05 to 8.2842057818886239e-05 seconds.
Warning: Simulation tolerance relaxed to achieve convergence from 8.2842057818886239e-05 to 8.2842057818887242e-05 seconds.
Warning: Simulation tolerance relaxed to achieve convergence from 8.2842057818887242e-05 to 8.2842057818888245e-05 seconds.
Warning: Simulation tolerance relaxed to achieve convergence from 8.2842057818891253e-05 to 8.2842057818892256e-05 seconds.
Warning: Simulation tolerance relaxed to achieve convergence from 8.2842081236370309e-05 to 8.2842081236371312e-05 seconds.
Warning: Simulation tolerance relaxed to achieve convergence from 8.2842081426372295e-05 to 8.2842081426373298e-05 seconds.
Warning: Simulation tolerance relaxed to achieve convergence from 8.2842081427896304e-05 to 8.2842081427897307e-05 seconds.
Warning: Simulation tolerance relaxed to achieve convergence from 8.2842081427907322e-05 to 8.2842081427908325e-05 seconds.
Warning: Simulation tolerance relaxed to achieve convergence from 8.2842081427939347e-05 to 8.2842081427940349e-05 seconds.
Warning: Simulation tolerance relaxed to achieve convergence from 8.2842081427999357e-05 to 8.2842081428000360e-05 seconds.
Warning: Simulation tolerance relaxed to achieve convergence from 8.2842081428006364e-05 to 8.2842081428007367e-05 seconds.
Warning: Simulation tolerance relaxed to achieve convergence from 8.2842081428038375e-05 to 8.2842081428039378e-05 seconds.
Warning: Simulation tolerance relaxed to achieve convergence from 8.2842081428041384e-05 to 8.2842081428042386e-05 seconds.
Warning: Simulation tolerance relaxed to achieve convergence from 8.2842081428047401e-05 to 8.2842081428048404e-05 seconds.
Warning: Simulation tolerance relaxed to achieve convergence from 8.2842081428051412e-05 to 8.2842081428052415e-05 seconds.
Warning: Simulation tolerance relaxed to achieve convergence from 8.2842081428052415e-05 to 8.2842081428053418e-05 seconds.
Warning: Simulation tolerance relaxed to achieve convergence from 8.2842081428083423e-05 to 8.2842081428084426e-05 seconds.
Warning: Simulation tolerance relaxed to achieve convergence from 8.2842081428090444e-05 to 8.2842081428091447e-05 seconds.
Warning: Simulation tolerance relaxed to achieve convergence from 8.2842081428091447e-05 to 8.2842081428092449e-05 seconds.
Warning: Simulation tolerance relaxed to achieve convergence from 8.2842081428092449e-05 to 8.2842081428093452e-05 seconds.
Warning: Simulation tolerance relaxed to achieve convergence from 8.2842087829261487e-05 to 8.2842087829262489e-05 seconds.
Warning: Simulation tolerance relaxed to achieve convergence from 8.2842087829270499e-05 to 8.2842087829271502e-05 seconds.
Warning: Simulation tolerance relaxed to achieve convergence from 8.2842087829274511e-05 to 8.2842087829275513e-05 seconds.
Warning: Simulation tolerance relaxed to achieve convergence from 8.2842087829278522e-05 to 8.2842087829279525e-05 seconds.
Warning: Simulation tolerance relaxed to achieve convergence from 8.2842087829622526e-05 to 8.2842087829623529e-05 seconds.
Warning: Simulation tolerance relaxed to achieve convergence from 8.2842087829768554e-05 to 8.2842087829769557e-05 seconds.
Warning: Simulation tolerance relaxed to achieve convergence from 8.2842087829769557e-05 to 8.2842087829770560e-05 seconds.
Warning: Simulation tolerance relaxed to achieve convergence from 8.2842087829847579e-05 to 8.2842087829848582e-05 seconds.
Warning: Simulation tolerance relaxed to achieve convergence from 8.2842087829848582e-05 to 8.2842087829849585e-05 seconds.
Warning: Simulation tolerance relaxed to achieve convergence from 8.2842087829963616e-05 to 8.2842087829964619e-05 seconds.
Warning: Simulation tolerance relaxed to achieve convergence from 8.2842087846250582e-05 to 8.2842087846251585e-05 seconds.
Warning: Simulation tolerance relaxed to achieve convergence from 8.2842087846251585e-05 to 8.2842087846252588e-05 seconds.
Warning: Simulation tolerance relaxed to achieve convergence from 8.2842088531869624e-05 to 8.2842088531870627e-05 seconds.
Warning: Simulation tolerance relaxed to achieve convergence from 8.2842089483792613e-05 to 8.2842089483793616e-05 seconds.
Warning: Simulation tolerance relaxed to achieve convergence from 8.2842089483837634e-05 to 8.2842089483838637e-05 seconds.
Warning: Simulation tolerance relaxed to achieve convergence from 8.2842090661063608e-05 to 8.2842090661064611e-05 seconds.
Warning: Simulation tolerance relaxed to achieve convergence from 8.2842092620958704e-05 to 8.2842092620959707e-05 seconds.
Warning: Simulation tolerance relaxed to achieve convergence from 8.2842092620959707e-05 to 8.2842092620960710e-05 seconds.
Warning: Simulation tolerance relaxed to achieve convergence from 8.2842095974266760e-05 to 8.2842095974267762e-05 seconds.
Warning: Simulation tolerance relaxed to achieve convergence from 8.2842095974599772e-05 to 8.2842095974600775e-05 seconds.
Warning: Simulation tolerance relaxed to achieve convergence from 8.2842096005374783e-05 to 8.2842096005375786e-05 seconds.
Warning: Simulation tolerance relaxed to achieve convergence from 8.2842096005382793e-05 to 8.2842096005383796e-05 seconds.
Warning: Simulation tolerance relaxed to achieve convergence from 8.2842101237419819e-05 to 8.2842101237420821e-05 seconds.
Warning: Simulation tolerance relaxed to achieve convergence from 8.2842101237420821e-05 to 8.2842101237421824e-05 seconds.
Warning: Simulation tolerance relaxed to achieve convergence from 8.2842101237421824e-05 to 8.2842101237422827e-05 seconds.
Warning: Simulation tolerance relaxed to achieve convergence from 8.2842101237422827e-05 to 8.2842101237423830e-05 seconds.
Warning: Simulation tolerance relaxed to achieve convergence from 8.2842101237423830e-05 to 8.2842101237424833e-05 seconds.
Warning: Simulation tolerance relaxed to achieve convergence from 8.2842101237424833e-05 to 8.2842101237425836e-05 seconds.
Warning: Simulation tolerance relaxed to achieve convergence from 8.2842101804504867e-05 to 8.2842101804505869e-05 seconds.
Warning: Simulation tolerance relaxed to achieve convergence from 8.2842101804505869e-05 to 8.2842101804506872e-05 seconds.
Warning: Simulation tolerance relaxed to achieve convergence from 8.2842134496780809e-05 to 8.2842134496781812e-05 seconds.
Warning: Simulation tolerance relaxed to achieve convergence from 8.2842134523418816e-05 to 8.2842134523419819e-05 seconds.
Warning: Simulation tolerance relaxed to achieve convergence from 8.2842134523480833e-05 to 8.2842134523481836e-05 seconds.
Warning: Simulation tolerance relaxed to achieve convergence from 8.2842134523506867e-05 to 8.2842134523507870e-05 seconds.
Warning: Simulation tolerance relaxed to achieve convergence from 8.2842134523507870e-05 to 8.2842134523508873e-05 seconds.
Warning: Simulation tolerance relaxed to achieve convergence from 8.2842135581322906e-05 to 8.2842135581323909e-05 seconds.
Warning: Simulation tolerance relaxed to achieve convergence from 8.2842135581325915e-05 to 8.2842135581326918e-05 seconds.
Warning: Simulation tolerance relaxed to achieve convergence from 8.2842135796794942e-05 to 8.2842135796795945e-05 seconds.
Warning: Simulation tolerance relaxed to achieve convergence from 8.2842135797147023e-05 to 8.2842135797148026e-05 seconds.
Warning: Simulation tolerance relaxed to achieve convergence from 8.2842135801155047e-05 to 8.2842135801156050e-05 seconds.
Warning: Simulation tolerance relaxed to achieve convergence from 8.2842144429621031e-05 to 8.2842144429622034e-05 seconds.
Warning: Simulation tolerance relaxed to achieve convergence from 8.2842163256944114e-05 to 8.2842163256945117e-05 seconds.
Warning: Simulation tolerance relaxed to achieve convergence from 8.2842163259751127e-05 to 8.2842163259752130e-05 seconds.
Warning: Simulation tolerance relaxed to achieve convergence from 8.2842164353602089e-05 to 8.2842164353603092e-05 seconds.
Warning: Simulation tolerance relaxed to achieve convergence from 8.2842171499420165e-05 to 8.2842171499421168e-05 seconds.
Warning: Simulation tolerance relaxed to achieve convergence from 8.2842171499430180e-05 to 8.2842171499431183e-05 seconds.
Warning: Simulation tolerance relaxed to achieve convergence from 8.2842501542560552e-05 to 8.2842501542561555e-05 seconds.
Warning: Simulation tolerance relaxed to achieve convergence from 8.2842501542571570e-05 to 8.2842501542572573e-05 seconds.
Warning: Simulation tolerance relaxed to achieve convergence from 8.2842501542578590e-05 to 8.2842501542579593e-05 seconds.
Warning: Simulation tolerance relaxed to achieve convergence from 8.2842501713927582e-05 to 8.2842501713928585e-05 seconds.
Warning: Simulation tolerance relaxed to achieve convergence from 8.2842501944354561e-05 to 8.2842501944355564e-05 seconds.
Warning: Simulation tolerance relaxed to achieve convergence from 8.2842551988661570e-05 to 8.2842551988662573e-05 seconds.
Warning: Simulation tolerance relaxed to achieve convergence from 8.2842551988762591e-05 to 8.2842551988763594e-05 seconds.
Warning: Simulation tolerance relaxed to achieve convergence from 8.2842554844729586e-05 to 8.2842554844730589e-05 seconds.
Warning: Simulation tolerance relaxed to achieve convergence from 8.2842554844730589e-05 to 8.2842554844731592e-05 seconds.
Warning: Simulation tolerance relaxed to achieve convergence from 8.2842554844743613e-05 to 8.2842554844744616e-05 seconds.
Warning: Simulation tolerance relaxed to achieve convergence from 8.2842555406249614e-05 to 8.2842555406250617e-05 seconds.
Warning: Simulation tolerance relaxed to achieve convergence from 1.0533668964293377e-04 to 1.0533668964293477e-04 seconds.
Warning: Simulation tolerance relaxed to achieve convergence from 1.0533668964295180e-04 to 1.0533668964295281e-04 seconds.
Warning: Simulation tolerance relaxed to achieve convergence from 1.0533668964296982e-04 to 1.0533668964297082e-04 seconds.
Warning: Simulation tolerance relaxed to achieve convergence from 1.0533672787112483e-04 to 1.0533672787112583e-04 seconds.
Warning: Simulation tolerance relaxed to achieve convergence from 1.0533702751203268e-04 to 1.0533702751203368e-04 seconds.
Warning: Simulation tolerance relaxed to achieve convergence from 1.0533702751203368e-04 to 1.0533702751203468e-04 seconds.
Warning: Simulation tolerance relaxed to achieve convergence from 1.0533702751203468e-04 to 1.0533702751203568e-04 seconds.
Warning: Simulation tolerance relaxed to achieve convergence from 1.0533702751205871e-04 to 1.0533702751205971e-04 seconds.
Warning: Simulation tolerance relaxed to achieve convergence from 1.0533702751207073e-04 to 1.0533702751207173e-04 seconds.
Warning: Simulation tolerance relaxed to achieve convergence from 1.0533702751207173e-04 to 1.0533702751207274e-04 seconds.
Warning: Simulation tolerance relaxed to achieve convergence from 1.0533702751207274e-04 to 1.0533702751207374e-04 seconds.
Warning: Simulation tolerance relaxed to achieve convergence from 1.0533702759553875e-04 to 1.0533702759553976e-04 seconds.
Warning: Simulation tolerance relaxed to achieve convergence from 1.0533702759554477e-04 to 1.0533702759554577e-04 seconds.
Warning: Simulation tolerance relaxed to achieve convergence from 1.0533706162411683e-04 to 1.0533706162411783e-04 seconds.
Warning: Simulation tolerance relaxed to achieve convergence from 1.0533706162412885e-04 to 1.0533706162412986e-04 seconds.
Warning: Simulation tolerance relaxed to achieve convergence from 1.0533706540144385e-04 to 1.0533706540144485e-04 seconds.
Warning: Simulation tolerance relaxed to achieve convergence from 1.0533706548007287e-04 to 1.0533706548007388e-04 seconds.
Warning: Simulation tolerance relaxed to achieve convergence from 1.0533706720536090e-04 to 1.0533706720536191e-04 seconds.
Warning: Simulation tolerance relaxed to achieve convergence from 1.0533706720537192e-04 to 1.0533706720537292e-04 seconds.
Warning: Simulation tolerance relaxed to achieve convergence from 1.0533706720712593e-04 to 1.0533706720712693e-04 seconds.
Warning: Simulation tolerance relaxed to achieve convergence from 1.0533706737387893e-04 to 1.0533706737387994e-04 seconds.
Warning: Simulation tolerance relaxed to achieve convergence from 1.0533706737388595e-04 to 1.0533706737388696e-04 seconds.
Warning: Simulation tolerance relaxed to achieve convergence from 1.0533706737388696e-04 to 1.0533706737388796e-04 seconds.
Warning: Simulation tolerance relaxed to achieve convergence from 1.0533706737389497e-04 to 1.0533706737389597e-04 seconds.
Warning: Simulation tolerance relaxed to achieve convergence from 1.0533706922974298e-04 to 1.0533706922974398e-04 seconds.
Warning: Simulation tolerance relaxed to achieve convergence from 1.0533706922974398e-04 to 1.0533706922974498e-04 seconds.
Warning: Simulation tolerance relaxed to achieve convergence from 1.0533706922996899e-04 to 1.0533706922996999e-04 seconds.
Warning: Simulation tolerance relaxed to achieve convergence from 1.0533706922997600e-04 to 1.0533706922997700e-04 seconds.
Warning: Simulation tolerance relaxed to achieve convergence from 1.0533706923002500e-04 to 1.0533706923002601e-04 seconds.
Warning: Simulation tolerance relaxed to achieve convergence from 1.0533706923006103e-04 to 1.0533706923006203e-04 seconds.
Warning: Simulation tolerance relaxed to achieve convergence from 1.0533707586134601e-04 to 1.0533707586134701e-04 seconds.
Warning: Simulation tolerance relaxed to achieve convergence from 1.0533707586135603e-04 to 1.0533707586135703e-04 seconds.
Warning: Simulation tolerance relaxed to achieve convergence from 1.0533707602542400e-04 to 1.0533707602542501e-04 seconds.
Warning: Simulation tolerance relaxed to achieve convergence from 1.0533707626624504e-04 to 1.0533707626624604e-04 seconds.
Warning: Simulation tolerance relaxed to achieve convergence from 1.0533707626639306e-04 to 1.0533707626639406e-04 seconds.
Warning: Simulation tolerance relaxed to achieve convergence from 1.0533707626641008e-04 to 1.0533707626641109e-04 seconds.
Warning: Simulation tolerance relaxed to achieve convergence from 1.0533708790159300e-04 to 1.0533708790159400e-04 seconds.
Warning: Simulation tolerance relaxed to achieve convergence from 1.0533708815749599e-04 to 1.0533708815749699e-04 seconds.
Warning: Simulation tolerance relaxed to achieve convergence from 1.0533708815752601e-04 to 1.0533708815752701e-04 seconds.
Warning: Simulation tolerance relaxed to achieve convergence from 1.0533708833618801e-04 to 1.0533708833618902e-04 seconds.
Warning: Simulation tolerance relaxed to achieve convergence from 1.0533708833656403e-04 to 1.0533708833656503e-04 seconds.
Warning: Simulation tolerance relaxed to achieve convergence from 1.0533708836962704e-04 to 1.0533708836962805e-04 seconds.
Warning: Simulation tolerance relaxed to achieve convergence from 1.0533708836962805e-04 to 1.0533708836962905e-04 seconds.
Warning: Simulation tolerance relaxed to achieve convergence from 1.0533708836963505e-04 to 1.0533708836963606e-04 seconds.
Warning: Simulation tolerance relaxed to achieve convergence from 1.0533708836963606e-04 to 1.0533708836963706e-04 seconds.
Warning: Simulation tolerance relaxed to achieve convergence from 1.0533709276126427e-04 to 1.0533709276126527e-04 seconds.
Warning: Simulation tolerance relaxed to achieve convergence from 1.0533709276126527e-04 to 1.0533709276126628e-04 seconds.
Warning: Simulation tolerance relaxed to achieve convergence from 1.0533709276126828e-04 to 1.0533709276126929e-04 seconds.
Warning: Simulation tolerance relaxed to achieve convergence from 1.0533709276127129e-04 to 1.0533709276127229e-04 seconds.
Warning: Simulation tolerance relaxed to achieve convergence from 1.0533709276127530e-04 to 1.0533709276127631e-04 seconds.
Warning: Simulation tolerance relaxed to achieve convergence from 1.0533722315992363e-04 to 1.0533722315992463e-04 seconds.
Warning: Simulation tolerance relaxed to achieve convergence from 1.0533723005489167e-04 to 1.0533723005489267e-04 seconds.
Warning: Simulation tolerance relaxed to achieve convergence from 1.1283422527393361e-04 to 1.1283422527393461e-04 seconds.
Warning: Simulation tolerance relaxed to achieve convergence from 1.1283422527393461e-04 to 1.1283422527393561e-04 seconds.
Warning: Simulation tolerance relaxed to achieve convergence from 1.1283422571248262e-04 to 1.1283422571248363e-04 seconds.
Warning: Simulation tolerance relaxed to achieve convergence from 1.1283422571248363e-04 to 1.1283422571248463e-04 seconds.
Warning: Simulation tolerance relaxed to achieve convergence from 1.1283422571252564e-04 to 1.1283422571252664e-04 seconds.
Warning: Simulation tolerance relaxed to achieve convergence from 1.1283424365035964e-04 to 1.1283424365036064e-04 seconds.
Warning: Simulation tolerance relaxed to achieve convergence from 1.1283424365036965e-04 to 1.1283424365037066e-04 seconds.
Warning: Simulation tolerance relaxed to achieve convergence from 1.1283424365040066e-04 to 1.1283424365040166e-04 seconds.
Warning: Simulation tolerance relaxed to achieve convergence from 1.1283424365040868e-04 to 1.1283424365040969e-04 seconds.
Warning: Simulation tolerance relaxed to achieve convergence from 1.1283424365040969e-04 to 1.1283424365041069e-04 seconds.
Warning: Simulation tolerance relaxed to achieve convergence from 1.1283424365041270e-04 to 1.1283424365041370e-04 seconds.
Warning: Simulation tolerance relaxed to achieve convergence from 1.1283424365041370e-04 to 1.1283424365041470e-04 seconds.
Warning: Simulation tolerance relaxed to achieve convergence from 1.1283424365041570e-04 to 1.1283424365041671e-04 seconds.
Warning: Simulation tolerance relaxed to achieve convergence from 1.1283424365041671e-04 to 1.1283424365041771e-04 seconds.
Warning: Simulation tolerance relaxed to achieve convergence from 1.1283424365041771e-04 to 1.1283424365041871e-04 seconds.
Warning: Simulation tolerance relaxed to achieve convergence from 1.1283424365042472e-04 to 1.1283424365042572e-04 seconds.
Warning: Simulation tolerance relaxed to achieve convergence from 1.1283426113093069e-04 to 1.1283426113093169e-04 seconds.
Warning: Simulation tolerance relaxed to achieve convergence from 1.1283426391772869e-04 to 1.1283426391772970e-04 seconds.
Warning: Simulation tolerance relaxed to achieve convergence from 1.1283426391773170e-04 to 1.1283426391773270e-04 seconds.
Warning: Simulation tolerance relaxed to achieve convergence from 1.1283426391773871e-04 to 1.1283426391773971e-04 seconds.
Warning: Simulation tolerance relaxed to achieve convergence from 1.1283426391775872e-04 to 1.1283426391775973e-04 seconds.
Warning: Simulation tolerance relaxed to achieve convergence from 1.1283426518189872e-04 to 1.1283426518189972e-04 seconds.
Warning: Simulation tolerance relaxed to achieve convergence from 1.1283426528211771e-04 to 1.1283426528211871e-04 seconds.
Warning: Simulation tolerance relaxed to achieve convergence from 1.1283426528211971e-04 to 1.1283426528212072e-04 seconds.
Warning: Simulation tolerance relaxed to achieve convergence from 1.1283426528219973e-04 to 1.1283426528220073e-04 seconds.
Warning: Simulation tolerance relaxed to achieve convergence from 1.1283427232109082e-04 to 1.1283427232109182e-04 seconds.
Warning: Simulation tolerance relaxed to achieve convergence from 1.1283427232116984e-04 to 1.1283427232117085e-04 seconds.
Warning: Simulation tolerance relaxed to achieve convergence from 1.1283427232117785e-04 to 1.1283427232117886e-04 seconds.
Warning: Simulation tolerance relaxed to achieve convergence from 1.2035410483853687e-04 to 1.2035410483853787e-04 seconds.
Warning: Simulation tolerance relaxed to achieve convergence from 1.2035410483871588e-04 to 1.2035410483871688e-04 seconds.
Warning: Simulation tolerance relaxed to achieve convergence from 1.2035410744881783e-04 to 1.2035410744881884e-04 seconds.
Warning: Simulation tolerance relaxed to achieve convergence from 1.2035410744882185e-04 to 1.2035410744882285e-04 seconds.
Warning: Simulation tolerance relaxed to achieve convergence from 1.2035410744882285e-04 to 1.2035410744882385e-04 seconds.
Warning: Simulation tolerance relaxed to achieve convergence from 1.2035410744882385e-04 to 1.2035410744882486e-04 seconds.
Warning: Simulation tolerance relaxed to achieve convergence from 1.2035410747008583e-04 to 1.2035410747008683e-04 seconds.
Warning: Simulation tolerance relaxed to achieve convergence from 1.2035410747008683e-04 to 1.2035410747008784e-04 seconds.
Warning: Simulation tolerance relaxed to achieve convergence from 1.2035410747009084e-04 to 1.2035410747009185e-04 seconds.
Warning: Simulation tolerance relaxed to achieve convergence from 1.2035410747009885e-04 to 1.2035410747009986e-04 seconds.
Warning: Simulation tolerance relaxed to achieve convergence from 1.2035410747009986e-04 to 1.2035410747010086e-04 seconds.
Warning: Simulation tolerance relaxed to achieve convergence from 1.2035410747010686e-04 to 1.2035410747010787e-04 seconds.
Warning: Simulation tolerance relaxed to achieve convergence from 1.2035413698887586e-04 to 1.2035413698887686e-04 seconds.
Warning: Simulation tolerance relaxed to achieve convergence from 1.2035413698887686e-04 to 1.2035413698887786e-04 seconds.
Warning: Simulation tolerance relaxed to achieve convergence from 1.2035413698888387e-04 to 1.2035413698888487e-04 seconds.
Warning: Simulation tolerance relaxed to achieve convergence from 1.2035413698889087e-04 to 1.2035413698889188e-04 seconds.
Warning: Simulation tolerance relaxed to achieve convergence from 1.2035413701314090e-04 to 1.2035413701314190e-04 seconds.
Warning: Simulation tolerance relaxed to achieve convergence from 1.2035413701343091e-04 to 1.2035413701343191e-04 seconds.
Warning: Simulation tolerance relaxed to achieve convergence from 1.2035413701343191e-04 to 1.2035413701343291e-04 seconds.
Warning: Simulation tolerance relaxed to achieve convergence from 1.2035413757967190e-04 to 1.2035413757967291e-04 seconds.
Warning: Simulation tolerance relaxed to achieve convergence from 1.2035413757967391e-04 to 1.2035413757967491e-04 seconds.
Warning: Simulation tolerance relaxed to achieve convergence from 1.2035413777886296e-04 to 1.2035413777886397e-04 seconds.
Warning: Simulation tolerance relaxed to achieve convergence from 1.2035413861854196e-04 to 1.2035413861854296e-04 seconds.
Warning: Simulation tolerance relaxed to achieve convergence from 1.2035413861866996e-04 to 1.2035413861867096e-04 seconds.
Warning: Simulation tolerance relaxed to achieve convergence from 1.2035413861867697e-04 to 1.2035413861867797e-04 seconds.
Warning: Simulation tolerance relaxed to achieve convergence from 1.2035413861874203e-04 to 1.2035413861874304e-04 seconds.
Warning: Simulation tolerance relaxed to achieve convergence from 1.2786295618998745e-04 to 1.2786295618998845e-04 seconds.
Warning: Simulation tolerance relaxed to achieve convergence from 1.2786295618999146e-04 to 1.2786295618999246e-04 seconds.
Warning: Simulation tolerance relaxed to achieve convergence from 1.2786295618999547e-04 to 1.2786295618999647e-04 seconds.
Warning: Simulation tolerance relaxed to achieve convergence from 1.2786295635332050e-04 to 1.2786295635332150e-04 seconds.
Warning: Simulation tolerance relaxed to achieve convergence from 1.3532139239476679e-04 to 1.3532139239476779e-04 seconds.
Warning: Simulation tolerance relaxed to achieve convergence from 1.3532139246028968e-04 to 1.3532139246029068e-04 seconds.
Warning: Simulation tolerance relaxed to achieve convergence from 1.3532140571205969e-04 to 1.3532140571206070e-04 seconds.
Warning: Simulation tolerance relaxed to achieve convergence from 1.3532140571206070e-04 to 1.3532140571206170e-04 seconds.
Warning: Simulation tolerance relaxed to achieve convergence from 1.3532140571206772e-04 to 1.3532140571206872e-04 seconds.
Warning: Simulation tolerance relaxed to achieve convergence from 1.3532140571207875e-04 to 1.3532140571207975e-04 seconds.
Warning: Simulation tolerance relaxed to achieve convergence from 1.3532141018638777e-04 to 1.3532141018638878e-04 seconds.
Warning: Simulation tolerance relaxed to achieve convergence from 1.3532141018883189e-04 to 1.3532141018883289e-04 seconds.
Warning: Simulation tolerance relaxed to achieve convergence from 1.3532141021987693e-04 to 1.3532141021987794e-04 seconds.
Warning: Simulation tolerance relaxed to achieve convergence from 1.3532141021987994e-04 to 1.3532141021988095e-04 seconds.
Warning: Simulation tolerance relaxed to achieve convergence from 1.3532141021988195e-04 to 1.3532141021988295e-04 seconds.
Warning: Simulation tolerance relaxed to achieve convergence from 1.3532141079135895e-04 to 1.3532141079135995e-04 seconds.
Warning: Simulation tolerance relaxed to achieve convergence from 1.3532143819553608e-04 to 1.3532143819553708e-04 seconds.
Warning: Simulation tolerance relaxed to achieve convergence from 1.3532143819561311e-04 to 1.3532143819561411e-04 seconds.
Warning: Simulation tolerance relaxed to achieve convergence from 1.3532143819710514e-04 to 1.3532143819710614e-04 seconds.
Warning: Simulation tolerance relaxed to achieve convergence from 1.3532143957047202e-04 to 1.3532143957047303e-04 seconds.
Warning: Simulation tolerance relaxed to achieve convergence from 1.3532143957047503e-04 to 1.3532143957047603e-04 seconds.
Warning: Simulation tolerance relaxed to achieve convergence from 1.3532143957083512e-04 to 1.3532143957083613e-04 seconds.
Warning: Simulation tolerance relaxed to achieve convergence from 1.3532143957083613e-04 to 1.3532143957083713e-04 seconds.
Warning: Simulation tolerance relaxed to achieve convergence from 1.3532143957088616e-04 to 1.3532143957088716e-04 seconds.
Warning: Simulation tolerance relaxed to achieve convergence from 1.3532143957088917e-04 to 1.3532143957089017e-04 seconds.
Warning: Simulation tolerance relaxed to achieve convergence from 1.3532143957089619e-04 to 1.3532143957089719e-04 seconds.
Warning: Simulation tolerance relaxed to achieve convergence from 1.3532145449938690e-04 to 1.3532145449938790e-04 seconds.
Warning: Simulation tolerance relaxed to achieve convergence from 1.3532145449976604e-04 to 1.3532145449976705e-04 seconds.
Warning: Simulation tolerance relaxed to achieve convergence from 1.3532145449977306e-04 to 1.3532145449977407e-04 seconds.
Warning: Simulation tolerance relaxed to achieve convergence from 1.3532145628720102e-04 to 1.3532145628720202e-04 seconds.
Warning: Simulation tolerance relaxed to achieve convergence from 1.5030735846109460e-04 to 1.5030735846109560e-04 seconds.
Warning: Simulation tolerance relaxed to achieve convergence from 1.5030735846257269e-04 to 1.5030735846257369e-04 seconds.
Warning: Simulation tolerance relaxed to achieve convergence from 1.5030735846257470e-04 to 1.5030735846257570e-04 seconds.
Warning: Simulation tolerance relaxed to achieve convergence from 1.5030735846259275e-04 to 1.5030735846259375e-04 seconds.
Warning: Simulation tolerance relaxed to achieve convergence from 1.5030735846261278e-04 to 1.5030735846261378e-04 seconds.
Warning: Simulation tolerance relaxed to achieve convergence from 1.5030735846261579e-04 to 1.5030735846261679e-04 seconds.
Warning: Simulation tolerance relaxed to achieve convergence from 1.5030735846302684e-04 to 1.5030735846302784e-04 seconds.
Warning: Simulation tolerance relaxed to achieve convergence from 1.5030735846302784e-04 to 1.5030735846302884e-04 seconds.
Warning: Simulation tolerance relaxed to achieve convergence from 1.5030735963799383e-04 to 1.5030735963799484e-04 seconds.
Warning: Simulation tolerance relaxed to achieve convergence from 1.5030735963800085e-04 to 1.5030735963800186e-04 seconds.
Warning: Simulation tolerance relaxed to achieve convergence from 1.5030735963800386e-04 to 1.5030735963800487e-04 seconds.
Warning: Simulation tolerance relaxed to achieve convergence from 1.5030736005272602e-04 to 1.5030736005272702e-04 seconds.
Warning: Simulation tolerance relaxed to achieve convergence from 1.5030736405373911e-04 to 1.5030736405374011e-04 seconds.
Warning: Simulation tolerance relaxed to achieve convergence from 1.5030736405377613e-04 to 1.5030736405377714e-04 seconds.
Warning: Simulation tolerance relaxed to achieve convergence from 1.5030736405381316e-04 to 1.5030736405381416e-04 seconds.
Warning: Simulation tolerance relaxed to achieve convergence from 1.5030736405381717e-04 to 1.5030736405381817e-04 seconds.
Warning: Simulation tolerance relaxed to achieve convergence from 1.5030736405381817e-04 to 1.5030736405381918e-04 seconds.
Warning: Simulation tolerance relaxed to achieve convergence from 1.5030736405382519e-04 to 1.5030736405382620e-04 seconds.
Warning: Simulation tolerance relaxed to achieve convergence from 1.5030737335654904e-04 to 1.5030737335655005e-04 seconds.
Warning: Simulation tolerance relaxed to achieve convergence from 1.5030737335655305e-04 to 1.5030737335655406e-04 seconds.
Warning: Simulation tolerance relaxed to achieve convergence from 1.6533399265347673e-04 to 1.6533399265347774e-04 seconds.
Warning: Simulation tolerance relaxed to achieve convergence from 1.6533399287851769e-04 to 1.6533399287851870e-04 seconds.
Warning: Simulation tolerance relaxed to achieve convergence from 1.6533399287851970e-04 to 1.6533399287852070e-04 seconds.
Warning: Simulation tolerance relaxed to achieve convergence from 1.6533399287852171e-04 to 1.6533399287852271e-04 seconds.
Warning: Simulation tolerance relaxed to achieve convergence from 1.6533399356903278e-04 to 1.6533399356903378e-04 seconds.
Warning: Simulation tolerance relaxed to achieve convergence from 1.6533399373200780e-04 to 1.6533399373200880e-04 seconds.
Warning: Simulation tolerance relaxed to achieve convergence from 1.6533399381904679e-04 to 1.6533399381904779e-04 seconds.
Warning: Simulation tolerance relaxed to achieve convergence from 1.6533399381904779e-04 to 1.6533399381904880e-04 seconds.
Warning: Simulation tolerance relaxed to achieve convergence from 1.6533399514139890e-04 to 1.6533399514139991e-04 seconds.
Warning: Simulation tolerance relaxed to achieve convergence from 1.6533405528426786e-04 to 1.6533405528426886e-04 seconds.
Warning: Simulation tolerance relaxed to achieve convergence from 1.6533405531844186e-04 to 1.6533405531844286e-04 seconds.
Warning: Simulation tolerance relaxed to achieve convergence from 1.6533405531845988e-04 to 1.6533405531846088e-04 seconds.
Warning: Simulation tolerance relaxed to achieve convergence from 1.6533405546286694e-04 to 1.6533405546286794e-04 seconds.
Warning: Simulation tolerance relaxed to achieve convergence from 1.6533405546287295e-04 to 1.6533405546287396e-04 seconds.
Warning: Simulation tolerance relaxed to achieve convergence from 1.6533405587711015e-04 to 1.6533405587711115e-04 seconds.
Warning: Simulation tolerance relaxed to achieve convergence from 1.6533412513426512e-04 to 1.6533412513426612e-04 seconds.
Warning: Simulation tolerance relaxed to achieve convergence from 1.6533412513426813e-04 to 1.6533412513426913e-04 seconds.
Warning: Simulation tolerance relaxed to achieve convergence from 1.6533412515834912e-04 to 1.6533412515835013e-04 seconds.
Warning: Simulation tolerance relaxed to achieve convergence from 1.6533415216577751e-04 to 1.6533415216577851e-04 seconds.
Warning: Simulation tolerance relaxed to achieve convergence from 1.6533415239826762e-04 to 1.6533415239826862e-04 seconds.
Warning: Simulation tolerance relaxed to achieve convergence from 1.6533415314475417e-04 to 1.6533415314475518e-04 seconds.
Warning: Simulation tolerance relaxed to achieve convergence from 1.6533415459097633e-04 to 1.6533415459097733e-04 seconds.
Warning: Simulation tolerance relaxed to achieve convergence from 1.6533415459113338e-04 to 1.6533415459113438e-04 seconds.
Warning: Simulation tolerance relaxed to achieve convergence from 1.6533415459118745e-04 to 1.6533415459118846e-04 seconds.
Warning: Simulation tolerance relaxed to achieve convergence from 1.6533415459920946e-04 to 1.6533415459921047e-04 seconds.
Warning: Simulation tolerance relaxed to achieve convergence from 1.6533415459921648e-04 to 1.6533415459921749e-04 seconds.
Warning: Simulation tolerance relaxed to achieve convergence from 1.6533415478230449e-04 to 1.6533415478230549e-04 seconds.
Warning: Simulation tolerance relaxed to achieve convergence from 1.6533415478239851e-04 to 1.6533415478239952e-04 seconds.
Warning: Simulation tolerance relaxed to achieve convergence from 1.6533415478240052e-04 to 1.6533415478240152e-04 seconds.
Warning: Simulation tolerance relaxed to achieve convergence from 1.6533415478243760e-04 to 1.6533415478243860e-04 seconds.
Warning: Simulation tolerance relaxed to achieve convergence from 1.6533415493844470e-04 to 1.6533415493844570e-04 seconds.
Warning: Simulation tolerance relaxed to achieve convergence from 1.6533415493863874e-04 to 1.6533415493863974e-04 seconds.
Warning: Simulation tolerance relaxed to achieve convergence from 1.6533415493868176e-04 to 1.6533415493868276e-04 seconds.
Warning: Simulation tolerance relaxed to achieve convergence from 1.6533415493868276e-04 to 1.6533415493868376e-04 seconds.
Warning: Simulation tolerance relaxed to achieve convergence from 1.6533415825322267e-04 to 1.6533415825322368e-04 seconds.
Warning: Simulation tolerance relaxed to achieve convergence from 1.6533415825322568e-04 to 1.6533415825322668e-04 seconds.
Warning: Simulation tolerance relaxed to achieve convergence from 1.6533415825555970e-04 to 1.6533415825556070e-04 seconds.
Warning: Simulation tolerance relaxed to achieve convergence from 1.6533415825556271e-04 to 1.6533415825556371e-04 seconds.
Warning: Simulation tolerance relaxed to achieve convergence from 1.6533416414763055e-04 to 1.6533416414763155e-04 seconds.
Warning: Simulation tolerance relaxed to achieve convergence from 1.6533473260675808e-04 to 1.6533473260675908e-04 seconds.
Warning: Simulation tolerance relaxed to achieve convergence from 1.6533473260678012e-04 to 1.6533473260678112e-04 seconds.
Warning: Simulation tolerance relaxed to achieve convergence from 1.6533473260692415e-04 to 1.6533473260692516e-04 seconds.
Warning: Simulation tolerance relaxed to achieve convergence from 1.6533473260693418e-04 to 1.6533473260693519e-04 seconds.
Warning: Simulation tolerance relaxed to achieve convergence from 1.6533473260694421e-04 to 1.6533473260694521e-04 seconds.
Warning: Simulation tolerance relaxed to achieve convergence from 1.6533473260695123e-04 to 1.6533473260695223e-04 seconds.
Warning: Simulation tolerance relaxed to achieve convergence from 1.6533473260711232e-04 to 1.6533473260711332e-04 seconds.
Warning: Simulation tolerance relaxed to achieve convergence from 1.6533473260711533e-04 to 1.6533473260711633e-04 seconds.
Warning: Simulation tolerance relaxed to achieve convergence from 1.6533473845920928e-04 to 1.6533473845921028e-04 seconds.
Warning: Simulation tolerance relaxed to achieve convergence from 1.6533473849285633e-04 to 1.6533473849285733e-04 seconds.
Warning: Simulation tolerance relaxed to achieve convergence from 1.6533473849292737e-04 to 1.6533473849292838e-04 seconds.
Warning: Simulation tolerance relaxed to achieve convergence from 1.6533473854712339e-04 to 1.6533473854712439e-04 seconds.
Warning: Simulation tolerance relaxed to achieve convergence from 1.6533473856139254e-04 to 1.6533473856139355e-04 seconds.
Warning: Simulation tolerance relaxed to achieve convergence from 1.6533473856304758e-04 to 1.6533473856304858e-04 seconds.
Warning: Simulation tolerance relaxed to achieve convergence from 1.6533473884974365e-04 to 1.6533473884974465e-04 seconds.
Warning: Simulation tolerance relaxed to achieve convergence from 1.6533473884980667e-04 to 1.6533473884980767e-04 seconds.
Warning: Simulation tolerance relaxed to achieve convergence from 1.6533473884980767e-04 to 1.6533473884980867e-04 seconds.
Warning: Simulation tolerance relaxed to achieve convergence from 1.6533473884982469e-04 to 1.6533473884982569e-04 seconds.
Warning: Simulation tolerance relaxed to achieve convergence from 1.6533473884985174e-04 to 1.6533473884985275e-04 seconds.
Warning: Simulation tolerance relaxed to achieve convergence from 1.6533473884985475e-04 to 1.6533473884985575e-04 seconds.
Warning: Simulation tolerance relaxed to achieve convergence from 1.6861186466254145e-04 to 1.6861186466254246e-04 seconds.
Warning: Simulation tolerance relaxed to achieve convergence from 1.6861222913878602e-04 to 1.6861222913878702e-04 seconds.
Warning: Simulation tolerance relaxed to achieve convergence from 1.6861227053588173e-04 to 1.6861227053588274e-04 seconds.
Warning: Simulation tolerance relaxed to achieve convergence from 1.6861227053616875e-04 to 1.6861227053616975e-04 seconds.
Warning: Simulation tolerance relaxed to achieve convergence from 1.7284845682989869e-04 to 1.7284845682989970e-04 seconds.
Warning: Simulation tolerance relaxed to achieve convergence from 1.7284870202187850e-04 to 1.7284870202187951e-04 seconds.
Warning: Simulation tolerance relaxed to achieve convergence from 1.7284870675342352e-04 to 1.7284870675342452e-04 seconds.
Warning: Simulation tolerance relaxed to achieve convergence from 1.7284870675346155e-04 to 1.7284870675346255e-04 seconds.
Warning: Simulation tolerance relaxed to achieve convergence from 1.7284870675346255e-04 to 1.7284870675346356e-04 seconds.
Warning: Simulation tolerance relaxed to achieve convergence from 1.7284870675612465e-04 to 1.7284870675612565e-04 seconds.
Warning: Simulation tolerance relaxed to achieve convergence from 1.7284870675612565e-04 to 1.7284870675612665e-04 seconds.
Warning: Simulation tolerance relaxed to achieve convergence from 1.7284870675612665e-04 to 1.7284870675612766e-04 seconds.
Warning: Simulation tolerance relaxed to achieve convergence from 1.7284870675616769e-04 to 1.7284870675616869e-04 seconds.
Warning: Simulation tolerance relaxed to achieve convergence from 1.7284870717900177e-04 to 1.7284870717900277e-04 seconds.
Warning: Simulation tolerance relaxed to achieve convergence from 1.7284870718358390e-04 to 1.7284870718358491e-04 seconds.
Warning: Simulation tolerance relaxed to achieve convergence from 1.7284870718358491e-04 to 1.7284870718358591e-04 seconds.
Warning: Simulation tolerance relaxed to achieve convergence from 1.7284871518470789e-04 to 1.7284871518470890e-04 seconds.
Warning: Simulation tolerance relaxed to achieve convergence from 1.7284871518471090e-04 to 1.7284871518471190e-04 seconds.
Warning: Simulation tolerance relaxed to achieve convergence from 1.7284871518474793e-04 to 1.7284871518474893e-04 seconds.
Warning: Simulation tolerance relaxed to achieve convergence from 1.7284873809085585e-04 to 1.7284873809085685e-04 seconds.
Warning: Simulation tolerance relaxed to achieve convergence from 1.7284873809088685e-04 to 1.7284873809088786e-04 seconds.
Warning: Simulation tolerance relaxed to achieve convergence from 1.7284873809089387e-04 to 1.7284873809089488e-04 seconds.
Warning: Simulation tolerance relaxed to achieve convergence from 1.7284873809091190e-04 to 1.7284873809091290e-04 seconds.
Warning: Simulation tolerance relaxed to achieve convergence from 1.8036892685453527e-04 to 1.8036892685453627e-04 seconds.
Warning: Simulation tolerance relaxed to achieve convergence from 1.8036892721444621e-04 to 1.8036892721444721e-04 seconds.
Warning: Simulation tolerance relaxed to achieve convergence from 1.8036893900374027e-04 to 1.8036893900374128e-04 seconds.
Warning: Simulation tolerance relaxed to achieve convergence from 1.8036894240339838e-04 to 1.8036894240339938e-04 seconds.
Warning: Simulation tolerance relaxed to achieve convergence from 1.8036894240341340e-04 to 1.8036894240341440e-04 seconds.
Warning: Simulation tolerance relaxed to achieve convergence from 1.8036894386670737e-04 to 1.8036894386670838e-04 seconds.
Warning: Simulation tolerance relaxed to achieve convergence from 1.8036894573914144e-04 to 1.8036894573914244e-04 seconds.
Warning: Simulation tolerance relaxed to achieve convergence from 1.8036894573914846e-04 to 1.8036894573914946e-04 seconds.
Warning: Simulation tolerance relaxed to achieve convergence from 1.8036894575587653e-04 to 1.8036894575587753e-04 seconds.
Warning: Simulation tolerance relaxed to achieve convergence from 1.8036894584079455e-04 to 1.8036894584079556e-04 seconds.
Warning: Simulation tolerance relaxed to achieve convergence from 1.8036894982735759e-04 to 1.8036894982735859e-04 seconds.
Warning: Simulation tolerance relaxed to achieve convergence from 1.8036896238916969e-04 to 1.8036896238917069e-04 seconds.
Warning: Simulation tolerance relaxed to achieve convergence from 1.8036896321682979e-04 to 1.8036896321683079e-04 seconds.
Warning: Simulation tolerance relaxed to achieve convergence from 1.8036896388217062e-04 to 1.8036896388217162e-04 seconds.
Warning: Simulation tolerance relaxed to achieve convergence from 1.8036896425992959e-04 to 1.8036896425993059e-04 seconds.
Warning: Simulation tolerance relaxed to achieve convergence from 1.8036896425993661e-04 to 1.8036896425993761e-04 seconds.
Warning: Simulation tolerance relaxed to achieve convergence from 1.8036896425993961e-04 to 1.8036896425994062e-04 seconds.
Warning: Simulation tolerance relaxed to achieve convergence from 1.8036896426020164e-04 to 1.8036896426020264e-04 seconds.
Warning: Simulation tolerance relaxed to achieve convergence from 1.8036896426021568e-04 to 1.8036896426021668e-04 seconds.
Warning: Simulation tolerance relaxed to achieve convergence from 1.8036896426025471e-04 to 1.8036896426025571e-04 seconds.
Warning: Simulation tolerance relaxed to achieve convergence from 1.8036896436676372e-04 to 1.8036896436676473e-04 seconds.
Warning: Simulation tolerance relaxed to achieve convergence from 1.8036896436676473e-04 to 1.8036896436676573e-04 seconds.
Warning: Simulation tolerance relaxed to achieve convergence from 1.8036896436676773e-04 to 1.8036896436676874e-04 seconds.
Warning: Simulation tolerance relaxed to achieve convergence from 1.8036896436676874e-04 to 1.8036896436676974e-04 seconds.
Warning: Simulation tolerance relaxed to achieve convergence from 1.8036911902070195e-04 to 1.8036911902070296e-04 seconds.
Warning: Simulation tolerance relaxed to achieve convergence from 1.8036911974182309e-04 to 1.8036911974182409e-04 seconds.
Warning: Simulation tolerance relaxed to achieve convergence from 1.8036911974182509e-04 to 1.8036911974182609e-04 seconds.
Warning: Simulation tolerance relaxed to achieve convergence from 1.8036912512960589e-04 to 1.8036912512960689e-04 seconds.
Warning: Simulation tolerance relaxed to achieve convergence from 1.8036912512989898e-04 to 1.8036912512989998e-04 seconds.
Warning: Simulation tolerance relaxed to achieve convergence from 1.8036912531457620e-04 to 1.8036912531457720e-04 seconds.
Warning: Simulation tolerance relaxed to achieve convergence from 1.8036912531474829e-04 to 1.8036912531474929e-04 seconds.
Warning: Simulation tolerance relaxed to achieve convergence from 1.8036912531475230e-04 to 1.8036912531475331e-04 seconds.
Warning: Simulation tolerance relaxed to achieve convergence from 1.8036912531475631e-04 to 1.8036912531475732e-04 seconds.
Warning: Simulation tolerance relaxed to achieve convergence from 1.8036912724722824e-04 to 1.8036912724722924e-04 seconds.
Warning: Simulation tolerance relaxed to achieve convergence from 1.8036912724723626e-04 to 1.8036912724723726e-04 seconds.
Warning: Simulation tolerance relaxed to achieve convergence from 1.8036912724724328e-04 to 1.8036912724724428e-04 seconds.
Warning: Simulation tolerance relaxed to achieve convergence from 1.8036912724725030e-04 to 1.8036912724725130e-04 seconds.
Warning: Simulation tolerance relaxed to achieve convergence from 1.8036912879256734e-04 to 1.8036912879256835e-04 seconds.
Warning: Simulation tolerance relaxed to achieve convergence from 1.8036912879256935e-04 to 1.8036912879257035e-04 seconds.
Warning: Simulation tolerance relaxed to achieve convergence from 1.8036912879267037e-04 to 1.8036912879267137e-04 seconds.
Warning: Simulation tolerance relaxed to achieve convergence from 1.8036912879321543e-04 to 1.8036912879321643e-04 seconds.
Warning: Simulation tolerance relaxed to achieve convergence from 1.8036912879325045e-04 to 1.8036912879325145e-04 seconds.
Warning: Simulation tolerance relaxed to achieve convergence from 1.8036912879325446e-04 to 1.8036912879325546e-04 seconds.
Warning: Simulation tolerance relaxed to achieve convergence from 1.8036912879325747e-04 to 1.8036912879325847e-04 seconds.
Warning: Simulation tolerance relaxed to achieve convergence from 1.8036912879326047e-04 to 1.8036912879326148e-04 seconds.
Warning: Simulation tolerance relaxed to achieve convergence from 1.8036912879326148e-04 to 1.8036912879326248e-04 seconds.
Warning: Simulation tolerance relaxed to achieve convergence from 1.8036912879326850e-04 to 1.8036912879326950e-04 seconds.
Warning: Simulation tolerance relaxed to achieve convergence from 1.8036912983250946e-04 to 1.8036912983251046e-04 seconds.
Warning: Simulation tolerance relaxed to achieve convergence from 1.8036913004978349e-04 to 1.8036913004978449e-04 seconds.
Warning: Simulation tolerance relaxed to achieve convergence from 1.8036914772343163e-04 to 1.8036914772343263e-04 seconds.
Warning: Simulation tolerance relaxed to achieve convergence from 1.8036914772343865e-04 to 1.8036914772343965e-04 seconds.
Warning: Simulation tolerance relaxed to achieve convergence from 1.8036914772343965e-04 to 1.8036914772344065e-04 seconds.
Warning: Simulation tolerance relaxed to achieve convergence from 1.8036914784108263e-04 to 1.8036914784108363e-04 seconds.
Warning: Simulation tolerance relaxed to achieve convergence from 1.8036914909136262e-04 to 1.8036914909136362e-04 seconds.
Warning: Simulation tolerance relaxed to achieve convergence from 1.8036914909138368e-04 to 1.8036914909138469e-04 seconds.
Warning: Simulation tolerance relaxed to achieve convergence from 1.8036914909138769e-04 to 1.8036914909138870e-04 seconds.
Warning: Simulation tolerance relaxed to achieve convergence from 1.8036914909140973e-04 to 1.8036914909141073e-04 seconds.
Warning: Simulation tolerance relaxed to achieve convergence from 1.8036914909141274e-04 to 1.8036914909141374e-04 seconds.
Warning: Simulation tolerance relaxed to achieve convergence from 1.8036914974787894e-04 to 1.8036914974787994e-04 seconds.
Warning: Simulation tolerance relaxed to achieve convergence from 1.8036914974787994e-04 to 1.8036914974788095e-04 seconds.
Warning: Simulation tolerance relaxed to achieve convergence from 1.8036914974788395e-04 to 1.8036914974788496e-04 seconds.
Warning: Simulation tolerance relaxed to achieve convergence from 1.8036914983578895e-04 to 1.8036914983578996e-04 seconds.
Warning: Simulation tolerance relaxed to achieve convergence from 1.8036915084338208e-04 to 1.8036915084338308e-04 seconds.
Warning: Simulation tolerance relaxed to achieve convergence from 1.8036915084344510e-04 to 1.8036915084344610e-04 seconds.
Warning: Simulation tolerance relaxed to achieve convergence from 1.8036915084371018e-04 to 1.8036915084371119e-04 seconds.
Warning: Simulation tolerance relaxed to achieve convergence from 1.8036915237478024e-04 to 1.8036915237478124e-04 seconds.
Warning: Simulation tolerance relaxed to achieve convergence from 1.8036915237478225e-04 to 1.8036915237478325e-04 seconds.
Warning: Simulation tolerance relaxed to achieve convergence from 1.8036915237478425e-04 to 1.8036915237478525e-04 seconds.
Warning: Simulation tolerance relaxed to achieve convergence from 1.8036916387208029e-04 to 1.8036916387208129e-04 seconds.
Warning: Simulation tolerance relaxed to achieve convergence from 1.8036916521834315e-04 to 1.8036916521834415e-04 seconds.
Warning: Simulation tolerance relaxed to achieve convergence from 1.8036916521862323e-04 to 1.8036916521862423e-04 seconds.
Warning: Simulation tolerance relaxed to achieve convergence from 1.8036916521866627e-04 to 1.8036916521866727e-04 seconds.
Warning: Simulation tolerance relaxed to achieve convergence from 1.8036916521896836e-04 to 1.8036916521896936e-04 seconds.
Warning: Simulation tolerance relaxed to achieve convergence from 1.8036916681474739e-04 to 1.8036916681474840e-04 seconds.
Warning: Simulation tolerance relaxed to achieve convergence from 1.8036916681481944e-04 to 1.8036916681482044e-04 seconds.
Warning: Simulation tolerance relaxed to achieve convergence from 1.8036916681482044e-04 to 1.8036916681482144e-04 seconds.
Warning: Simulation tolerance relaxed to achieve convergence from 1.8036916682997349e-04 to 1.8036916682997450e-04 seconds.
Warning: Simulation tolerance relaxed to achieve convergence from 1.8036916682998453e-04 to 1.8036916682998553e-04 seconds.
Warning: Simulation tolerance relaxed to achieve convergence from 1.8036916682999857e-04 to 1.8036916682999957e-04 seconds.
Warning: Simulation tolerance relaxed to achieve convergence from 1.8036916704680555e-04 to 1.8036916704680656e-04 seconds.
Warning: Simulation tolerance relaxed to achieve convergence from 1.8036916733668666e-04 to 1.8036916733668766e-04 seconds.
Warning: Simulation tolerance relaxed to achieve convergence from 1.8036916750460567e-04 to 1.8036916750460667e-04 seconds.
Warning: Simulation tolerance relaxed to achieve convergence from 1.8036916779312577e-04 to 1.8036916779312677e-04 seconds.
Warning: Simulation tolerance relaxed to achieve convergence from 1.8036916780058275e-04 to 1.8036916780058375e-04 seconds.
Warning: Simulation tolerance relaxed to achieve convergence from 1.8036918378862057e-04 to 1.8036918378862158e-04 seconds.
Warning: Simulation tolerance relaxed to achieve convergence from 1.8036918378868660e-04 to 1.8036918378868760e-04 seconds.
Warning: Simulation tolerance relaxed to achieve convergence from 1.8036918378869162e-04 to 1.8036918378869262e-04 seconds.
Warning: Simulation tolerance relaxed to achieve convergence from 1.8036918378869262e-04 to 1.8036918378869362e-04 seconds.
Warning: Simulation tolerance relaxed to achieve convergence from 1.8036918378870764e-04 to 1.8036918378870864e-04 seconds.
Warning: Simulation tolerance relaxed to achieve convergence from 1.8036918378889672e-04 to 1.8036918378889772e-04 seconds.
Warning: Simulation tolerance relaxed to achieve convergence from 1.8036918378896874e-04 to 1.8036918378896974e-04 seconds.
Warning: Simulation tolerance relaxed to achieve convergence from 1.8036918413013770e-04 to 1.8036918413013870e-04 seconds.
Warning: Simulation tolerance relaxed to achieve convergence from 1.8036918413014071e-04 to 1.8036918413014171e-04 seconds.
Warning: Simulation tolerance relaxed to achieve convergence from 1.8036918632749095e-04 to 1.8036918632749195e-04 seconds.
Warning: Simulation tolerance relaxed to achieve convergence from 1.8036918717010290e-04 to 1.8036918717010390e-04 seconds.
Warning: Simulation tolerance relaxed to achieve convergence from 1.8036918931211657e-04 to 1.8036918931211757e-04 seconds.
Warning: Simulation tolerance relaxed to achieve convergence from 1.8036918931211757e-04 to 1.8036918931211857e-04 seconds.
Warning: Simulation tolerance relaxed to achieve convergence from 1.8036918951083668e-04 to 1.8036918951083768e-04 seconds.
Warning: Simulation tolerance relaxed to achieve convergence from 1.8036919214451972e-04 to 1.8036919214452072e-04 seconds.
Warning: Simulation tolerance relaxed to achieve convergence from 1.8036926855629506e-04 to 1.8036926855629606e-04 seconds.
Warning: Simulation tolerance relaxed to achieve convergence from 1.8036926855633014e-04 to 1.8036926855633114e-04 seconds.
Warning: Simulation tolerance relaxed to achieve convergence from 1.8036926863920416e-04 to 1.8036926863920517e-04 seconds.
Warning: Simulation tolerance relaxed to achieve convergence from 1.8036930030650015e-04 to 1.8036930030650115e-04 seconds.
Warning: Simulation tolerance relaxed to achieve convergence from 1.8036930030650115e-04 to 1.8036930030650215e-04 seconds.
Warning: Simulation tolerance relaxed to achieve convergence from 1.8036930067060614e-04 to 1.8036930067060714e-04 seconds.
Warning: Simulation tolerance relaxed to achieve convergence from 1.8036930067138327e-04 to 1.8036930067138427e-04 seconds.
Warning: Simulation tolerance relaxed to achieve convergence from 1.8036930076463230e-04 to 1.8036930076463330e-04 seconds.
Warning: Simulation tolerance relaxed to achieve convergence from 1.8036930079064740e-04 to 1.8036930079064840e-04 seconds.
Warning: Simulation tolerance relaxed to achieve convergence from 1.8036930079071443e-04 to 1.8036930079071544e-04 seconds.
Warning: Simulation tolerance relaxed to achieve convergence from 1.8036930079071844e-04 to 1.8036930079071945e-04 seconds.
Warning: Simulation tolerance relaxed to achieve convergence from 1.8036930079072246e-04 to 1.8036930079072346e-04 seconds.
Warning: Simulation tolerance relaxed to achieve convergence from 1.8036958580509548e-04 to 1.8036958580509648e-04 seconds.
Warning: Simulation tolerance relaxed to achieve convergence from 1.8036958749730354e-04 to 1.8036958749730454e-04 seconds.
Warning: Simulation tolerance relaxed to achieve convergence from 1.8783209248621289e-04 to 1.8783209248621389e-04 seconds.
Warning: Simulation tolerance relaxed to achieve convergence from 1.8783209248627992e-04 to 1.8783209248628092e-04 seconds.
Warning: Simulation tolerance relaxed to achieve convergence from 1.8783209248628092e-04 to 1.8783209248628193e-04 seconds.
Warning: Simulation tolerance relaxed to achieve convergence from 1.8783209248628393e-04 to 1.8783209248628493e-04 seconds.
Warning: Simulation tolerance relaxed to achieve convergence from 1.8783209513437317e-04 to 1.8783209513437417e-04 seconds.
Warning: Simulation tolerance relaxed to achieve convergence from 1.8783209513556227e-04 to 1.8783209513556327e-04 seconds.
Warning: Simulation tolerance relaxed to achieve convergence from 1.8783209576686425e-04 to 1.8783209576686525e-04 seconds.
Warning: Simulation tolerance relaxed to achieve convergence from 1.8783209584300327e-04 to 1.8783209584300427e-04 seconds.
Warning: Simulation tolerance relaxed to achieve convergence from 1.8783209584302831e-04 to 1.8783209584302931e-04 seconds.
Warning: Simulation tolerance relaxed to achieve convergence from 1.8783209584307537e-04 to 1.8783209584307637e-04 seconds.
Warning: Simulation tolerance relaxed to achieve convergence from 1.8783209722406913e-04 to 1.8783209722407013e-04 seconds.
Warning: Simulation tolerance relaxed to achieve convergence from 1.8783210043245714e-04 to 1.8783210043245814e-04 seconds.
Warning: Simulation tolerance relaxed to achieve convergence from 1.8783214804412329e-04 to 1.8783214804412430e-04 seconds.
Warning: Simulation tolerance relaxed to achieve convergence from 1.8783214804412430e-04 to 1.8783214804412530e-04 seconds.
Warning: Simulation tolerance relaxed to achieve convergence from 1.8783214804412530e-04 to 1.8783214804412630e-04 seconds.
Warning: Simulation tolerance relaxed to achieve convergence from 1.8783214804428839e-04 to 1.8783214804428939e-04 seconds.
Warning: Simulation tolerance relaxed to achieve convergence from 1.8783214804429240e-04 to 1.8783214804429340e-04 seconds.
Warning: Simulation tolerance relaxed to achieve convergence from 1.8783214804429340e-04 to 1.8783214804429441e-04 seconds.
Warning: Simulation tolerance relaxed to achieve convergence from 1.8783214804429441e-04 to 1.8783214804429541e-04 seconds.
Warning: Simulation tolerance relaxed to achieve convergence from 1.8783215110790351e-04 to 1.8783215110790451e-04 seconds.
Warning: Simulation tolerance relaxed to achieve convergence from 1.8783215110790451e-04 to 1.8783215110790551e-04 seconds.
Warning: Simulation tolerance relaxed to achieve convergence from 1.8783215110812054e-04 to 1.8783215110812154e-04 seconds.
Warning: Simulation tolerance relaxed to achieve convergence from 1.8783215118193944e-04 to 1.8783215118194045e-04 seconds.
Warning: Simulation tolerance relaxed to achieve convergence from 1.8783215118194646e-04 to 1.8783215118194747e-04 seconds.
Warning: Simulation tolerance relaxed to achieve convergence from 1.8783215154906453e-04 to 1.8783215154906553e-04 seconds.
Warning: Simulation tolerance relaxed to achieve convergence from 1.8783215160424955e-04 to 1.8783215160425056e-04 seconds.
Warning: Simulation tolerance relaxed to achieve convergence from 1.8783215160425657e-04 to 1.8783215160425758e-04 seconds.
Warning: Simulation tolerance relaxed to achieve convergence from 1.8783215160426059e-04 to 1.8783215160426159e-04 seconds.
Warning: Simulation tolerance relaxed to achieve convergence from 1.9531217273482661e-04 to 1.9531217273482761e-04 seconds.
Warning: Simulation tolerance relaxed to achieve convergence from 1.9531217273483363e-04 to 1.9531217273483463e-04 seconds.
Warning: Simulation tolerance relaxed to achieve convergence from 1.9531217274181280e-04 to 1.9531217274181380e-04 seconds.
Warning: Simulation tolerance relaxed to achieve convergence from 1.9531217449812686e-04 to 1.9531217449812786e-04 seconds.
Warning: Simulation tolerance relaxed to achieve convergence from 1.9531217449814090e-04 to 1.9531217449814190e-04 seconds.
Warning: Simulation tolerance relaxed to achieve convergence from 1.9531217597610904e-04 to 1.9531217597611004e-04 seconds.
Warning: Simulation tolerance relaxed to achieve convergence from 1.9531217597611004e-04 to 1.9531217597611105e-04 seconds.
Warning: Simulation tolerance relaxed to achieve convergence from 1.9531217597611405e-04 to 1.9531217597611506e-04 seconds.
Warning: Simulation tolerance relaxed to achieve convergence from 1.9531217597622613e-04 to 1.9531217597622714e-04 seconds.
Warning: Simulation tolerance relaxed to achieve convergence from 1.9531217597623315e-04 to 1.9531217597623416e-04 seconds.
Warning: Simulation tolerance relaxed to achieve convergence from 1.9531217597624017e-04 to 1.9531217597624118e-04 seconds.
Warning: Simulation tolerance relaxed to achieve convergence from 1.9531248649297313e-04 to 1.9531248649297414e-04 seconds.
Warning: Simulation tolerance relaxed to achieve convergence from 1.9531248657307811e-04 to 1.9531248657307911e-04 seconds.
Warning: Simulation tolerance relaxed to achieve convergence from 1.9531248657313717e-04 to 1.9531248657313817e-04 seconds.
Warning: Simulation tolerance relaxed to achieve convergence from 1.9531248657317924e-04 to 1.9531248657318024e-04 seconds.
Warning: Simulation tolerance relaxed to achieve convergence from 1.9531248675974832e-04 to 1.9531248675974932e-04 seconds.
Warning: Simulation tolerance relaxed to achieve convergence from 1.9531249351347640e-04 to 1.9531249351347740e-04 seconds.
Warning: Simulation tolerance relaxed to achieve convergence from 1.9531249351347941e-04 to 1.9531249351348041e-04 seconds.
Warning: Simulation tolerance relaxed to achieve convergence from 2.0284625109129168e-04 to 2.0284625109129268e-04 seconds.
Warning: Simulation tolerance relaxed to achieve convergence from 2.0284626410406069e-04 to 2.0284626410406169e-04 seconds.
Warning: Simulation tolerance relaxed to achieve convergence from 2.0284626410406369e-04 to 2.0284626410406470e-04 seconds.
Warning: Simulation tolerance relaxed to achieve convergence from 2.0284626410406470e-04 to 2.0284626410406570e-04 seconds.
Warning: Simulation tolerance relaxed to achieve convergence from 2.0284670566605967e-04 to 2.0284670566606068e-04 seconds.
Warning: Simulation tolerance relaxed to achieve convergence from 2.0613171918601542e-04 to 2.0613171918601643e-04 seconds.
Warning: Simulation tolerance relaxed to achieve convergence from 2.1036097711787697e-04 to 2.1036097711787797e-04 seconds.
Warning: Simulation tolerance relaxed to achieve convergence from 2.1036143708853719e-04 to 2.1036143708853819e-04 seconds.
Warning: Simulation tolerance relaxed to achieve convergence from 2.1036143708859126e-04 to 2.1036143708859226e-04 seconds.
Warning: Simulation tolerance relaxed to achieve convergence from 2.1036143708859828e-04 to 2.1036143708859928e-04 seconds.
Warning: Simulation tolerance relaxed to achieve convergence from 2.1036143727340222e-04 to 2.1036143727340322e-04 seconds.
Warning: Simulation tolerance relaxed to achieve convergence from 2.1036143851068724e-04 to 2.1036143851068824e-04 seconds.
Warning: Simulation tolerance relaxed to achieve convergence from 2.1036143862508634e-04 to 2.1036143862508734e-04 seconds.
Warning: Simulation tolerance relaxed to achieve convergence from 2.1036143862508734e-04 to 2.1036143862508835e-04 seconds.
Warning: Simulation tolerance relaxed to achieve convergence from 2.1036143862508835e-04 to 2.1036143862508935e-04 seconds.
Warning: Simulation tolerance relaxed to achieve convergence from 2.1036143865296036e-04 to 2.1036143865296137e-04 seconds.
Warning: Simulation tolerance relaxed to achieve convergence from 2.1036143865296738e-04 to 2.1036143865296839e-04 seconds.
Warning: Simulation tolerance relaxed to achieve convergence from 2.1036143865298842e-04 to 2.1036143865298942e-04 seconds.
Warning: Simulation tolerance relaxed to achieve convergence from 2.1036143952609637e-04 to 2.1036143952609738e-04 seconds.
Warning: Simulation tolerance relaxed to achieve convergence from 2.1036143952611640e-04 to 2.1036143952611741e-04 seconds.
Warning: Simulation tolerance relaxed to achieve convergence from 2.1036144097848450e-04 to 2.1036144097848550e-04 seconds.
Warning: Simulation tolerance relaxed to achieve convergence from 2.1036144242088747e-04 to 2.1036144242088847e-04 seconds.
Warning: Simulation tolerance relaxed to achieve convergence from 2.1036145745753477e-04 to 2.1036145745753577e-04 seconds.
Warning: Simulation tolerance relaxed to achieve convergence from 2.1036145745753577e-04 to 2.1036145745753678e-04 seconds.
Warning: Simulation tolerance relaxed to achieve convergence from 2.1036147296851285e-04 to 2.1036147296851386e-04 seconds.
Warning: Simulation tolerance relaxed to achieve convergence from 2.1036147296865589e-04 to 2.1036147296865689e-04 seconds.
Warning: Simulation tolerance relaxed to achieve convergence from 2.1036147296865689e-04 to 2.1036147296865789e-04 seconds.
Warning: Simulation tolerance relaxed to achieve convergence from 2.1036212863755833e-04 to 2.1036212863755933e-04 seconds.
Warning: Simulation tolerance relaxed to achieve convergence from 2.1036212863756535e-04 to 2.1036212863756635e-04 seconds.
Warning: Simulation tolerance relaxed to achieve convergence from 2.1036213538346032e-04 to 2.1036213538346132e-04 seconds.
Warning: Simulation tolerance relaxed to achieve convergence from 2.1036213538703447e-04 to 2.1036213538703547e-04 seconds.
Warning: Simulation tolerance relaxed to achieve convergence from 2.1036213538710852e-04 to 2.1036213538710953e-04 seconds.
Warning: Simulation tolerance relaxed to achieve convergence from 2.1036213670806863e-04 to 2.1036213670806963e-04 seconds.
Warning: Simulation tolerance relaxed to achieve convergence from 2.1036213671989665e-04 to 2.1036213671989765e-04 seconds.
Warning: Simulation tolerance relaxed to achieve convergence from 2.1036213671999670e-04 to 2.1036213671999770e-04 seconds.
Warning: Simulation tolerance relaxed to achieve convergence from 2.1036213671999970e-04 to 2.1036213672000071e-04 seconds.
Warning: Simulation tolerance relaxed to achieve convergence from 2.1036214296961758e-04 to 2.1036214296961858e-04 seconds.
Warning: Simulation tolerance relaxed to achieve convergence from 2.1036214296992078e-04 to 2.1036214296992178e-04 seconds.
Warning: Simulation tolerance relaxed to achieve convergence from 2.1036219083274386e-04 to 2.1036219083274486e-04 seconds.
Warning: Simulation tolerance relaxed to achieve convergence from 2.1036219766824493e-04 to 2.1036219766824594e-04 seconds.
Warning: Simulation tolerance relaxed to achieve convergence from 2.1036219864101991e-04 to 2.1036219864102091e-04 seconds.
Warning: Simulation tolerance relaxed to achieve convergence from 2.1036219864102793e-04 to 2.1036219864102894e-04 seconds.
Warning: Simulation tolerance relaxed to achieve convergence from 2.1036220836883186e-04 to 2.1036220836883287e-04 seconds.
Warning: Simulation tolerance relaxed to achieve convergence from 2.1036222161199402e-04 to 2.1036222161199502e-04 seconds.
Warning: Simulation tolerance relaxed to achieve convergence from 2.1036222161199602e-04 to 2.1036222161199703e-04 seconds.
Warning: Simulation tolerance relaxed to achieve convergence from 2.1036222161199903e-04 to 2.1036222161200003e-04 seconds.
Warning: Simulation tolerance relaxed to achieve convergence from 2.1036222703054203e-04 to 2.1036222703054304e-04 seconds.
Warning: Simulation tolerance relaxed to achieve convergence from 2.1036222706627913e-04 to 2.1036222706628013e-04 seconds.
Warning: Simulation tolerance relaxed to achieve convergence from 2.1036222710434004e-04 to 2.1036222710434105e-04 seconds.
Warning: Simulation tolerance relaxed to achieve convergence from 2.1036222854402305e-04 to 2.1036222854402405e-04 seconds.
Warning: Simulation tolerance relaxed to achieve convergence from 2.1036222858127120e-04 to 2.1036222858127220e-04 seconds.
Warning: Simulation tolerance relaxed to achieve convergence from 2.1036222858127421e-04 to 2.1036222858127521e-04 seconds.
Warning: Simulation tolerance relaxed to achieve convergence from 2.1036225084761228e-04 to 2.1036225084761329e-04 seconds.
Warning: Simulation tolerance relaxed to achieve convergence from 2.1036225131562132e-04 to 2.1036225131562233e-04 seconds.
Warning: Simulation tolerance relaxed to achieve convergence from 2.1036225131562433e-04 to 2.1036225131562534e-04 seconds.
Warning: Simulation tolerance relaxed to achieve convergence from 2.1036225131605639e-04 to 2.1036225131605739e-04 seconds.
Warning: Simulation tolerance relaxed to achieve convergence from 2.1036225131605839e-04 to 2.1036225131605940e-04 seconds.
Warning: Simulation tolerance relaxed to achieve convergence from 2.1036225131637644e-04 to 2.1036225131637745e-04 seconds.
Warning: Simulation tolerance relaxed to achieve convergence from 2.1036225153604949e-04 to 2.1036225153605050e-04 seconds.
Warning: Simulation tolerance relaxed to achieve convergence from 2.1036225168127447e-04 to 2.1036225168127547e-04 seconds.
Warning: Simulation tolerance relaxed to achieve convergence from 2.1036225168133448e-04 to 2.1036225168133548e-04 seconds.
Warning: Simulation tolerance relaxed to achieve convergence from 2.1036225204044143e-04 to 2.1036225204044243e-04 seconds.
Warning: Simulation tolerance relaxed to achieve convergence from 2.1036225204044243e-04 to 2.1036225204044344e-04 seconds.
Warning: Simulation tolerance relaxed to achieve convergence from 2.1036225204044544e-04 to 2.1036225204044645e-04 seconds.
Warning: Simulation tolerance relaxed to achieve convergence from 2.1036225204044945e-04 to 2.1036225204045046e-04 seconds.
Warning: Simulation tolerance relaxed to achieve convergence from 2.1036225204045046e-04 to 2.1036225204045146e-04 seconds.
Warning: Simulation tolerance relaxed to achieve convergence from 2.1036225204052250e-04 to 2.1036225204052351e-04 seconds.
Warning: Simulation tolerance relaxed to achieve convergence from 2.1036225231617350e-04 to 2.1036225231617451e-04 seconds.
Warning: Simulation tolerance relaxed to achieve convergence from 2.1036225234143254e-04 to 2.1036225234143355e-04 seconds.
Warning: Simulation tolerance relaxed to achieve convergence from 2.1036225234143956e-04 to 2.1036225234144057e-04 seconds.
Warning: Simulation tolerance relaxed to achieve convergence from 2.1036225234144057e-04 to 2.1036225234144157e-04 seconds.
Warning: Simulation tolerance relaxed to achieve convergence from 2.1036225234144157e-04 to 2.1036225234144257e-04 seconds.
Warning: Simulation tolerance relaxed to achieve convergence from 2.1036225443720656e-04 to 2.1036225443720757e-04 seconds.
Warning: Simulation tolerance relaxed to achieve convergence from 2.1036226148835456e-04 to 2.1036226148835556e-04 seconds.
Warning: Simulation tolerance relaxed to achieve convergence from 2.1036226227685742e-04 to 2.1036226227685842e-04 seconds.
Warning: Simulation tolerance relaxed to achieve convergence from 2.1036226333815639e-04 to 2.1036226333815739e-04 seconds.
Warning: Simulation tolerance relaxed to achieve convergence from 2.1036226334294038e-04 to 2.1036226334294138e-04 seconds.
Warning: Simulation tolerance relaxed to achieve convergence from 2.1036226367142239e-04 to 2.1036226367142339e-04 seconds.
Warning: Simulation tolerance relaxed to achieve convergence from 2.1036226385938439e-04 to 2.1036226385938539e-04 seconds.
Warning: Simulation tolerance relaxed to achieve convergence from 2.1036226552179139e-04 to 2.1036226552179239e-04 seconds.
Warning: Simulation tolerance relaxed to achieve convergence from 2.1036226552448436e-04 to 2.1036226552448536e-04 seconds.
Warning: Simulation tolerance relaxed to achieve convergence from 2.1036226552448536e-04 to 2.1036226552448637e-04 seconds.
Warning: Simulation tolerance relaxed to achieve convergence from 2.1036226552454239e-04 to 2.1036226552454340e-04 seconds.
Warning: Simulation tolerance relaxed to achieve convergence from 2.1036226552454340e-04 to 2.1036226552454440e-04 seconds.
Warning: Simulation tolerance relaxed to achieve convergence from 2.1036226552455042e-04 to 2.1036226552455142e-04 seconds.
Warning: Simulation tolerance relaxed to achieve convergence from 2.1036227014771731e-04 to 2.1036227014771831e-04 seconds.
Warning: Simulation tolerance relaxed to achieve convergence from 2.1036227014772934e-04 to 2.1036227014773035e-04 seconds.
Warning: Simulation tolerance relaxed to achieve convergence from 2.1036227233714238e-04 to 2.1036227233714339e-04 seconds.
Warning: Simulation tolerance relaxed to achieve convergence from 2.1036227233714339e-04 to 2.1036227233714439e-04 seconds.
Warning: Simulation tolerance relaxed to achieve convergence from 2.1781494421832496e-04 to 2.1781494421832596e-04 seconds.
Warning: Simulation tolerance relaxed to achieve convergence from 2.1781494450565398e-04 to 2.1781494450565499e-04 seconds.
Warning: Simulation tolerance relaxed to achieve convergence from 2.1781494450565599e-04 to 2.1781494450565699e-04 seconds.
Warning: Simulation tolerance relaxed to achieve convergence from 2.1781494450566201e-04 to 2.1781494450566301e-04 seconds.
Warning: Simulation tolerance relaxed to achieve convergence from 2.2531439256229699e-04 to 2.2531439256229799e-04 seconds.
Warning: Simulation tolerance relaxed to achieve convergence from 2.2531439256231203e-04 to 2.2531439256231304e-04 seconds.
Warning: Simulation tolerance relaxed to achieve convergence from 2.2531439256231304e-04 to 2.2531439256231404e-04 seconds.
Warning: Simulation tolerance relaxed to achieve convergence from 2.2531450595421801e-04 to 2.2531450595421901e-04 seconds.
Warning: Simulation tolerance relaxed to achieve convergence from 2.2531450622113606e-04 to 2.2531450622113706e-04 seconds.
Warning: Simulation tolerance relaxed to achieve convergence from 2.2531450622114709e-04 to 2.2531450622114809e-04 seconds.
Warning: Simulation tolerance relaxed to achieve convergence from 2.2531450759608225e-04 to 2.2531450759608325e-04 seconds.
Warning: Simulation tolerance relaxed to achieve convergence from 2.2531452779118430e-04 to 2.2531452779118530e-04 seconds.
Warning: Simulation tolerance relaxed to achieve convergence from 2.2531452840152434e-04 to 2.2531452840152534e-04 seconds.
Warning: Simulation tolerance relaxed to achieve convergence from 2.2531452840155936e-04 to 2.2531452840156036e-04 seconds.
Warning: Simulation tolerance relaxed to achieve convergence from 2.2531452840156838e-04 to 2.2531452840156938e-04 seconds.
Warning: Simulation tolerance relaxed to achieve convergence from 2.2531452840157640e-04 to 2.2531452840157741e-04 seconds.
Warning: Simulation tolerance relaxed to achieve convergence from 2.2531452840160346e-04 to 2.2531452840160446e-04 seconds.
Warning: Simulation tolerance relaxed to achieve convergence from 2.2531452967549368e-04 to 2.2531452967549469e-04 seconds.
Warning: Simulation tolerance relaxed to achieve convergence from 2.2531452967549669e-04 to 2.2531452967549769e-04 seconds.
Warning: Simulation tolerance relaxed to achieve convergence from 2.2531454430794375e-04 to 2.2531454430794475e-04 seconds.
Warning: Simulation tolerance relaxed to achieve convergence from 2.2531454430795678e-04 to 2.2531454430795779e-04 seconds.
Warning: Simulation tolerance relaxed to achieve convergence from 2.2531454431009985e-04 to 2.2531454431010085e-04 seconds.
Warning: Simulation tolerance relaxed to achieve convergence from 2.2531460365921076e-04 to 2.2531460365921176e-04 seconds.
Warning: Simulation tolerance relaxed to achieve convergence from 2.2531460365992782e-04 to 2.2531460365992882e-04 seconds.
Warning: Simulation tolerance relaxed to achieve convergence from 2.2531460366925879e-04 to 2.2531460366925979e-04 seconds.
Warning: Simulation tolerance relaxed to achieve convergence from 2.2531502797013567e-04 to 2.2531502797013667e-04 seconds.
Warning: Simulation tolerance relaxed to achieve convergence from 2.2531506357879177e-04 to 2.2531506357879278e-04 seconds.
Warning: Simulation tolerance relaxed to achieve convergence from 2.2531512408077581e-04 to 2.2531512408077682e-04 seconds.
Warning: Simulation tolerance relaxed to achieve convergence from 2.2531512408078283e-04 to 2.2531512408078384e-04 seconds.
Warning: Simulation tolerance relaxed to achieve convergence from 2.2531512408126091e-04 to 2.2531512408126191e-04 seconds.
Warning: Simulation tolerance relaxed to achieve convergence from 2.2531512408134900e-04 to 2.2531512408135001e-04 seconds.
Warning: Simulation tolerance relaxed to achieve convergence from 2.2531512408135502e-04 to 2.2531512408135602e-04 seconds.
Warning: Simulation tolerance relaxed to achieve convergence from 2.2531512408136505e-04 to 2.2531512408136605e-04 seconds.
Warning: Simulation tolerance relaxed to achieve convergence from 2.2531512408136605e-04 to 2.2531512408136705e-04 seconds.
Warning: Simulation tolerance relaxed to achieve convergence from 2.2531512408136906e-04 to 2.2531512408137006e-04 seconds.
Warning: Simulation tolerance relaxed to achieve convergence from 2.2531512408137307e-04 to 2.2531512408137408e-04 seconds.
Warning: Simulation tolerance relaxed to achieve convergence from 2.2531512717155814e-04 to 2.2531512717155914e-04 seconds.
Warning: Simulation tolerance relaxed to achieve convergence from 2.2531512717292819e-04 to 2.2531512717292919e-04 seconds.
Warning: Simulation tolerance relaxed to achieve convergence from 2.2531512717293521e-04 to 2.2531512717293621e-04 seconds.
Warning: Simulation tolerance relaxed to achieve convergence from 2.2531512798321178e-04 to 2.2531512798321278e-04 seconds.
Warning: Simulation tolerance relaxed to achieve convergence from 2.2531512863391983e-04 to 2.2531512863392084e-04 seconds.
Warning: Simulation tolerance relaxed to achieve convergence from 2.2531512920672479e-04 to 2.2531512920672580e-04 seconds.
Warning: Simulation tolerance relaxed to achieve convergence from 2.2531512996406273e-04 to 2.2531512996406373e-04 seconds.
Warning: Simulation tolerance relaxed to achieve convergence from 2.2531512996769871e-04 to 2.2531512996769971e-04 seconds.
Warning: Simulation tolerance relaxed to achieve convergence from 2.2531512996770773e-04 to 2.2531512996770873e-04 seconds.
Warning: Simulation tolerance relaxed to achieve convergence from 2.2531513132917490e-04 to 2.2531513132917591e-04 seconds.
Warning: Simulation tolerance relaxed to achieve convergence from 2.2531518627176089e-04 to 2.2531518627176190e-04 seconds.
Warning: Simulation tolerance relaxed to achieve convergence from 2.2531520449705782e-04 to 2.2531520449705882e-04 seconds.
Warning: Simulation tolerance relaxed to achieve convergence from 2.2531520532894598e-04 to 2.2531520532894698e-04 seconds.
Warning: Simulation tolerance relaxed to achieve convergence from 2.2531520532894698e-04 to 2.2531520532894798e-04 seconds.
Warning: Simulation tolerance relaxed to achieve convergence from 2.2531520536865198e-04 to 2.2531520536865299e-04 seconds.
Warning: Simulation tolerance relaxed to achieve convergence from 2.2531520536865499e-04 to 2.2531520536865599e-04 seconds.
Warning: Simulation tolerance relaxed to achieve convergence from 2.2531520558724693e-04 to 2.2531520558724793e-04 seconds.
Warning: Simulation tolerance relaxed to achieve convergence from 2.2531520558728496e-04 to 2.2531520558728596e-04 seconds.
Warning: Simulation tolerance relaxed to achieve convergence from 2.2531520558729498e-04 to 2.2531520558729599e-04 seconds.
Warning: Simulation tolerance relaxed to achieve convergence from 2.2531520558730100e-04 to 2.2531520558730200e-04 seconds.
Warning: Simulation tolerance relaxed to achieve convergence from 2.2531520558731103e-04 to 2.2531520558731203e-04 seconds.
Warning: Simulation tolerance relaxed to achieve convergence from 2.2531520558731304e-04 to 2.2531520558731404e-04 seconds.
Warning: Simulation tolerance relaxed to achieve convergence from 2.2531520599930021e-04 to 2.2531520599930122e-04 seconds.
Warning: Simulation tolerance relaxed to achieve convergence from 2.2531520599932125e-04 to 2.2531520599932225e-04 seconds.
Warning: Simulation tolerance relaxed to achieve convergence from 2.2531520599933529e-04 to 2.2531520599933629e-04 seconds.
Warning: Simulation tolerance relaxed to achieve convergence from 2.2531520599933629e-04 to 2.2531520599933729e-04 seconds.
Warning: Simulation tolerance relaxed to achieve convergence from 2.2531520599934331e-04 to 2.2531520599934431e-04 seconds.
Warning: Simulation tolerance relaxed to achieve convergence from 2.2531520599934431e-04 to 2.2531520599934532e-04 seconds.
Warning: Simulation tolerance relaxed to achieve convergence from 2.2531520599934732e-04 to 2.2531520599934832e-04 seconds.
Warning: Simulation tolerance relaxed to achieve convergence from 2.2531520599934933e-04 to 2.2531520599935033e-04 seconds.
Warning: Simulation tolerance relaxed to achieve convergence from 2.2531520599940638e-04 to 2.2531520599940739e-04 seconds.
Warning: Simulation tolerance relaxed to achieve convergence from 2.2531520599944842e-04 to 2.2531520599944943e-04 seconds.
Warning: Simulation tolerance relaxed to achieve convergence from 2.2531520599944943e-04 to 2.2531520599945043e-04 seconds.
Warning: Simulation tolerance relaxed to achieve convergence from 2.2531520599945645e-04 to 2.2531520599945745e-04 seconds.
Warning: Simulation tolerance relaxed to achieve convergence from 2.2531520599946447e-04 to 2.2531520599946547e-04 seconds.
Warning: Simulation tolerance relaxed to achieve convergence from 2.2531520655416548e-04 to 2.2531520655416648e-04 seconds.
Warning: Simulation tolerance relaxed to achieve convergence from 2.2531521027782062e-04 to 2.2531521027782162e-04 seconds.
Warning: Simulation tolerance relaxed to achieve convergence from 2.2531521448429767e-04 to 2.2531521448429867e-04 seconds.
Warning: Simulation tolerance relaxed to achieve convergence from 2.2531521743497659e-04 to 2.2531521743497760e-04 seconds.
Warning: Simulation tolerance relaxed to achieve convergence from 2.2531521743498462e-04 to 2.2531521743498562e-04 seconds.
Warning: Simulation tolerance relaxed to achieve convergence from 2.2531521743498562e-04 to 2.2531521743498662e-04 seconds.
Warning: Simulation tolerance relaxed to achieve convergence from 2.2531521814860464e-04 to 2.2531521814860565e-04 seconds.
Warning: Simulation tolerance relaxed to achieve convergence from 2.2531521814861066e-04 to 2.2531521814861166e-04 seconds.
Warning: Simulation tolerance relaxed to achieve convergence from 2.2531521877166462e-04 to 2.2531521877166563e-04 seconds.
Warning: Simulation tolerance relaxed to achieve convergence from 2.2531521877166563e-04 to 2.2531521877166663e-04 seconds.
Warning: Simulation tolerance relaxed to achieve convergence from 2.2531522006448968e-04 to 2.2531522006449069e-04 seconds.
Warning: Simulation tolerance relaxed to achieve convergence from 2.2531522006449069e-04 to 2.2531522006449169e-04 seconds.
Warning: Simulation tolerance relaxed to achieve convergence from 2.2531522006478974e-04 to 2.2531522006479074e-04 seconds.
Warning: Simulation tolerance relaxed to achieve convergence from 2.2531522006479074e-04 to 2.2531522006479174e-04 seconds.
Warning: Simulation tolerance relaxed to achieve convergence from 2.2531522006561077e-04 to 2.2531522006561178e-04 seconds.
Warning: Simulation tolerance relaxed to achieve convergence from 2.2531522006613580e-04 to 2.2531522006613680e-04 seconds.
Warning: Simulation tolerance relaxed to achieve convergence from 2.2531522006617987e-04 to 2.2531522006618087e-04 seconds.
Warning: Simulation tolerance relaxed to achieve convergence from 2.3288043749887126e-04 to 2.3288043749887226e-04 seconds.
Warning: Simulation tolerance relaxed to achieve convergence from 2.3288043752921043e-04 to 2.3288043752921144e-04 seconds.
Warning: Simulation tolerance relaxed to achieve convergence from 2.3288043752921144e-04 to 2.3288043752921244e-04 seconds.
Warning: Simulation tolerance relaxed to achieve convergence from 2.3288043752921244e-04 to 2.3288043752921344e-04 seconds.
Warning: Simulation tolerance relaxed to achieve convergence from 2.3288043752921846e-04 to 2.3288043752921946e-04 seconds.
Warning: Simulation tolerance relaxed to achieve convergence from 2.3288043756549952e-04 to 2.3288043756550052e-04 seconds.
Warning: Simulation tolerance relaxed to achieve convergence from 2.3288043756552156e-04 to 2.3288043756552256e-04 seconds.
Warning: Simulation tolerance relaxed to achieve convergence from 2.3288043757778367e-04 to 2.3288043757778467e-04 seconds.
Warning: Simulation tolerance relaxed to achieve convergence from 2.3288043757779069e-04 to 2.3288043757779169e-04 seconds.
Warning: Simulation tolerance relaxed to achieve convergence from 2.3288043759086771e-04 to 2.3288043759086871e-04 seconds.
Warning: Simulation tolerance relaxed to achieve convergence from 2.3288043843261775e-04 to 2.3288043843261875e-04 seconds.
Warning: Simulation tolerance relaxed to achieve convergence from 2.3288043843280379e-04 to 2.3288043843280480e-04 seconds.
Warning: Simulation tolerance relaxed to achieve convergence from 2.3288043843317993e-04 to 2.3288043843318093e-04 seconds.
Warning: Simulation tolerance relaxed to achieve convergence from 2.3288043843318795e-04 to 2.3288043843318896e-04 seconds.
Warning: Simulation tolerance relaxed to achieve convergence from 2.3288043843319798e-04 to 2.3288043843319899e-04 seconds.
Warning: Simulation tolerance relaxed to achieve convergence from 2.3288043843388409e-04 to 2.3288043843388510e-04 seconds.
Warning: Simulation tolerance relaxed to achieve convergence from 2.3288043843388510e-04 to 2.3288043843388610e-04 seconds.
Warning: Simulation tolerance relaxed to achieve convergence from 2.3288043843388610e-04 to 2.3288043843388710e-04 seconds.
Warning: Simulation tolerance relaxed to achieve convergence from 2.3288044361170903e-04 to 2.3288044361171004e-04 seconds.
Warning: Simulation tolerance relaxed to achieve convergence from 2.3288044377842992e-04 to 2.3288044377843092e-04 seconds.
Warning: Simulation tolerance relaxed to achieve convergence from 2.3288044759802403e-04 to 2.3288044759802503e-04 seconds.
Warning: Simulation tolerance relaxed to achieve convergence from 2.3288044759802704e-04 to 2.3288044759802804e-04 seconds.
Warning: Simulation tolerance relaxed to achieve convergence from 2.3288044781872709e-04 to 2.3288044781872810e-04 seconds.
Warning: Simulation tolerance relaxed to achieve convergence from 2.3288044781894914e-04 to 2.3288044781895014e-04 seconds.
Warning: Simulation tolerance relaxed to achieve convergence from 2.3288044781904016e-04 to 2.3288044781904116e-04 seconds.
Warning: Simulation tolerance relaxed to achieve convergence from 2.3288510840935607e-04 to 2.3288510840935707e-04 seconds.
Warning: Simulation tolerance relaxed to achieve convergence from 2.3288510840935707e-04 to 2.3288510840935807e-04 seconds.
Warning: Simulation tolerance relaxed to achieve convergence from 2.3288511208270982e-04 to 2.3288511208271082e-04 seconds.
Warning: Simulation tolerance relaxed to achieve convergence from 2.3288511336197779e-04 to 2.3288511336197880e-04 seconds.
Warning: Simulation tolerance relaxed to achieve convergence from 2.3288511336198782e-04 to 2.3288511336198883e-04 seconds.
Warning: Simulation tolerance relaxed to achieve convergence from 2.3288511344030590e-04 to 2.3288511344030690e-04 seconds.
Warning: Simulation tolerance relaxed to achieve convergence from 2.3288511344030891e-04 to 2.3288511344030991e-04 seconds.
Warning: Simulation tolerance relaxed to achieve convergence from 2.3288511344031593e-04 to 2.3288511344031693e-04 seconds.
Warning: Simulation tolerance relaxed to achieve convergence from 2.3288511344064198e-04 to 2.3288511344064298e-04 seconds.
Warning: Simulation tolerance relaxed to achieve convergence from 2.3288511344064900e-04 to 2.3288511344065000e-04 seconds.
Warning: Simulation tolerance relaxed to achieve convergence from 2.3288512844699970e-04 to 2.3288512844700071e-04 seconds.
Warning: Simulation tolerance relaxed to achieve convergence from 2.3288512844704478e-04 to 2.3288512844704578e-04 seconds.
Warning: Simulation tolerance relaxed to achieve convergence from 2.3288513424128882e-04 to 2.3288513424128983e-04 seconds.
Warning: Simulation tolerance relaxed to achieve convergence from 2.3288513431227580e-04 to 2.3288513431227680e-04 seconds.
Warning: Simulation tolerance relaxed to achieve convergence from 2.3288513431227680e-04 to 2.3288513431227780e-04 seconds.
Warning: Simulation tolerance relaxed to achieve convergence from 2.3288513564960687e-04 to 2.3288513564960787e-04 seconds.
Warning: Simulation tolerance relaxed to achieve convergence from 2.3288513564960887e-04 to 2.3288513564960988e-04 seconds.
Warning: Simulation tolerance relaxed to achieve convergence from 2.3288513564961088e-04 to 2.3288513564961188e-04 seconds.
Warning: Simulation tolerance relaxed to achieve convergence from 2.3288513564961389e-04 to 2.3288513564961489e-04 seconds.
Warning: Simulation tolerance relaxed to achieve convergence from 2.3288515605777280e-04 to 2.3288515605777380e-04 seconds.
Warning: Simulation tolerance relaxed to achieve convergence from 2.3288515605777581e-04 to 2.3288515605777681e-04 seconds.
Warning: Simulation tolerance relaxed to achieve convergence from 2.3288515605777782e-04 to 2.3288515605777882e-04 seconds.
Warning: Simulation tolerance relaxed to achieve convergence from 2.3288515606556775e-04 to 2.3288515606556876e-04 seconds.
Warning: Simulation tolerance relaxed to achieve convergence from 2.3288515744249584e-04 to 2.3288515744249684e-04 seconds.
Warning: Simulation tolerance relaxed to achieve convergence from 2.3288515744249885e-04 to 2.3288515744249985e-04 seconds.
Warning: Simulation tolerance relaxed to achieve convergence from 2.3288515744250988e-04 to 2.3288515744251088e-04 seconds.
Warning: Simulation tolerance relaxed to achieve convergence from 2.3288515744251189e-04 to 2.3288515744251289e-04 seconds.
Warning: Simulation tolerance relaxed to achieve convergence from 2.3288515744712389e-04 to 2.3288515744712489e-04 seconds.
Warning: Simulation tolerance relaxed to achieve convergence from 2.3288515744712489e-04 to 2.3288515744712590e-04 seconds.
Warning: Simulation tolerance relaxed to achieve convergence from 2.3288515751156185e-04 to 2.3288515751156285e-04 seconds.
Warning: Simulation tolerance relaxed to achieve convergence from 2.3288515751156887e-04 to 2.3288515751156987e-04 seconds.
Warning: Simulation tolerance relaxed to achieve convergence from 2.3288515751164289e-04 to 2.3288515751164390e-04 seconds.
Warning: Simulation tolerance relaxed to achieve convergence from 2.3288516275175595e-04 to 2.3288516275175695e-04 seconds.
Warning: Simulation tolerance relaxed to achieve convergence from 2.3288516278459397e-04 to 2.3288516278459497e-04 seconds.
Warning: Simulation tolerance relaxed to achieve convergence from 2.3288516400745001e-04 to 2.3288516400745102e-04 seconds.
Warning: Simulation tolerance relaxed to achieve convergence from 2.3288516400747007e-04 to 2.3288516400747107e-04 seconds.
Warning: Simulation tolerance relaxed to achieve convergence from 2.3288516561557006e-04 to 2.3288516561557107e-04 seconds.
Warning: Simulation tolerance relaxed to achieve convergence from 2.3288516561557608e-04 to 2.3288516561557708e-04 seconds.
Warning: Simulation tolerance relaxed to achieve convergence from 2.3288516561670514e-04 to 2.3288516561670614e-04 seconds.
Warning: Simulation tolerance relaxed to achieve convergence from 2.3288516561672216e-04 to 2.3288516561672317e-04 seconds.
Warning: Simulation tolerance relaxed to achieve convergence from 2.3288516561733720e-04 to 2.3288516561733821e-04 seconds.
Warning: Simulation tolerance relaxed to achieve convergence from 2.3288516562003427e-04 to 2.3288516562003527e-04 seconds.
Warning: Simulation tolerance relaxed to achieve convergence from 2.3288516562003828e-04 to 2.3288516562003928e-04 seconds.
Warning: Simulation tolerance relaxed to achieve convergence from 2.3288516562004329e-04 to 2.3288516562004429e-04 seconds.
Warning: Simulation tolerance relaxed to achieve convergence from 2.3288516562004429e-04 to 2.3288516562004530e-04 seconds.
Warning: Simulation tolerance relaxed to achieve convergence from 2.3288516562004730e-04 to 2.3288516562004831e-04 seconds.
Warning: Simulation tolerance relaxed to achieve convergence from 2.3288518822284733e-04 to 2.3288518822284834e-04 seconds.
Warning: Simulation tolerance relaxed to achieve convergence from 2.3288518859752630e-04 to 2.3288518859752730e-04 seconds.
Warning: Simulation tolerance relaxed to achieve convergence from 2.3288519118274935e-04 to 2.3288519118275035e-04 seconds.
Warning: Simulation tolerance relaxed to achieve convergence from 2.3288519118275035e-04 to 2.3288519118275136e-04 seconds.
Warning: Simulation tolerance relaxed to achieve convergence from 2.3288519118275136e-04 to 2.3288519118275236e-04 seconds.
Warning: Simulation tolerance relaxed to achieve convergence from 2.3288519125246436e-04 to 2.3288519125246537e-04 seconds.
Warning: Simulation tolerance relaxed to achieve convergence from 2.3288519125299866e-04 to 2.3288519125299966e-04 seconds.
Warning: Simulation tolerance relaxed to achieve convergence from 2.3288520471047454e-04 to 2.3288520471047554e-04 seconds.
Warning: Simulation tolerance relaxed to achieve convergence from 2.3288520471585454e-04 to 2.3288520471585555e-04 seconds.
Warning: Simulation tolerance relaxed to achieve convergence from 2.3288520471614657e-04 to 2.3288520471614758e-04 seconds.
Warning: Simulation tolerance relaxed to achieve convergence from 2.3288520471635065e-04 to 2.3288520471635165e-04 seconds.
Warning: Simulation tolerance relaxed to achieve convergence from 2.3288520471650867e-04 to 2.3288520471650967e-04 seconds.
Warning: Simulation tolerance relaxed to achieve convergence from 2.3288520475951970e-04 to 2.3288520475952070e-04 seconds.
Warning: Simulation tolerance relaxed to achieve convergence from 2.3288520475953672e-04 to 2.3288520475953773e-04 seconds.
Warning: Simulation tolerance relaxed to achieve convergence from 2.3288525849484833e-04 to 2.3288525849484934e-04 seconds.
Warning: Simulation tolerance relaxed to achieve convergence from 2.3288526266122621e-04 to 2.3288526266122722e-04 seconds.
Warning: Simulation tolerance relaxed to achieve convergence from 2.3288526322329925e-04 to 2.3288526322330026e-04 seconds.
Warning: Simulation tolerance relaxed to achieve convergence from 2.3288526323908331e-04 to 2.3288526323908432e-04 seconds.
Warning: Simulation tolerance relaxed to achieve convergence from 2.3288526403360751e-04 to 2.3288526403360851e-04 seconds.
Warning: Simulation tolerance relaxed to achieve convergence from 2.3288526403362556e-04 to 2.3288526403362656e-04 seconds.
Warning: Simulation tolerance relaxed to achieve convergence from 2.3288526403365760e-04 to 2.3288526403365860e-04 seconds.
Warning: Simulation tolerance relaxed to achieve convergence from 2.3288526403474866e-04 to 2.3288526403474966e-04 seconds.
Warning: Simulation tolerance relaxed to achieve convergence from 2.3288526403475568e-04 to 2.3288526403475668e-04 seconds.
Warning: Simulation tolerance relaxed to achieve convergence from 2.3288526403488470e-04 to 2.3288526403488570e-04 seconds.
Warning: Simulation tolerance relaxed to achieve convergence from 2.3288526403494075e-04 to 2.3288526403494176e-04 seconds.
Warning: Simulation tolerance relaxed to achieve convergence from 2.3288526403502882e-04 to 2.3288526403502982e-04 seconds.
Warning: Simulation tolerance relaxed to achieve convergence from 2.3288526403503885e-04 to 2.3288526403503985e-04 seconds.
Warning: Simulation tolerance relaxed to achieve convergence from 2.3288526423813284e-04 to 2.3288526423813385e-04 seconds.
Warning: Simulation tolerance relaxed to achieve convergence from 2.3288527705074777e-04 to 2.3288527705074877e-04 seconds.
Warning: Simulation tolerance relaxed to achieve convergence from 2.3288527705122680e-04 to 2.3288527705122780e-04 seconds.
Warning: Simulation tolerance relaxed to achieve convergence from 2.3288527705140583e-04 to 2.3288527705140683e-04 seconds.
Warning: Simulation tolerance relaxed to achieve convergence from 2.3288527705142288e-04 to 2.3288527705142388e-04 seconds.
Warning: Simulation tolerance relaxed to achieve convergence from 2.3288527705142388e-04 to 2.3288527705142488e-04 seconds.
Warning: Simulation tolerance relaxed to achieve convergence from 2.3288527705145890e-04 to 2.3288527705145990e-04 seconds.
Warning: Simulation tolerance relaxed to achieve convergence from 2.3288527706179690e-04 to 2.3288527706179791e-04 seconds.
Warning: Simulation tolerance relaxed to achieve convergence from 2.3288527706180392e-04 to 2.3288527706180493e-04 seconds.
Warning: Simulation tolerance relaxed to achieve convergence from 2.3288527706180493e-04 to 2.3288527706180593e-04 seconds.
Warning: Simulation tolerance relaxed to achieve convergence from 2.3288527706180593e-04 to 2.3288527706180693e-04 seconds.
Warning: Simulation tolerance relaxed to achieve convergence from 2.3288527714010999e-04 to 2.3288527714011099e-04 seconds.
Warning: Simulation tolerance relaxed to achieve convergence from 2.3288527714371209e-04 to 2.3288527714371309e-04 seconds.
Warning: Simulation tolerance relaxed to achieve convergence from 2.3288527714371309e-04 to 2.3288527714371410e-04 seconds.
Warning: Simulation tolerance relaxed to achieve convergence from 2.3288527714382916e-04 to 2.3288527714383016e-04 seconds.
Warning: Simulation tolerance relaxed to achieve convergence from 2.3288527714388123e-04 to 2.3288527714388223e-04 seconds.
Warning: Simulation tolerance relaxed to achieve convergence from 2.3288527714417824e-04 to 2.3288527714417925e-04 seconds.
Warning: Simulation tolerance relaxed to achieve convergence from 2.3288527795804122e-04 to 2.3288527795804222e-04 seconds.
Warning: Simulation tolerance relaxed to achieve convergence from 2.3288527795804824e-04 to 2.3288527795804924e-04 seconds.
Warning: Simulation tolerance relaxed to achieve convergence from 2.3288527795805225e-04 to 2.3288527795805325e-04 seconds.
Warning: Simulation tolerance relaxed to achieve convergence from 2.3288527847242131e-04 to 2.3288527847242232e-04 seconds.
Warning: Simulation tolerance relaxed to achieve convergence from 2.3288527852160731e-04 to 2.3288527852160831e-04 seconds.
Warning: Simulation tolerance relaxed to achieve convergence from 2.3288527852163339e-04 to 2.3288527852163439e-04 seconds.
Warning: Simulation tolerance relaxed to achieve convergence from 2.3288527855467759e-04 to 2.3288527855467859e-04 seconds.
Warning: Simulation tolerance relaxed to achieve convergence from 2.3288527865776763e-04 to 2.3288527865776863e-04 seconds.
Warning: Simulation tolerance relaxed to achieve convergence from 2.3288527865777465e-04 to 2.3288527865777565e-04 seconds.
Warning: Simulation tolerance relaxed to achieve convergence from 2.3288528474338466e-04 to 2.3288528474338567e-04 seconds.
Warning: Simulation tolerance relaxed to achieve convergence from 2.3288528730283260e-04 to 2.3288528730283360e-04 seconds.
Warning: Simulation tolerance relaxed to achieve convergence from 2.3288528730286469e-04 to 2.3288528730286569e-04 seconds.
Warning: Simulation tolerance relaxed to achieve convergence from 2.3288528730288572e-04 to 2.3288528730288673e-04 seconds.
Warning: Simulation tolerance relaxed to achieve convergence from 2.3288528730288873e-04 to 2.3288528730288973e-04 seconds.
Warning: Simulation tolerance relaxed to achieve convergence from 2.3288528731768682e-04 to 2.3288528731768782e-04 seconds.
Warning: Simulation tolerance relaxed to achieve convergence from 2.3288528778933883e-04 to 2.3288528778933983e-04 seconds.
Warning: Simulation tolerance relaxed to achieve convergence from 2.3288528779038785e-04 to 2.3288528779038885e-04 seconds.
Warning: Simulation tolerance relaxed to achieve convergence from 2.3288528804487292e-04 to 2.3288528804487393e-04 seconds.
Warning: Simulation tolerance relaxed to achieve convergence from 2.3288528804487393e-04 to 2.3288528804487493e-04 seconds.
Warning: Simulation tolerance relaxed to achieve convergence from 2.3288528805278104e-04 to 2.3288528805278204e-04 seconds.
Warning: Simulation tolerance relaxed to achieve convergence from 2.3288528805281609e-04 to 2.3288528805281709e-04 seconds.
Warning: Simulation tolerance relaxed to achieve convergence from 2.3288528805281910e-04 to 2.3288528805282010e-04 seconds.
Warning: Simulation tolerance relaxed to achieve convergence from 2.3288528843332120e-04 to 2.3288528843332221e-04 seconds.
Warning: Simulation tolerance relaxed to achieve convergence from 2.3288528843519530e-04 to 2.3288528843519630e-04 seconds.
Warning: Simulation tolerance relaxed to achieve convergence from 2.3288528843523433e-04 to 2.3288528843523534e-04 seconds.
Warning: Simulation tolerance relaxed to achieve convergence from 2.3288528877443538e-04 to 2.3288528877443639e-04 seconds.
Warning: Simulation tolerance relaxed to achieve convergence from 2.3288528877445645e-04 to 2.3288528877445745e-04 seconds.
Warning: Simulation tolerance relaxed to achieve convergence from 2.3288528975527056e-04 to 2.3288528975527157e-04 seconds.
Warning: Simulation tolerance relaxed to achieve convergence from 2.3288528975539262e-04 to 2.3288528975539362e-04 seconds.
Warning: Simulation tolerance relaxed to achieve convergence from 2.3288528975586265e-04 to 2.3288528975586365e-04 seconds.
Warning: Simulation tolerance relaxed to achieve convergence from 2.3288529846114466e-04 to 2.3288529846114567e-04 seconds.
Warning: Simulation tolerance relaxed to achieve convergence from 2.3288529999177876e-04 to 2.3288529999177977e-04 seconds.
Warning: Simulation tolerance relaxed to achieve convergence from 2.3288529999177977e-04 to 2.3288529999178077e-04 seconds.
Warning: Simulation tolerance relaxed to achieve convergence from 2.3288530132740485e-04 to 2.3288530132740585e-04 seconds.
Warning: Simulation tolerance relaxed to achieve convergence from 2.3288530132741788e-04 to 2.3288530132741889e-04 seconds.
Warning: Simulation tolerance relaxed to achieve convergence from 2.3288531007840713e-04 to 2.3288531007840813e-04 seconds.
Warning: Simulation tolerance relaxed to achieve convergence from 2.3288531007841415e-04 to 2.3288531007841515e-04 seconds.
Warning: Simulation tolerance relaxed to achieve convergence from 2.3288531007842117e-04 to 2.3288531007842217e-04 seconds.
Warning: Simulation tolerance relaxed to achieve convergence from 2.3288531007844922e-04 to 2.3288531007845022e-04 seconds.
Warning: Simulation tolerance relaxed to achieve convergence from 2.3288531008875825e-04 to 2.3288531008875925e-04 seconds.
Warning: Simulation tolerance relaxed to achieve convergence from 2.3288531016339931e-04 to 2.3288531016340031e-04 seconds.
Warning: Simulation tolerance relaxed to achieve convergence from 2.3288531019819838e-04 to 2.3288531019819938e-04 seconds.
Warning: Simulation tolerance relaxed to achieve convergence from 2.3288531019820038e-04 to 2.3288531019820138e-04 seconds.
Warning: Simulation tolerance relaxed to achieve convergence from 2.3288531019820138e-04 to 2.3288531019820239e-04 seconds.
Warning: Simulation tolerance relaxed to achieve convergence from 2.3288531136117732e-04 to 2.3288531136117833e-04 seconds.
Warning: Simulation tolerance relaxed to achieve convergence from 2.3288531136123536e-04 to 2.3288531136123636e-04 seconds.
Warning: Simulation tolerance relaxed to achieve convergence from 2.3288531811076544e-04 to 2.3288531811076644e-04 seconds.
Warning: Simulation tolerance relaxed to achieve convergence from 2.3288531811079750e-04 to 2.3288531811079850e-04 seconds.
Warning: Simulation tolerance relaxed to achieve convergence from 2.3288533157370648e-04 to 2.3288533157370749e-04 seconds.
Warning: Simulation tolerance relaxed to achieve convergence from 2.3288533157370949e-04 to 2.3288533157371050e-04 seconds.
Warning: Simulation tolerance relaxed to achieve convergence from 2.3288533157876258e-04 to 2.3288533157876358e-04 seconds.
Warning: Simulation tolerance relaxed to achieve convergence from 2.3288533398080653e-04 to 2.3288533398080753e-04 seconds.
Warning: Simulation tolerance relaxed to achieve convergence from 2.3288533686359155e-04 to 2.3288533686359255e-04 seconds.
Warning: Simulation tolerance relaxed to achieve convergence from 2.3288533686360860e-04 to 2.3288533686360960e-04 seconds.
Warning: Simulation tolerance relaxed to achieve convergence from 2.3288533686360960e-04 to 2.3288533686361060e-04 seconds.
Warning: Simulation tolerance relaxed to achieve convergence from 2.3288533686363766e-04 to 2.3288533686363866e-04 seconds.
Warning: Simulation tolerance relaxed to achieve convergence from 2.3288533686366370e-04 to 2.3288533686366471e-04 seconds.
Warning: Simulation tolerance relaxed to achieve convergence from 2.3288533686366471e-04 to 2.3288533686366571e-04 seconds.
Warning: Simulation tolerance relaxed to achieve convergence from 2.3288537061683968e-04 to 2.3288537061684069e-04 seconds.
Warning: Simulation tolerance relaxed to achieve convergence from 2.3288537710186539e-04 to 2.3288537710186639e-04 seconds.
Warning: Simulation tolerance relaxed to achieve convergence from 2.3288537710186639e-04 to 2.3288537710186740e-04 seconds.
Warning: Simulation tolerance relaxed to achieve convergence from 2.3288537710186840e-04 to 2.3288537710186940e-04 seconds.
Warning: Simulation tolerance relaxed to achieve convergence from 2.3288541983117043e-04 to 2.3288541983117143e-04 seconds.
Warning: Simulation tolerance relaxed to achieve convergence from 2.3288542015061244e-04 to 2.3288542015061344e-04 seconds.
Warning: Simulation tolerance relaxed to achieve convergence from 2.3288542015061344e-04 to 2.3288542015061444e-04 seconds.
Warning: Simulation tolerance relaxed to achieve convergence from 2.3288544452560554e-04 to 2.3288544452560654e-04 seconds.
Warning: Simulation tolerance relaxed to achieve convergence from 2.3288544463416152e-04 to 2.3288544463416253e-04 seconds.
Warning: Simulation tolerance relaxed to achieve convergence from 2.3288544485542754e-04 to 2.3288544485542854e-04 seconds.
Warning: Simulation tolerance relaxed to achieve convergence from 2.3288544485545358e-04 to 2.3288544485545459e-04 seconds.
Warning: Simulation tolerance relaxed to achieve convergence from 2.3288544487660455e-04 to 2.3288544487660556e-04 seconds.
Warning: Simulation tolerance relaxed to achieve convergence from 2.3288544487660856e-04 to 2.3288544487660957e-04 seconds.
Warning: Simulation tolerance relaxed to achieve convergence from 2.3288544487660957e-04 to 2.3288544487661057e-04 seconds.
Warning: Simulation tolerance relaxed to achieve convergence from 2.3288561856030839e-04 to 2.3288561856030940e-04 seconds.
Warning: Simulation tolerance relaxed to achieve convergence from 2.3288562143584541e-04 to 2.3288562143584642e-04 seconds.
Warning: Simulation tolerance relaxed to achieve convergence from 2.3288562143593643e-04 to 2.3288562143593744e-04 seconds.
Warning: Simulation tolerance relaxed to achieve convergence from 2.3288562143594345e-04 to 2.3288562143594446e-04 seconds.
Warning: Simulation tolerance relaxed to achieve convergence from 2.3288562143594446e-04 to 2.3288562143594546e-04 seconds.
Warning: Simulation tolerance relaxed to achieve convergence from 2.3288562184942545e-04 to 2.3288562184942645e-04 seconds.
Warning: Simulation tolerance relaxed to achieve convergence from 2.3288562184960851e-04 to 2.3288562184960952e-04 seconds.
Warning: Simulation tolerance relaxed to achieve convergence from 2.3288562185560461e-04 to 2.3288562185560561e-04 seconds.
Warning: Simulation tolerance relaxed to achieve convergence from 2.3288562185561163e-04 to 2.3288562185561263e-04 seconds.
Warning: Simulation tolerance relaxed to achieve convergence from 2.3288562185561263e-04 to 2.3288562185561364e-04 seconds.
Warning: Simulation tolerance relaxed to achieve convergence from 2.3288562185564671e-04 to 2.3288562185564771e-04 seconds.
Warning: Simulation tolerance relaxed to achieve convergence from 2.4036766086164577e-04 to 2.4036766086164678e-04 seconds.
Warning: Simulation tolerance relaxed to achieve convergence from 2.4036788343166122e-04 to 2.4036788343166223e-04 seconds.
Warning: Simulation tolerance relaxed to achieve convergence from 2.4036800268615975e-04 to 2.4036800268616076e-04 seconds.
Warning: Simulation tolerance relaxed to achieve convergence from 2.4036800268616276e-04 to 2.4036800268616376e-04 seconds.
Warning: Simulation tolerance relaxed to achieve convergence from 2.4036800359355690e-04 to 2.4036800359355791e-04 seconds.
Warning: Simulation tolerance relaxed to achieve convergence from 2.4036800359355791e-04 to 2.4036800359355891e-04 seconds.
Warning: Simulation tolerance relaxed to achieve convergence from 2.4036800359355891e-04 to 2.4036800359355991e-04 seconds.
Warning: Simulation tolerance relaxed to achieve convergence from 2.4036800359356091e-04 to 2.4036800359356192e-04 seconds.
Warning: Simulation tolerance relaxed to achieve convergence from 2.4036800359356894e-04 to 2.4036800359356994e-04 seconds.
Warning: Simulation tolerance relaxed to achieve convergence from 2.4036800359357195e-04 to 2.4036800359357295e-04 seconds.
Warning: Simulation tolerance relaxed to achieve convergence from 2.4036800359357395e-04 to 2.4036800359357495e-04 seconds.
Warning: Simulation tolerance relaxed to achieve convergence from 2.4036800359357596e-04 to 2.4036800359357696e-04 seconds.
Warning: Simulation tolerance relaxed to achieve convergence from 2.4036800359357897e-04 to 2.4036800359357997e-04 seconds.
Warning: Simulation tolerance relaxed to achieve convergence from 2.4036800385764901e-04 to 2.4036800385765001e-04 seconds.
Warning: Simulation tolerance relaxed to achieve convergence from 2.4036800385773005e-04 to 2.4036800385773106e-04 seconds.
Warning: Simulation tolerance relaxed to achieve convergence from 2.4036800385777212e-04 to 2.4036800385777312e-04 seconds.
Warning: Simulation tolerance relaxed to achieve convergence from 2.4036802303249000e-04 to 2.4036802303249101e-04 seconds.
Warning: Simulation tolerance relaxed to achieve convergence from 2.4036802310611999e-04 to 2.4036802310612099e-04 seconds.
Warning: Simulation tolerance relaxed to achieve convergence from 2.4036802311800805e-04 to 2.4036802311800905e-04 seconds.
Warning: Simulation tolerance relaxed to achieve convergence from 2.4036802582657208e-04 to 2.4036802582657308e-04 seconds.
Warning: Simulation tolerance relaxed to achieve convergence from 2.4036802582660816e-04 to 2.4036802582660916e-04 seconds.
Warning: Simulation tolerance relaxed to achieve convergence from 2.4036802582663022e-04 to 2.4036802582663123e-04 seconds.
Warning: Simulation tolerance relaxed to achieve convergence from 2.4036802629988924e-04 to 2.4036802629989024e-04 seconds.
Warning: Simulation tolerance relaxed to achieve convergence from 2.4036802629990529e-04 to 2.4036802629990629e-04 seconds.
Warning: Simulation tolerance relaxed to achieve convergence from 2.4036802629990629e-04 to 2.4036802629990729e-04 seconds.
Warning: Simulation tolerance relaxed to achieve convergence from 2.4036802642272843e-04 to 2.4036802642272943e-04 seconds.
Warning: Simulation tolerance relaxed to achieve convergence from 2.4036802642279245e-04 to 2.4036802642279345e-04 seconds.
Warning: Simulation tolerance relaxed to achieve convergence from 2.4036802642289650e-04 to 2.4036802642289751e-04 seconds.
Warning: Simulation tolerance relaxed to achieve convergence from 2.4036802642289951e-04 to 2.4036802642290052e-04 seconds.
Warning: Simulation tolerance relaxed to achieve convergence from 2.4036802642292659e-04 to 2.4036802642292759e-04 seconds.
Warning: Simulation tolerance relaxed to achieve convergence from 2.4036802642294361e-04 to 2.4036802642294462e-04 seconds.
Warning: Simulation tolerance relaxed to achieve convergence from 2.4036802690216263e-04 to 2.4036802690216363e-04 seconds.
Warning: Simulation tolerance relaxed to achieve convergence from 2.4036802690216363e-04 to 2.4036802690216463e-04 seconds.
Warning: Simulation tolerance relaxed to achieve convergence from 2.4036802690230970e-04 to 2.4036802690231070e-04 seconds.
Warning: Simulation tolerance relaxed to achieve convergence from 2.4036802690231070e-04 to 2.4036802690231170e-04 seconds.
Warning: Simulation tolerance relaxed to achieve convergence from 2.4036802690231170e-04 to 2.4036802690231271e-04 seconds.
Warning: Simulation tolerance relaxed to achieve convergence from 2.4036802690231271e-04 to 2.4036802690231371e-04 seconds.
Warning: Simulation tolerance relaxed to achieve convergence from 2.4036802690231371e-04 to 2.4036802690231471e-04 seconds.
Warning: Simulation tolerance relaxed to achieve convergence from 2.4036802690231471e-04 to 2.4036802690231572e-04 seconds.
Warning: Simulation tolerance relaxed to achieve convergence from 2.4036802690231572e-04 to 2.4036802690231672e-04 seconds.
Warning: Simulation tolerance relaxed to achieve convergence from 2.4036802690231672e-04 to 2.4036802690231772e-04 seconds.
Warning: Simulation tolerance relaxed to achieve convergence from 2.4036802690231772e-04 to 2.4036802690231872e-04 seconds.
Warning: Simulation tolerance relaxed to achieve convergence from 2.4036802690231872e-04 to 2.4036802690231973e-04 seconds.
Warning: Simulation tolerance relaxed to achieve convergence from 2.4036802690231973e-04 to 2.4036802690232073e-04 seconds.
Warning: Simulation tolerance relaxed to achieve convergence from 2.4036802690232073e-04 to 2.4036802690232173e-04 seconds.
Warning: Simulation tolerance relaxed to achieve convergence from 2.4036802690232173e-04 to 2.4036802690232274e-04 seconds.
Warning: Simulation tolerance relaxed to achieve convergence from 2.4036802756355986e-04 to 2.4036802756356086e-04 seconds.
Warning: Simulation tolerance relaxed to achieve convergence from 2.4036803516494881e-04 to 2.4036803516494981e-04 seconds.
Warning: Simulation tolerance relaxed to achieve convergence from 2.4036803516495583e-04 to 2.4036803516495683e-04 seconds.
Warning: Simulation tolerance relaxed to achieve convergence from 2.4036803516529288e-04 to 2.4036803516529388e-04 seconds.
Warning: Simulation tolerance relaxed to achieve convergence from 2.4036804313252731e-04 to 2.4036804313252831e-04 seconds.
Warning: Simulation tolerance relaxed to achieve convergence from 2.4036804313254737e-04 to 2.4036804313254837e-04 seconds.
Warning: Simulation tolerance relaxed to achieve convergence from 2.4036804395063038e-04 to 2.4036804395063138e-04 seconds.
Warning: Simulation tolerance relaxed to achieve convergence from 2.4036804395063740e-04 to 2.4036804395063840e-04 seconds.
Warning: Simulation tolerance relaxed to achieve convergence from 2.4036804395064442e-04 to 2.4036804395064542e-04 seconds.
Warning: Simulation tolerance relaxed to achieve convergence from 2.4036804395138043e-04 to 2.4036804395138143e-04 seconds.
Warning: Simulation tolerance relaxed to achieve convergence from 2.4036804395184859e-04 to 2.4036804395184959e-04 seconds.
Warning: Simulation tolerance relaxed to achieve convergence from 2.4036804395204366e-04 to 2.4036804395204467e-04 seconds.
Warning: Simulation tolerance relaxed to achieve convergence from 2.4036804395206172e-04 to 2.4036804395206272e-04 seconds.
Warning: Simulation tolerance relaxed to achieve convergence from 2.4036804401141471e-04 to 2.4036804401141571e-04 seconds.
Warning: Simulation tolerance relaxed to achieve convergence from 2.4036804401142574e-04 to 2.4036804401142675e-04 seconds.
Warning: Simulation tolerance relaxed to achieve convergence from 2.4036804401148976e-04 to 2.4036804401149077e-04 seconds.
Warning: Simulation tolerance relaxed to achieve convergence from 2.4036804401149779e-04 to 2.4036804401149879e-04 seconds.
Warning: Simulation tolerance relaxed to achieve convergence from 2.4036804401151280e-04 to 2.4036804401151381e-04 seconds.
Warning: Simulation tolerance relaxed to achieve convergence from 2.4036804644178683e-04 to 2.4036804644178783e-04 seconds.
Warning: Simulation tolerance relaxed to achieve convergence from 2.4036804644178783e-04 to 2.4036804644178884e-04 seconds.
Warning: Simulation tolerance relaxed to achieve convergence from 2.4036804709521271e-04 to 2.4036804709521371e-04 seconds.
Warning: Simulation tolerance relaxed to achieve convergence from 2.4036804709556280e-04 to 2.4036804709556380e-04 seconds.
Warning: Simulation tolerance relaxed to achieve convergence from 2.4036804716806991e-04 to 2.4036804716807091e-04 seconds.
Warning: Simulation tolerance relaxed to achieve convergence from 2.4036804717037489e-04 to 2.4036804717037590e-04 seconds.
Warning: Simulation tolerance relaxed to achieve convergence from 2.4036804717038191e-04 to 2.4036804717038292e-04 seconds.
Warning: Simulation tolerance relaxed to achieve convergence from 2.4036804717039094e-04 to 2.4036804717039194e-04 seconds.
Warning: Simulation tolerance relaxed to achieve convergence from 2.4036804718563994e-04 to 2.4036804718564095e-04 seconds.
Warning: Simulation tolerance relaxed to achieve convergence from 2.4036805810574209e-04 to 2.4036805810574309e-04 seconds.
Warning: Simulation tolerance relaxed to achieve convergence from 2.4036805811232832e-04 to 2.4036805811232932e-04 seconds.
Warning: Simulation tolerance relaxed to achieve convergence from 2.4036805811233534e-04 to 2.4036805811233634e-04 seconds.
Warning: Simulation tolerance relaxed to achieve convergence from 2.4036805811235239e-04 to 2.4036805811235339e-04 seconds.
Warning: Simulation tolerance relaxed to achieve convergence from 2.4036805811235339e-04 to 2.4036805811235439e-04 seconds.
Warning: Simulation tolerance relaxed to achieve convergence from 2.4036805811236041e-04 to 2.4036805811236141e-04 seconds.
Warning: Simulation tolerance relaxed to achieve convergence from 2.4036805811236843e-04 to 2.4036805811236944e-04 seconds.
Warning: Simulation tolerance relaxed to achieve convergence from 2.4036805811237044e-04 to 2.4036805811237144e-04 seconds.
Warning: Simulation tolerance relaxed to achieve convergence from 2.4036805811241047e-04 to 2.4036805811241148e-04 seconds.
Warning: Simulation tolerance relaxed to achieve convergence from 2.4036805811282851e-04 to 2.4036805811282952e-04 seconds.
Warning: Simulation tolerance relaxed to achieve convergence from 2.4036805902811456e-04 to 2.4036805902811557e-04 seconds.
Warning: Simulation tolerance relaxed to achieve convergence from 2.4036806437451052e-04 to 2.4036806437451153e-04 seconds.
Warning: Simulation tolerance relaxed to achieve convergence from 2.4036806438687054e-04 to 2.4036806438687154e-04 seconds.
Warning: Simulation tolerance relaxed to achieve convergence from 2.4036806459263552e-04 to 2.4036806459263652e-04 seconds.
Warning: Simulation tolerance relaxed to achieve convergence from 2.4036806459263953e-04 to 2.4036806459264054e-04 seconds.
Warning: Simulation tolerance relaxed to achieve convergence from 2.4036806459265558e-04 to 2.4036806459265658e-04 seconds.
Warning: Simulation tolerance relaxed to achieve convergence from 2.4036806498552456e-04 to 2.4036806498552556e-04 seconds.
Warning: Simulation tolerance relaxed to achieve convergence from 2.4036806498555060e-04 to 2.4036806498555161e-04 seconds.
Warning: Simulation tolerance relaxed to achieve convergence from 2.4036806536807751e-04 to 2.4036806536807852e-04 seconds.
Warning: Simulation tolerance relaxed to achieve convergence from 2.4036810110952443e-04 to 2.4036810110952543e-04 seconds.
Warning: Simulation tolerance relaxed to achieve convergence from 2.4036810110954847e-04 to 2.4036810110954947e-04 seconds.
Warning: Simulation tolerance relaxed to achieve convergence from 2.4036810366483445e-04 to 2.4036810366483545e-04 seconds.
Warning: Simulation tolerance relaxed to achieve convergence from 2.4036810366483846e-04 to 2.4036810366483946e-04 seconds.
Warning: Simulation tolerance relaxed to achieve convergence from 2.4036810862433029e-04 to 2.4036810862433129e-04 seconds.
Warning: Simulation tolerance relaxed to achieve convergence from 2.4036811005289730e-04 to 2.4036811005289830e-04 seconds.
Warning: Simulation tolerance relaxed to achieve convergence from 2.4036811005290031e-04 to 2.4036811005290131e-04 seconds.
Warning: Simulation tolerance relaxed to achieve convergence from 2.4036811005315038e-04 to 2.4036811005315138e-04 seconds.
Warning: Simulation tolerance relaxed to achieve convergence from 2.4036811010901747e-04 to 2.4036811010901847e-04 seconds.
Warning: Simulation tolerance relaxed to achieve convergence from 2.4036811010925152e-04 to 2.4036811010925253e-04 seconds.
Warning: Simulation tolerance relaxed to achieve convergence from 2.4036811010926654e-04 to 2.4036811010926754e-04 seconds.
Warning: Simulation tolerance relaxed to achieve convergence from 2.4036811010926955e-04 to 2.4036811010927055e-04 seconds.
Warning: Simulation tolerance relaxed to achieve convergence from 2.4036811010928557e-04 to 2.4036811010928657e-04 seconds.
Warning: Simulation tolerance relaxed to achieve convergence from 2.4036811010932858e-04 to 2.4036811010932959e-04 seconds.
Warning: Simulation tolerance relaxed to achieve convergence from 2.4036811010972367e-04 to 2.4036811010972467e-04 seconds.
Warning: Simulation tolerance relaxed to achieve convergence from 2.4036811087078675e-04 to 2.4036811087078776e-04 seconds.
Warning: Simulation tolerance relaxed to achieve convergence from 2.4036811087612379e-04 to 2.4036811087612480e-04 seconds.
Warning: Simulation tolerance relaxed to achieve convergence from 2.4036811088842174e-04 to 2.4036811088842274e-04 seconds.
Warning: Simulation tolerance relaxed to achieve convergence from 2.4036811100387287e-04 to 2.4036811100387387e-04 seconds.
Warning: Simulation tolerance relaxed to achieve convergence from 2.4036811104490282e-04 to 2.4036811104490382e-04 seconds.
Warning: Simulation tolerance relaxed to achieve convergence from 2.4036811104757890e-04 to 2.4036811104757990e-04 seconds.
Warning: Simulation tolerance relaxed to achieve convergence from 2.4036811104772291e-04 to 2.4036811104772391e-04 seconds.
Warning: Simulation tolerance relaxed to achieve convergence from 2.4036811138104393e-04 to 2.4036811138104493e-04 seconds.
Warning: Simulation tolerance relaxed to achieve convergence from 2.4036811138104794e-04 to 2.4036811138104894e-04 seconds.
Warning: Simulation tolerance relaxed to achieve convergence from 2.4036811138365517e-04 to 2.4036811138365618e-04 seconds.
Warning: Simulation tolerance relaxed to achieve convergence from 2.4036811162769019e-04 to 2.4036811162769119e-04 seconds.
Warning: Simulation tolerance relaxed to achieve convergence from 2.4036811182355324e-04 to 2.4036811182355424e-04 seconds.
Warning: Simulation tolerance relaxed to achieve convergence from 2.4036811182402731e-04 to 2.4036811182402831e-04 seconds.
Warning: Simulation tolerance relaxed to achieve convergence from 2.4036811182405034e-04 to 2.4036811182405135e-04 seconds.
Warning: Simulation tolerance relaxed to achieve convergence from 2.4036812348745458e-04 to 2.4036812348745559e-04 seconds.
Warning: Simulation tolerance relaxed to achieve convergence from 2.4036812359064149e-04 to 2.4036812359064249e-04 seconds.
Warning: Simulation tolerance relaxed to achieve convergence from 2.4036814847827059e-04 to 2.4036814847827159e-04 seconds.
Warning: Simulation tolerance relaxed to achieve convergence from 2.4036815215631291e-04 to 2.4036815215631392e-04 seconds.
Warning: Simulation tolerance relaxed to achieve convergence from 2.4036815215635194e-04 to 2.4036815215635295e-04 seconds.
Warning: Simulation tolerance relaxed to achieve convergence from 2.4036815215635696e-04 to 2.4036815215635796e-04 seconds.
Warning: Simulation tolerance relaxed to achieve convergence from 2.4036815215636498e-04 to 2.4036815215636598e-04 seconds.
Warning: Simulation tolerance relaxed to achieve convergence from 2.4036815215637200e-04 to 2.4036815215637300e-04 seconds.
Warning: Simulation tolerance relaxed to achieve convergence from 2.4036815215638404e-04 to 2.4036815215638504e-04 seconds.
Warning: Simulation tolerance relaxed to achieve convergence from 2.4036817581003802e-04 to 2.4036817581003903e-04 seconds.
Warning: Simulation tolerance relaxed to achieve convergence from 2.4036817581007405e-04 to 2.4036817581007505e-04 seconds.
Warning: Simulation tolerance relaxed to achieve convergence from 2.4036817581007806e-04 to 2.4036817581007906e-04 seconds.
Warning: Simulation tolerance relaxed to achieve convergence from 2.4036817581007906e-04 to 2.4036817581008006e-04 seconds.
Warning: Simulation tolerance relaxed to achieve convergence from 2.4036817581008107e-04 to 2.4036817581008207e-04 seconds.
Warning: Simulation tolerance relaxed to achieve convergence from 2.4036817581008407e-04 to 2.4036817581008508e-04 seconds.
Warning: Simulation tolerance relaxed to achieve convergence from 2.4036817581008708e-04 to 2.4036817581008809e-04 seconds.
Warning: Simulation tolerance relaxed to achieve convergence from 2.4036819538101513e-04 to 2.4036819538101613e-04 seconds.
Warning: Simulation tolerance relaxed to achieve convergence from 2.4787257229120119e-04 to 2.4787257229120217e-04 seconds.
Warning: Simulation tolerance relaxed to achieve convergence from 2.4787258415077457e-04 to 2.4787258415077555e-04 seconds.
Warning: Simulation tolerance relaxed to achieve convergence from 2.4787258415514955e-04 to 2.4787258415515052e-04 seconds.
Warning: Simulation tolerance relaxed to achieve convergence from 2.4787258415519953e-04 to 2.4787258415520050e-04 seconds.
Warning: Simulation tolerance relaxed to achieve convergence from 2.4787258415520251e-04 to 2.4787258415520349e-04 seconds.
Warning: Simulation tolerance relaxed to achieve convergence from 2.4787258415545757e-04 to 2.4787258415545854e-04 seconds.
Warning: Simulation tolerance relaxed to achieve convergence from 2.4787258467526041e-04 to 2.4787258467526139e-04 seconds.
Warning: Simulation tolerance relaxed to achieve convergence from 2.4787258531611551e-04 to 2.4787258531611649e-04 seconds.
Warning: Simulation tolerance relaxed to achieve convergence from 2.4787258555504038e-04 to 2.4787258555504136e-04 seconds.
Warning: Simulation tolerance relaxed to achieve convergence from 2.4787258734302816e-04 to 2.4787258734302914e-04 seconds.
Warning: Simulation tolerance relaxed to achieve convergence from 2.4787258734303109e-04 to 2.4787258734303207e-04 seconds.
Warning: Simulation tolerance relaxed to achieve convergence from 2.4787258735968601e-04 to 2.4787258735968698e-04 seconds.
Warning: Simulation tolerance relaxed to achieve convergence from 2.4787258746568791e-04 to 2.4787258746568889e-04 seconds.
Warning: Simulation tolerance relaxed to achieve convergence from 2.4787258746568889e-04 to 2.4787258746568986e-04 seconds.
Warning: Simulation tolerance relaxed to achieve convergence from 2.4787258746570391e-04 to 2.4787258746570488e-04 seconds.
Warning: Simulation tolerance relaxed to achieve convergence from 2.4787259377148955e-04 to 2.4787259377149053e-04 seconds.
Warning: Simulation tolerance relaxed to achieve convergence from 2.4787259647139338e-04 to 2.4787259647139436e-04 seconds.
Warning: Simulation tolerance relaxed to achieve convergence from 2.4787259667385925e-04 to 2.4787259667386022e-04 seconds.
Warning: Simulation tolerance relaxed to achieve convergence from 2.4787259667386624e-04 to 2.4787259667386722e-04 seconds.
Warning: Simulation tolerance relaxed to achieve convergence from 2.4787259667386922e-04 to 2.4787259667387020e-04 seconds.
Warning: Simulation tolerance relaxed to achieve convergence from 2.4787259667387220e-04 to 2.4787259667387318e-04 seconds.
Warning: Simulation tolerance relaxed to achieve convergence from 2.4787259667387817e-04 to 2.4787259667387914e-04 seconds.
Warning: Simulation tolerance relaxed to achieve convergence from 2.4787261338413748e-04 to 2.4787261338413846e-04 seconds.
Warning: Simulation tolerance relaxed to achieve convergence from 2.4787261351952029e-04 to 2.4787261351952127e-04 seconds.
Warning: Simulation tolerance relaxed to achieve convergence from 2.5535098429018462e-04 to 2.5535098429018560e-04 seconds.
Warning: Simulation tolerance relaxed to achieve convergence from 2.5535098643142835e-04 to 2.5535098643142932e-04 seconds.
Warning: Simulation tolerance relaxed to achieve convergence from 2.5535098643142932e-04 to 2.5535098643143030e-04 seconds.
Warning: Simulation tolerance relaxed to achieve convergence from 2.5535098643143030e-04 to 2.5535098643143128e-04 seconds.
Warning: Simulation tolerance relaxed to achieve convergence from 2.5535098643143621e-04 to 2.5535098643143718e-04 seconds.
Warning: Simulation tolerance relaxed to achieve convergence from 2.5535098661425519e-04 to 2.5535098661425617e-04 seconds.
Warning: Simulation tolerance relaxed to achieve convergence from 2.5535098702366213e-04 to 2.5535098702366311e-04 seconds.
Warning: Simulation tolerance relaxed to achieve convergence from 2.5535098702366311e-04 to 2.5535098702366408e-04 seconds.
Warning: Simulation tolerance relaxed to achieve convergence from 2.5535098703571699e-04 to 2.5535098703571797e-04 seconds.
Warning: Simulation tolerance relaxed to achieve convergence from 2.5535098703573299e-04 to 2.5535098703573396e-04 seconds.
Warning: Simulation tolerance relaxed to achieve convergence from 2.5535098703573597e-04 to 2.5535098703573694e-04 seconds.
Warning: Simulation tolerance relaxed to achieve convergence from 2.5535098703573992e-04 to 2.5535098703574090e-04 seconds.
Warning: Simulation tolerance relaxed to achieve convergence from 2.5535098703575380e-04 to 2.5535098703575478e-04 seconds.
Warning: Simulation tolerance relaxed to achieve convergence from 2.5535098703575478e-04 to 2.5535098703575575e-04 seconds.
Warning: Simulation tolerance relaxed to achieve convergence from 2.5535098703575575e-04 to 2.5535098703575673e-04 seconds.
Warning: Simulation tolerance relaxed to achieve convergence from 2.5535098703575868e-04 to 2.5535098703575966e-04 seconds.
Warning: Simulation tolerance relaxed to achieve convergence from 2.5535098703575966e-04 to 2.5535098703576063e-04 seconds.
Warning: Simulation tolerance relaxed to achieve convergence from 2.5535098703579760e-04 to 2.5535098703579858e-04 seconds.
Warning: Simulation tolerance relaxed to achieve convergence from 2.5535098703580850e-04 to 2.5535098703580948e-04 seconds.
Warning: Simulation tolerance relaxed to achieve convergence from 2.5535098705282158e-04 to 2.5535098705282256e-04 seconds.
Warning: Simulation tolerance relaxed to achieve convergence from 2.5535098717937655e-04 to 2.5535098717937752e-04 seconds.
Warning: Simulation tolerance relaxed to achieve convergence from 2.5535098768952148e-04 to 2.5535098768952245e-04 seconds.
Warning: Simulation tolerance relaxed to achieve convergence from 2.5535098841839721e-04 to 2.5535098841839818e-04 seconds.
Warning: Simulation tolerance relaxed to achieve convergence from 2.5535098841839818e-04 to 2.5535098841839916e-04 seconds.
Warning: Simulation tolerance relaxed to achieve convergence from 2.5535098860696794e-04 to 2.5535098860696891e-04 seconds.
Warning: Simulation tolerance relaxed to achieve convergence from 2.5535098860698295e-04 to 2.5535098860698393e-04 seconds.
Warning: Simulation tolerance relaxed to achieve convergence from 2.5535099681156325e-04 to 2.5535099681156423e-04 seconds.
Warning: Simulation tolerance relaxed to achieve convergence from 2.5535099681156623e-04 to 2.5535099681156721e-04 seconds.
Warning: Simulation tolerance relaxed to achieve convergence from 2.5535099693906217e-04 to 2.5535099693906315e-04 seconds.
Warning: Simulation tolerance relaxed to achieve convergence from 2.5535099761500119e-04 to 2.5535099761500216e-04 seconds.
Warning: Simulation tolerance relaxed to achieve convergence from 2.5535099761507914e-04 to 2.5535099761508012e-04 seconds.
Warning: Simulation tolerance relaxed to achieve convergence from 2.5535099875196628e-04 to 2.5535099875196725e-04 seconds.
Warning: Simulation tolerance relaxed to achieve convergence from 2.5535099875196926e-04 to 2.5535099875197023e-04 seconds.
Warning: Simulation tolerance relaxed to achieve convergence from 2.5535100331789990e-04 to 2.5535100331790087e-04 seconds.
Warning: Simulation tolerance relaxed to achieve convergence from 2.5535100331793383e-04 to 2.5535100331793481e-04 seconds.
Warning: Simulation tolerance relaxed to achieve convergence from 2.5535100331793682e-04 to 2.5535100331793779e-04 seconds.
Warning: Simulation tolerance relaxed to achieve convergence from 2.5535100784226960e-04 to 2.5535100784227058e-04 seconds.
Warning: Simulation tolerance relaxed to achieve convergence from 2.5535100784739354e-04 to 2.5535100784739452e-04 seconds.
Warning: Simulation tolerance relaxed to achieve convergence from 2.5535101101968746e-04 to 2.5535101101968843e-04 seconds.
Warning: Simulation tolerance relaxed to achieve convergence from 2.5535103380302832e-04 to 2.5535103380302929e-04 seconds.
Warning: Simulation tolerance relaxed to achieve convergence from 2.5535103380303531e-04 to 2.5535103380303629e-04 seconds.
Warning: Simulation tolerance relaxed to achieve convergence from 2.5535103380304230e-04 to 2.5535103380304328e-04 seconds.
Warning: Simulation tolerance relaxed to achieve convergence from 2.5535103397722909e-04 to 2.5535103397723006e-04 seconds.
Warning: Simulation tolerance relaxed to achieve convergence from 2.5535103402510496e-04 to 2.5535103402510594e-04 seconds.
Warning: Simulation tolerance relaxed to achieve convergence from 2.5535103402575602e-04 to 2.5535103402575700e-04 seconds.
Warning: Simulation tolerance relaxed to achieve convergence from 2.5535103446648800e-04 to 2.5535103446648898e-04 seconds.
Warning: Simulation tolerance relaxed to achieve convergence from 2.5535103450299694e-04 to 2.5535103450299791e-04 seconds.
Warning: Simulation tolerance relaxed to achieve convergence from 2.5535103450333098e-04 to 2.5535103450333196e-04 seconds.
Warning: Simulation tolerance relaxed to achieve convergence from 2.5535103450334594e-04 to 2.5535103450334692e-04 seconds.
Warning: Simulation tolerance relaxed to achieve convergence from 2.5535103450335787e-04 to 2.5535103450335884e-04 seconds.
Warning: Simulation tolerance relaxed to achieve convergence from 2.5535103518050615e-04 to 2.5535103518050712e-04 seconds.
Warning: Simulation tolerance relaxed to achieve convergence from 2.5535103518069214e-04 to 2.5535103518069312e-04 seconds.
Warning: Simulation tolerance relaxed to achieve convergence from 2.5535103806655399e-04 to 2.5535103806655497e-04 seconds.
Warning: Simulation tolerance relaxed to achieve convergence from 2.5535103806658094e-04 to 2.5535103806658191e-04 seconds.
Warning: Simulation tolerance relaxed to achieve convergence from 2.5535103806658793e-04 to 2.5535103806658890e-04 seconds.
Warning: Simulation tolerance relaxed to achieve convergence from 2.5535171887131666e-04 to 2.5535171887131763e-04 seconds.
Warning: Simulation tolerance relaxed to achieve convergence from 2.5535171907566025e-04 to 2.5535171907566123e-04 seconds.
Warning: Simulation tolerance relaxed to achieve convergence from 2.5535171907566318e-04 to 2.5535171907566415e-04 seconds.
Warning: Simulation tolerance relaxed to achieve convergence from 2.5535171907566513e-04 to 2.5535171907566611e-04 seconds.
Warning: Simulation tolerance relaxed to achieve convergence from 2.5535173132232048e-04 to 2.5535173132232146e-04 seconds.
Warning: Simulation tolerance relaxed to achieve convergence from 2.6288072214650341e-04 to 2.6288072214650438e-04 seconds.
Warning: Simulation tolerance relaxed to achieve convergence from 2.6288072214651040e-04 to 2.6288072214651138e-04 seconds.
Warning: Simulation tolerance relaxed to achieve convergence from 2.6288072432433917e-04 to 2.6288072432434015e-04 seconds.
Warning: Simulation tolerance relaxed to achieve convergence from 2.6288072435408816e-04 to 2.6288072435408914e-04 seconds.
Warning: Simulation tolerance relaxed to achieve convergence from 2.6288072435408914e-04 to 2.6288072435409011e-04 seconds.
Warning: Simulation tolerance relaxed to achieve convergence from 2.6288072447099703e-04 to 2.6288072447099801e-04 seconds.
Warning: Simulation tolerance relaxed to achieve convergence from 2.6288072447100196e-04 to 2.6288072447100294e-04 seconds.
Warning: Simulation tolerance relaxed to achieve convergence from 2.6288072466495890e-04 to 2.6288072466495988e-04 seconds.
Warning: Simulation tolerance relaxed to achieve convergence from 2.6288072553697984e-04 to 2.6288072553698081e-04 seconds.
Warning: Simulation tolerance relaxed to achieve convergence from 2.6288072553736581e-04 to 2.6288072553736679e-04 seconds.
Warning: Simulation tolerance relaxed to achieve convergence from 2.6288074762974349e-04 to 2.6288074762974447e-04 seconds.
Warning: Simulation tolerance relaxed to achieve convergence from 2.6288076469225028e-04 to 2.6288076469225126e-04 seconds.
Warning: Simulation tolerance relaxed to achieve convergence from 2.6288076469226524e-04 to 2.6288076469226622e-04 seconds.
Warning: Simulation tolerance relaxed to achieve convergence from 2.6288144869226793e-04 to 2.6288144869226891e-04 seconds.
Warning: Simulation tolerance relaxed to achieve convergence from 2.6288144869234794e-04 to 2.6288144869234892e-04 seconds.
Warning: Simulation tolerance relaxed to achieve convergence from 2.6288144869236589e-04 to 2.6288144869236686e-04 seconds.
Warning: Simulation tolerance relaxed to achieve convergence from 2.6288145206342393e-04 to 2.6288145206342491e-04 seconds.
Warning: Simulation tolerance relaxed to achieve convergence from 2.6288145206342491e-04 to 2.6288145206342588e-04 seconds.
Warning: Simulation tolerance relaxed to achieve convergence from 2.6288145206342588e-04 to 2.6288145206342686e-04 seconds.
Warning: Simulation tolerance relaxed to achieve convergence from 2.6288145559262983e-04 to 2.6288145559263081e-04 seconds.
Warning: Simulation tolerance relaxed to achieve convergence from 2.6288145559380679e-04 to 2.6288145559380776e-04 seconds.
Warning: Simulation tolerance relaxed to achieve convergence from 2.6288145559381671e-04 to 2.6288145559381768e-04 seconds.
Warning: Simulation tolerance relaxed to achieve convergence from 2.6288145559387363e-04 to 2.6288145559387460e-04 seconds.
Warning: Simulation tolerance relaxed to achieve convergence from 2.6288145559390951e-04 to 2.6288145559391049e-04 seconds.
Warning: Simulation tolerance relaxed to achieve convergence from 2.6288145682813757e-04 to 2.6288145682813854e-04 seconds.
Warning: Simulation tolerance relaxed to achieve convergence from 2.6288145682825661e-04 to 2.6288145682825759e-04 seconds.
Warning: Simulation tolerance relaxed to achieve convergence from 2.6288147146914364e-04 to 2.6288147146914461e-04 seconds.
Warning: Simulation tolerance relaxed to achieve convergence from 2.6288147149970963e-04 to 2.6288147149971061e-04 seconds.
Warning: Simulation tolerance relaxed to achieve convergence from 2.6288147222409855e-04 to 2.6288147222409952e-04 seconds.
Warning: Simulation tolerance relaxed to achieve convergence from 2.6288147222547158e-04 to 2.6288147222547256e-04 seconds.
Warning: Simulation tolerance relaxed to achieve convergence from 2.6288147222592250e-04 to 2.6288147222592348e-04 seconds.
Warning: Simulation tolerance relaxed to achieve convergence from 2.6288147222597850e-04 to 2.6288147222597948e-04 seconds.
Warning: Simulation tolerance relaxed to achieve convergence from 2.6288148864473309e-04 to 2.6288148864473407e-04 seconds.
Warning: Simulation tolerance relaxed to achieve convergence from 2.6288148864476394e-04 to 2.6288148864476492e-04 seconds.
Warning: Simulation tolerance relaxed to achieve convergence from 2.6288148867742775e-04 to 2.6288148867742873e-04 seconds.
Warning: Simulation tolerance relaxed to achieve convergence from 2.6288149667602070e-04 to 2.6288149667602167e-04 seconds.
Warning: Simulation tolerance relaxed to achieve convergence from 2.7033271819132778e-04 to 2.7033271819132875e-04 seconds.
Warning: Simulation tolerance relaxed to achieve convergence from 2.7033271819626274e-04 to 2.7033271819626372e-04 seconds.
Warning: Simulation tolerance relaxed to achieve convergence from 2.7033271820079178e-04 to 2.7033271820079276e-04 seconds.
Warning: Simulation tolerance relaxed to achieve convergence from 2.7033271820079276e-04 to 2.7033271820079373e-04 seconds.
Warning: Simulation tolerance relaxed to achieve convergence from 2.7033271820109086e-04 to 2.7033271820109183e-04 seconds.
Warning: Simulation tolerance relaxed to achieve convergence from 2.7033271820109281e-04 to 2.7033271820109378e-04 seconds.
Warning: Simulation tolerance relaxed to achieve convergence from 2.7033271820135876e-04 to 2.7033271820135974e-04 seconds.
Warning: Simulation tolerance relaxed to achieve convergence from 2.7033271820135974e-04 to 2.7033271820136071e-04 seconds.
Warning: Simulation tolerance relaxed to achieve convergence from 2.7033271820242654e-04 to 2.7033271820242752e-04 seconds.
Warning: Simulation tolerance relaxed to achieve convergence from 2.7033271820244752e-04 to 2.7033271820244849e-04 seconds.
Warning: Simulation tolerance relaxed to achieve convergence from 2.7033271820244849e-04 to 2.7033271820244947e-04 seconds.
Warning: Simulation tolerance relaxed to achieve convergence from 2.7033272014215232e-04 to 2.7033272014215329e-04 seconds.
Warning: Simulation tolerance relaxed to achieve convergence from 2.7033272014215627e-04 to 2.7033272014215725e-04 seconds.
Warning: Simulation tolerance relaxed to achieve convergence from 2.7033272014216018e-04 to 2.7033272014216115e-04 seconds.
Warning: Simulation tolerance relaxed to achieve convergence from 2.7033272014219314e-04 to 2.7033272014219411e-04 seconds.
Warning: Simulation tolerance relaxed to achieve convergence from 2.7033272014222409e-04 to 2.7033272014222507e-04 seconds.
Warning: Simulation tolerance relaxed to achieve convergence from 2.7033272014224008e-04 to 2.7033272014224106e-04 seconds.
Warning: Simulation tolerance relaxed to achieve convergence from 2.7033272014227109e-04 to 2.7033272014227207e-04 seconds.
Warning: Simulation tolerance relaxed to achieve convergence from 2.7033272014228502e-04 to 2.7033272014228600e-04 seconds.
Warning: Simulation tolerance relaxed to achieve convergence from 2.7033272014251596e-04 to 2.7033272014251693e-04 seconds.
Warning: Simulation tolerance relaxed to achieve convergence from 2.7365558911696841e-04 to 2.7365558911696938e-04 seconds.
Warning: Simulation tolerance relaxed to achieve convergence from 2.7365574413916346e-04 to 2.7365574413916444e-04 seconds.
Warning: Simulation tolerance relaxed to achieve convergence from 2.7365574413918537e-04 to 2.7365574413918634e-04 seconds.
Warning: Simulation tolerance relaxed to achieve convergence from 2.7365574413918932e-04 to 2.7365574413919030e-04 seconds.
Warning: Simulation tolerance relaxed to achieve convergence from 2.9286598176079702e-04 to 2.9286598176079799e-04 seconds.
Warning: Simulation tolerance relaxed to achieve convergence from 2.9286598231434180e-04 to 2.9286598231434278e-04 seconds.
Warning: Simulation tolerance relaxed to achieve convergence from 2.9286647328588289e-04 to 2.9286647328588387e-04 seconds.
Warning: Simulation tolerance relaxed to achieve convergence from 2.9286647328631988e-04 to 2.9286647328632086e-04 seconds.
Warning: Simulation tolerance relaxed to achieve convergence from 2.9286647403326986e-04 to 2.9286647403327083e-04 seconds.
Warning: Simulation tolerance relaxed to achieve convergence from 2.9286647403336787e-04 to 2.9286647403336884e-04 seconds.
Warning: Simulation tolerance relaxed to achieve convergence from 2.9286647403355993e-04 to 2.9286647403356091e-04 seconds.
Warning: Simulation tolerance relaxed to achieve convergence from 2.9286647403356584e-04 to 2.9286647403356682e-04 seconds.
Warning: Simulation tolerance relaxed to achieve convergence from 2.9286647403356682e-04 to 2.9286647403356779e-04 seconds.
Warning: Simulation tolerance relaxed to achieve convergence from 2.9286647403357978e-04 to 2.9286647403358075e-04 seconds.
Warning: Simulation tolerance relaxed to achieve convergence from 2.9286647403358568e-04 to 2.9286647403358666e-04 seconds.
Warning: Simulation tolerance relaxed to achieve convergence from 2.9286647424064352e-04 to 2.9286647424064450e-04 seconds.
Warning: Simulation tolerance relaxed to achieve convergence from 2.9286649593543651e-04 to 2.9286649593543749e-04 seconds.
Warning: Simulation tolerance relaxed to achieve convergence from 2.9286649593553257e-04 to 2.9286649593553355e-04 seconds.
Warning: Simulation tolerance relaxed to achieve convergence from 2.9286649602746853e-04 to 2.9286649602746950e-04 seconds.
Warning: Simulation tolerance relaxed to achieve convergence from 2.9286649602759554e-04 to 2.9286649602759652e-04 seconds.
Warning: Simulation tolerance relaxed to achieve convergence from 2.9286649602773557e-04 to 2.9286649602773654e-04 seconds.
Warning: Simulation tolerance relaxed to achieve convergence from 2.9286649602774256e-04 to 2.9286649602774354e-04 seconds.
Warning: Simulation tolerance relaxed to achieve convergence from 2.9286649602774955e-04 to 2.9286649602775053e-04 seconds.
Warning: Simulation tolerance relaxed to achieve convergence from 2.9286650941482214e-04 to 2.9286650941482312e-04 seconds.
Warning: Simulation tolerance relaxed to achieve convergence from 2.9286650941485505e-04 to 2.9286650941485603e-04 seconds.
Warning: Simulation tolerance relaxed to achieve convergence from 2.9286650941489007e-04 to 2.9286650941489105e-04 seconds.
Warning: Simulation tolerance relaxed to achieve convergence from 2.9286652002610407e-04 to 2.9286652002610505e-04 seconds.
Warning: Simulation tolerance relaxed to achieve convergence from 2.9286656807966087e-04 to 2.9286656807966184e-04 seconds.
Warning: Simulation tolerance relaxed to achieve convergence from 2.9286656809317187e-04 to 2.9286656809317284e-04 seconds.
Warning: Simulation tolerance relaxed to achieve convergence from 2.9286656830517578e-04 to 2.9286656830517676e-04 seconds.
Warning: Simulation tolerance relaxed to achieve convergence from 2.9286656830517676e-04 to 2.9286656830517774e-04 seconds.
Warning: Simulation tolerance relaxed to achieve convergence from 2.9286656830546077e-04 to 2.9286656830546174e-04 seconds.
Warning: Simulation tolerance relaxed to achieve convergence from 2.9286657070279841e-04 to 2.9286657070279939e-04 seconds.
Warning: Simulation tolerance relaxed to achieve convergence from 2.9286657072391732e-04 to 2.9286657072391829e-04 seconds.
Warning: Simulation tolerance relaxed to achieve convergence from 2.9286657072392030e-04 to 2.9286657072392127e-04 seconds.
Warning: Simulation tolerance relaxed to achieve convergence from 2.9286657072396226e-04 to 2.9286657072396323e-04 seconds.
Warning: Simulation tolerance relaxed to achieve convergence from 2.9286657072397120e-04 to 2.9286657072397218e-04 seconds.
Warning: Simulation tolerance relaxed to achieve convergence from 2.9286657072397218e-04 to 2.9286657072397315e-04 seconds.
Warning: Simulation tolerance relaxed to achieve convergence from 2.9286657178450508e-04 to 2.9286657178450605e-04 seconds.
Warning: Simulation tolerance relaxed to achieve convergence from 2.9286657178451202e-04 to 2.9286657178451299e-04 seconds.
Warning: Simulation tolerance relaxed to achieve convergence from 2.9286657325743894e-04 to 2.9286657325743991e-04 seconds.
Warning: Simulation tolerance relaxed to achieve convergence from 2.9286657325744089e-04 to 2.9286657325744187e-04 seconds.
Warning: Simulation tolerance relaxed to achieve convergence from 3.0038712687883111e-04 to 3.0038712687883209e-04 seconds.
Warning: Simulation tolerance relaxed to achieve convergence from 3.0038712689546820e-04 to 3.0038712689546917e-04 seconds.
Warning: Simulation tolerance relaxed to achieve convergence from 3.0038712689546917e-04 to 3.0038712689547015e-04 seconds.
Warning: Simulation tolerance relaxed to achieve convergence from 3.0038712983901817e-04 to 3.0038712983901914e-04 seconds.
Warning: Simulation tolerance relaxed to achieve convergence from 3.0038712983904815e-04 to 3.0038712983904912e-04 seconds.
Warning: Simulation tolerance relaxed to achieve convergence from 3.0038772924488778e-04 to 3.0038772924488875e-04 seconds.
Warning: Simulation tolerance relaxed to achieve convergence from 3.0038772924498178e-04 to 3.0038772924498276e-04 seconds.
Warning: Simulation tolerance relaxed to achieve convergence from 3.0038772924498774e-04 to 3.0038772924498872e-04 seconds.
Warning: Simulation tolerance relaxed to achieve convergence from 3.0038782200712686e-04 to 3.0038782200712783e-04 seconds.
Warning: Simulation tolerance relaxed to achieve convergence from 3.1535606624710343e-04 to 3.1535606624710441e-04 seconds.
Warning: Simulation tolerance relaxed to achieve convergence from 3.1535606624711731e-04 to 3.1535606624711829e-04 seconds.
Warning: Simulation tolerance relaxed to achieve convergence from 3.1535606624712121e-04 to 3.1535606624712219e-04 seconds.
Warning: Simulation tolerance relaxed to achieve convergence from 3.1535616724340894e-04 to 3.1535616724340991e-04 seconds.
Warning: Simulation tolerance relaxed to achieve convergence from 3.1535616724356777e-04 to 3.1535616724356875e-04 seconds.
Warning: Simulation tolerance relaxed to achieve convergence from 3.1535616762245144e-04 to 3.1535616762245241e-04 seconds.
Warning: Simulation tolerance relaxed to achieve convergence from 3.1535616762254338e-04 to 3.1535616762254435e-04 seconds.
Warning: Simulation tolerance relaxed to achieve convergence from 3.1535617031307688e-04 to 3.1535617031307786e-04 seconds.
Warning: Simulation tolerance relaxed to achieve convergence from 3.1535617031321089e-04 to 3.1535617031321186e-04 seconds.
Warning: Simulation tolerance relaxed to achieve convergence from 3.1535617031322184e-04 to 3.1535617031322282e-04 seconds.
Warning: Simulation tolerance relaxed to achieve convergence from 3.1535617328704057e-04 to 3.1535617328704154e-04 seconds.
Warning: Simulation tolerance relaxed to achieve convergence from 3.1535617348059218e-04 to 3.1535617348059315e-04 seconds.
Warning: Simulation tolerance relaxed to achieve convergence from 3.1535617349671605e-04 to 3.1535617349671703e-04 seconds.
Warning: Simulation tolerance relaxed to achieve convergence from 3.1535621978323250e-04 to 3.1535621978323348e-04 seconds.
Warning: Simulation tolerance relaxed to achieve convergence from 3.1535621978323348e-04 to 3.1535621978323445e-04 seconds.
Warning: Simulation tolerance relaxed to achieve convergence from 3.1535622965641241e-04 to 3.1535622965641339e-04 seconds.
Warning: Simulation tolerance relaxed to achieve convergence from 3.1535622978815712e-04 to 3.1535622978815810e-04 seconds.
Warning: Simulation tolerance relaxed to achieve convergence from 3.1865836335195880e-04 to 3.1865836335195978e-04 seconds.
Warning: Simulation tolerance relaxed to achieve convergence from 3.2284233216991234e-04 to 3.2284233216991332e-04 seconds.
Warning: Simulation tolerance relaxed to achieve convergence from 3.2284233216992736e-04 to 3.2284233216992833e-04 seconds.
Warning: Simulation tolerance relaxed to achieve convergence from 3.2284233216993435e-04 to 3.2284233216993533e-04 seconds.
Warning: Simulation tolerance relaxed to achieve convergence from 3.2284233216994232e-04 to 3.2284233216994329e-04 seconds.
Warning: Simulation tolerance relaxed to achieve convergence from 3.2284233216995934e-04 to 3.2284233216996032e-04 seconds.
Warning: Simulation tolerance relaxed to achieve convergence from 3.2284233217246423e-04 to 3.2284233217246520e-04 seconds.
Warning: Simulation tolerance relaxed to achieve convergence from 3.2284233237826282e-04 to 3.2284233237826380e-04 seconds.
Warning: Simulation tolerance relaxed to achieve convergence from 3.2284233243388765e-04 to 3.2284233243388863e-04 seconds.
Warning: Simulation tolerance relaxed to achieve convergence from 3.2284238154005264e-04 to 3.2284238154005362e-04 seconds.
Warning: Simulation tolerance relaxed to achieve convergence from 3.2284240391911040e-04 to 3.2284240391911137e-04 seconds.
Warning: Simulation tolerance relaxed to achieve convergence from 3.2284240392061841e-04 to 3.2284240392061939e-04 seconds.
Warning: Simulation tolerance relaxed to achieve convergence from 3.2284281912751093e-04 to 3.2284281912751191e-04 seconds.
Warning: Simulation tolerance relaxed to achieve convergence from 3.2284281912751793e-04 to 3.2284281912751890e-04 seconds.
Warning: Simulation tolerance relaxed to achieve convergence from 3.2284281912753289e-04 to 3.2284281912753387e-04 seconds.
Warning: Simulation tolerance relaxed to achieve convergence from 3.2284281912754086e-04 to 3.2284281912754183e-04 seconds.
Warning: Simulation tolerance relaxed to achieve convergence from 3.2284281912754183e-04 to 3.2284281912754281e-04 seconds.
Warning: Simulation tolerance relaxed to achieve convergence from 3.2284282173253775e-04 to 3.2284282173253873e-04 seconds.
Warning: Simulation tolerance relaxed to achieve convergence from 3.2284282173254474e-04 to 3.2284282173254572e-04 seconds.
Warning: Simulation tolerance relaxed to achieve convergence from 3.2284289871769753e-04 to 3.2284289871769851e-04 seconds.
Warning: Simulation tolerance relaxed to achieve convergence from 3.2284289871777554e-04 to 3.2284289871777652e-04 seconds.
Warning: Simulation tolerance relaxed to achieve convergence from 3.2284289871777652e-04 to 3.2284289871777749e-04 seconds.
Warning: Simulation tolerance relaxed to achieve convergence from 3.2284289871778449e-04 to 3.2284289871778546e-04 seconds.
Warning: Simulation tolerance relaxed to achieve convergence from 3.2284289871778546e-04 to 3.2284289871778644e-04 seconds.
Warning: Simulation tolerance relaxed to achieve convergence from 3.2284289892074421e-04 to 3.2284289892074518e-04 seconds.
Warning: Simulation tolerance relaxed to achieve convergence from 3.2284292183598038e-04 to 3.2284292183598135e-04 seconds.
Warning: Simulation tolerance relaxed to achieve convergence from 3.2284292749264312e-04 to 3.2284292749264410e-04 seconds.
Warning: Simulation tolerance relaxed to achieve convergence from 3.2284292767621508e-04 to 3.2284292767621606e-04 seconds.
Warning: Simulation tolerance relaxed to achieve convergence from 3.2284292767621904e-04 to 3.2284292767622002e-04 seconds.
Warning: Simulation tolerance relaxed to achieve convergence from 3.2284292767637007e-04 to 3.2284292767637105e-04 seconds.
Warning: Simulation tolerance relaxed to achieve convergence from 3.2284292767637804e-04 to 3.2284292767637902e-04 seconds.
Warning: Simulation tolerance relaxed to achieve convergence from 3.2284292767648310e-04 to 3.2284292767648408e-04 seconds.
Warning: Simulation tolerance relaxed to achieve convergence from 3.2284292767654609e-04 to 3.2284292767654707e-04 seconds.
Warning: Simulation tolerance relaxed to achieve convergence from 3.2284292767659602e-04 to 3.2284292767659700e-04 seconds.
Warning: Simulation tolerance relaxed to achieve convergence from 3.2284292774535802e-04 to 3.2284292774535899e-04 seconds.
Warning: Simulation tolerance relaxed to achieve convergence from 3.2284292774536100e-04 to 3.2284292774536198e-04 seconds.
Warning: Simulation tolerance relaxed to achieve convergence from 3.2284292774545093e-04 to 3.2284292774545191e-04 seconds.
Warning: Simulation tolerance relaxed to achieve convergence from 3.2284292774545191e-04 to 3.2284292774545289e-04 seconds.
Warning: Simulation tolerance relaxed to achieve convergence from 3.2284293074703071e-04 to 3.2284293074703169e-04 seconds.
Warning: Simulation tolerance relaxed to achieve convergence from 3.2284293074731781e-04 to 3.2284293074731879e-04 seconds.
Warning: Simulation tolerance relaxed to achieve convergence from 3.2284293074733581e-04 to 3.2284293074733678e-04 seconds.
Warning: Simulation tolerance relaxed to achieve convergence from 3.2284293393271978e-04 to 3.2284293393272076e-04 seconds.
Warning: Simulation tolerance relaxed to achieve convergence from 3.2284293393281677e-04 to 3.2284293393281774e-04 seconds.
Warning: Simulation tolerance relaxed to achieve convergence from 3.2284294450569468e-04 to 3.2284294450569566e-04 seconds.
Warning: Simulation tolerance relaxed to achieve convergence from 3.2284294450571165e-04 to 3.2284294450571262e-04 seconds.
Warning: Simulation tolerance relaxed to achieve convergence from 3.2284294450941848e-04 to 3.2284294450941946e-04 seconds.
Warning: Simulation tolerance relaxed to achieve convergence from 3.2284294450945047e-04 to 3.2284294450945144e-04 seconds.
Warning: Simulation tolerance relaxed to achieve convergence from 3.2284294450945843e-04 to 3.2284294450945941e-04 seconds.
Warning: Simulation tolerance relaxed to achieve convergence from 3.2284294450946039e-04 to 3.2284294450946136e-04 seconds.
Warning: Simulation tolerance relaxed to achieve convergence from 3.2284294450946234e-04 to 3.2284294450946331e-04 seconds.
Warning: Simulation tolerance relaxed to achieve convergence from 3.2284294511148121e-04 to 3.2284294511148218e-04 seconds.
Warning: Simulation tolerance relaxed to achieve convergence from 3.2284294534300597e-04 to 3.2284294534300694e-04 seconds.
Warning: Simulation tolerance relaxed to achieve convergence from 3.2284294550988290e-04 to 3.2284294550988387e-04 seconds.
Warning: Simulation tolerance relaxed to achieve convergence from 3.2284294696726583e-04 to 3.2284294696726681e-04 seconds.
Warning: Simulation tolerance relaxed to achieve convergence from 3.2284295858637266e-04 to 3.2284295858637363e-04 seconds.
Warning: Simulation tolerance relaxed to achieve convergence from 3.2284295858638063e-04 to 3.2284295858638160e-04 seconds.
Warning: Simulation tolerance relaxed to achieve convergence from 3.2284296038853297e-04 to 3.2284296038853394e-04 seconds.
Warning: Simulation tolerance relaxed to achieve convergence from 3.2284296038853492e-04 to 3.2284296038853589e-04 seconds.
Warning: Simulation tolerance relaxed to achieve convergence from 3.2284296040323870e-04 to 3.2284296040323968e-04 seconds.
Warning: Simulation tolerance relaxed to achieve convergence from 3.2284296056933273e-04 to 3.2284296056933371e-04 seconds.
Warning: Simulation tolerance relaxed to achieve convergence from 3.2284296057106778e-04 to 3.2284296057106876e-04 seconds.
Warning: Simulation tolerance relaxed to achieve convergence from 3.2284296057106876e-04 to 3.2284296057106973e-04 seconds.
Warning: Simulation tolerance relaxed to achieve convergence from 3.2284296057111679e-04 to 3.2284296057111776e-04 seconds.
Warning: Simulation tolerance relaxed to achieve convergence from 3.2284299356898956e-04 to 3.2284299356899053e-04 seconds.
Warning: Simulation tolerance relaxed to achieve convergence from 3.2284301487151446e-04 to 3.2284301487151544e-04 seconds.
Warning: Simulation tolerance relaxed to achieve convergence from 3.2284301772938362e-04 to 3.2284301772938460e-04 seconds.
Warning: Simulation tolerance relaxed to achieve convergence from 3.2284301773035469e-04 to 3.2284301773035566e-04 seconds.
Warning: Simulation tolerance relaxed to achieve convergence from 3.2284301773038971e-04 to 3.2284301773039068e-04 seconds.
Warning: Simulation tolerance relaxed to achieve convergence from 3.2284301829963059e-04 to 3.2284301829963157e-04 seconds.
Warning: Simulation tolerance relaxed to achieve convergence from 3.2284303620333136e-04 to 3.2284303620333234e-04 seconds.
Warning: Simulation tolerance relaxed to achieve convergence from 3.2284303621244923e-04 to 3.2284303621245021e-04 seconds.
Warning: Simulation tolerance relaxed to achieve convergence from 3.2284303622067919e-04 to 3.2284303622068017e-04 seconds.
Warning: Simulation tolerance relaxed to achieve convergence from 3.2284303622083830e-04 to 3.2284303622083927e-04 seconds.
Warning: Simulation tolerance relaxed to achieve convergence from 3.2284303622099323e-04 to 3.2284303622099421e-04 seconds.
Warning: Simulation tolerance relaxed to achieve convergence from 3.2284303622107520e-04 to 3.2284303622107617e-04 seconds.
Warning: Simulation tolerance relaxed to achieve convergence from 3.2284303622107818e-04 to 3.2284303622107915e-04 seconds.
Warning: Simulation tolerance relaxed to achieve convergence from 3.2284311497378712e-04 to 3.2284311497378810e-04 seconds.
Warning: Simulation tolerance relaxed to achieve convergence from 3.2284311696885990e-04 to 3.2284311696886088e-04 seconds.
Warning: Simulation tolerance relaxed to achieve convergence from 3.2284311696888191e-04 to 3.2284311696888289e-04 seconds.
Warning: Simulation tolerance relaxed to achieve convergence from 3.3038156299287566e-04 to 3.3038156299287664e-04 seconds.
Warning: Simulation tolerance relaxed to achieve convergence from 3.3038156721278139e-04 to 3.3038156721278237e-04 seconds.
Warning: Simulation tolerance relaxed to achieve convergence from 3.3038156721278936e-04 to 3.3038156721279033e-04 seconds.
Warning: Simulation tolerance relaxed to achieve convergence from 3.3038156721293448e-04 to 3.3038156721293545e-04 seconds.
Warning: Simulation tolerance relaxed to achieve convergence from 3.3038156733273264e-04 to 3.3038156733273361e-04 seconds.
Warning: Simulation tolerance relaxed to achieve convergence from 3.3038156754812133e-04 to 3.3038156754812230e-04 seconds.
Warning: Simulation tolerance relaxed to achieve convergence from 3.3038156781030001e-04 to 3.3038156781030098e-04 seconds.
Warning: Simulation tolerance relaxed to achieve convergence from 3.3038157036975558e-04 to 3.3038157036975656e-04 seconds.
Warning: Simulation tolerance relaxed to achieve convergence from 3.3038157036975656e-04 to 3.3038157036975753e-04 seconds.
Warning: Simulation tolerance relaxed to achieve convergence from 3.3038157037187444e-04 to 3.3038157037187542e-04 seconds.
Warning: Simulation tolerance relaxed to achieve convergence from 3.3038157037189238e-04 to 3.3038157037189336e-04 seconds.
Warning: Simulation tolerance relaxed to achieve convergence from 3.3038157937651501e-04 to 3.3038157937651598e-04 seconds.
Warning: Simulation tolerance relaxed to achieve convergence from 3.3038157937658900e-04 to 3.3038157937658998e-04 seconds.
Warning: Simulation tolerance relaxed to achieve convergence from 3.3038161495718899e-04 to 3.3038161495718997e-04 seconds.
Warning: Simulation tolerance relaxed to achieve convergence from 3.3038161495720601e-04 to 3.3038161495720699e-04 seconds.
Warning: Simulation tolerance relaxed to achieve convergence from 3.3038161495720699e-04 to 3.3038161495720797e-04 seconds.
Warning: Simulation tolerance relaxed to achieve convergence from 3.3038161495720997e-04 to 3.3038161495721095e-04 seconds.
Warning: Simulation tolerance relaxed to achieve convergence from 3.3038161500834398e-04 to 3.3038161500834496e-04 seconds.
Warning: Simulation tolerance relaxed to achieve convergence from 3.3038166544548201e-04 to 3.3038166544548298e-04 seconds.
Warning: Simulation tolerance relaxed to achieve convergence from 3.3038167078178790e-04 to 3.3038167078178887e-04 seconds.
Warning: Simulation tolerance relaxed to achieve convergence from 3.3038167078183685e-04 to 3.3038167078183782e-04 seconds.
Warning: Simulation tolerance relaxed to achieve convergence from 3.3038167078187675e-04 to 3.3038167078187772e-04 seconds.
Warning: Simulation tolerance relaxed to achieve convergence from 3.3038167078188070e-04 to 3.3038167078188168e-04 seconds.
Warning: Simulation tolerance relaxed to achieve convergence from 3.3038167078188168e-04 to 3.3038167078188266e-04 seconds.
Warning: Simulation tolerance relaxed to achieve convergence from 3.3038167078188266e-04 to 3.3038167078188363e-04 seconds.
Warning: Simulation tolerance relaxed to achieve convergence from 3.3038167078188363e-04 to 3.3038167078188461e-04 seconds.
Warning: Simulation tolerance relaxed to achieve convergence from 3.3038167078188461e-04 to 3.3038167078188558e-04 seconds.
Warning: Simulation tolerance relaxed to achieve convergence from 3.3038167078188656e-04 to 3.3038167078188753e-04 seconds.
Warning: Simulation tolerance relaxed to achieve convergence from 3.3038167078188753e-04 to 3.3038167078188851e-04 seconds.
Warning: Simulation tolerance relaxed to achieve convergence from 3.3038167078189052e-04 to 3.3038167078189149e-04 seconds.
Warning: Simulation tolerance relaxed to achieve convergence from 3.3038167078189247e-04 to 3.3038167078189344e-04 seconds.
Warning: Simulation tolerance relaxed to achieve convergence from 3.3038167078189442e-04 to 3.3038167078189539e-04 seconds.
Warning: Simulation tolerance relaxed to achieve convergence from 3.3038167078192234e-04 to 3.3038167078192331e-04 seconds.
Warning: Simulation tolerance relaxed to achieve convergence from 3.3038167078192429e-04 to 3.3038167078192526e-04 seconds.
Warning: Simulation tolerance relaxed to achieve convergence from 3.3038167078197026e-04 to 3.3038167078197123e-04 seconds.
Warning: Simulation tolerance relaxed to achieve convergence from 3.3038167078197324e-04 to 3.3038167078197422e-04 seconds.
Warning: Simulation tolerance relaxed to achieve convergence from 3.3038167512051042e-04 to 3.3038167512051140e-04 seconds.
Warning: Simulation tolerance relaxed to achieve convergence from 3.3038167604816123e-04 to 3.3038167604816220e-04 seconds.
Warning: Simulation tolerance relaxed to achieve convergence from 3.3038167605012623e-04 to 3.3038167605012721e-04 seconds.
Warning: Simulation tolerance relaxed to achieve convergence from 3.3038167653450293e-04 to 3.3038167653450391e-04 seconds.
Warning: Simulation tolerance relaxed to achieve convergence from 3.3038167755595029e-04 to 3.3038167755595127e-04 seconds.
Warning: Simulation tolerance relaxed to achieve convergence from 3.3038167755596124e-04 to 3.3038167755596222e-04 seconds.
Warning: Simulation tolerance relaxed to achieve convergence from 3.3038171568042311e-04 to 3.3038171568042408e-04 seconds.
Warning: Simulation tolerance relaxed to achieve convergence from 3.3038171574931131e-04 to 3.3038171574931228e-04 seconds.
Warning: Simulation tolerance relaxed to achieve convergence from 3.3038171575172626e-04 to 3.3038171575172724e-04 seconds.
Warning: Simulation tolerance relaxed to achieve convergence from 3.3038171575172821e-04 to 3.3038171575172919e-04 seconds.
Warning: Simulation tolerance relaxed to achieve convergence from 3.3038171575173016e-04 to 3.3038171575173114e-04 seconds.
Warning: Simulation tolerance relaxed to achieve convergence from 3.3038171575177521e-04 to 3.3038171575177619e-04 seconds.
Warning: Simulation tolerance relaxed to achieve convergence from 3.3038171575177819e-04 to 3.3038171575177917e-04 seconds.
Warning: Simulation tolerance relaxed to achieve convergence from 3.3038171575183923e-04 to 3.3038171575184021e-04 seconds.
Warning: Simulation tolerance relaxed to achieve convergence from 3.3038171575184021e-04 to 3.3038171575184119e-04 seconds.
Warning: Simulation tolerance relaxed to achieve convergence from 3.3038171874749509e-04 to 3.3038171874749607e-04 seconds.
Warning: Simulation tolerance relaxed to achieve convergence from 3.3038172652835390e-04 to 3.3038172652835487e-04 seconds.
Warning: Simulation tolerance relaxed to achieve convergence from 3.3038174945638425e-04 to 3.3038174945638522e-04 seconds.
Warning: Simulation tolerance relaxed to achieve convergence from 3.3038175003393506e-04 to 3.3038175003393603e-04 seconds.
Warning: Simulation tolerance relaxed to achieve convergence from 3.3038175003413612e-04 to 3.3038175003413710e-04 seconds.
Warning: Simulation tolerance relaxed to achieve convergence from 3.3038175003415309e-04 to 3.3038175003415407e-04 seconds.
Warning: Simulation tolerance relaxed to achieve convergence from 3.3038175003420714e-04 to 3.3038175003420812e-04 seconds.
Warning: Simulation tolerance relaxed to achieve convergence from 3.3038175003420812e-04 to 3.3038175003420909e-04 seconds.
Warning: Simulation tolerance relaxed to achieve convergence from 3.3038175003440810e-04 to 3.3038175003440907e-04 seconds.
Warning: Simulation tolerance relaxed to achieve convergence from 3.3038175132024385e-04 to 3.3038175132024482e-04 seconds.
Warning: Simulation tolerance relaxed to achieve convergence from 3.3038175132091280e-04 to 3.3038175132091377e-04 seconds.
Warning: Simulation tolerance relaxed to achieve convergence from 3.3038175754603662e-04 to 3.3038175754603760e-04 seconds.
Warning: Simulation tolerance relaxed to achieve convergence from 3.3038175754603760e-04 to 3.3038175754603857e-04 seconds.
Warning: Simulation tolerance relaxed to achieve convergence from 3.3038175754603857e-04 to 3.3038175754603955e-04 seconds.
Warning: Simulation tolerance relaxed to achieve convergence from 3.3038175754604253e-04 to 3.3038175754604351e-04 seconds.
Warning: Simulation tolerance relaxed to achieve convergence from 3.3038176137267165e-04 to 3.3038176137267262e-04 seconds.
Warning: Simulation tolerance relaxed to achieve convergence from 3.3038176137295571e-04 to 3.3038176137295669e-04 seconds.
Warning: Simulation tolerance relaxed to achieve convergence from 3.3038176228665549e-04 to 3.3038176228665647e-04 seconds.
Warning: Simulation tolerance relaxed to achieve convergence from 3.3038176233907667e-04 to 3.3038176233907764e-04 seconds.
Warning: Simulation tolerance relaxed to achieve convergence from 3.3038176233908366e-04 to 3.3038176233908463e-04 seconds.
Warning: Simulation tolerance relaxed to achieve convergence from 3.3038176687456464e-04 to 3.3038176687456562e-04 seconds.
Warning: Simulation tolerance relaxed to achieve convergence from 3.3038176687456562e-04 to 3.3038176687456660e-04 seconds.
Warning: Simulation tolerance relaxed to achieve convergence from 3.3038176687456660e-04 to 3.3038176687456757e-04 seconds.
Warning: Simulation tolerance relaxed to achieve convergence from 3.3038176687456757e-04 to 3.3038176687456855e-04 seconds.
Warning: Simulation tolerance relaxed to achieve convergence from 3.3038176687456855e-04 to 3.3038176687456952e-04 seconds.
Warning: Simulation tolerance relaxed to achieve convergence from 3.3038176687456952e-04 to 3.3038176687457050e-04 seconds.
Warning: Simulation tolerance relaxed to achieve convergence from 3.3038176687457050e-04 to 3.3038176687457147e-04 seconds.
Warning: Simulation tolerance relaxed to achieve convergence from 3.3038176687457147e-04 to 3.3038176687457245e-04 seconds.
Warning: Simulation tolerance relaxed to achieve convergence from 3.3038176687457440e-04 to 3.3038176687457538e-04 seconds.
Warning: Simulation tolerance relaxed to achieve convergence from 3.3038177087183629e-04 to 3.3038177087183726e-04 seconds.
Warning: Simulation tolerance relaxed to achieve convergence from 3.3038177088503320e-04 to 3.3038177088503417e-04 seconds.
Warning: Simulation tolerance relaxed to achieve convergence from 3.3038177315980059e-04 to 3.3038177315980157e-04 seconds.
Warning: Simulation tolerance relaxed to achieve convergence from 3.3038177316516767e-04 to 3.3038177316516864e-04 seconds.
Warning: Simulation tolerance relaxed to achieve convergence from 3.3038177316927766e-04 to 3.3038177316927863e-04 seconds.
Warning: Simulation tolerance relaxed to achieve convergence from 3.3038181044814840e-04 to 3.3038181044814938e-04 seconds.
Warning: Simulation tolerance relaxed to achieve convergence from 3.3038181044883140e-04 to 3.3038181044883237e-04 seconds.
Warning: Simulation tolerance relaxed to achieve convergence from 3.3038181591443040e-04 to 3.3038181591443138e-04 seconds.
Warning: Simulation tolerance relaxed to achieve convergence from 3.3038181591443734e-04 to 3.3038181591443831e-04 seconds.
Warning: Simulation tolerance relaxed to achieve convergence from 3.3038257406486433e-04 to 3.3038257406486530e-04 seconds.
Warning: Simulation tolerance relaxed to achieve convergence from 3.3038257406486725e-04 to 3.3038257406486823e-04 seconds.
Warning: Simulation tolerance relaxed to achieve convergence from 3.3038257406487522e-04 to 3.3038257406487620e-04 seconds.
Warning: Simulation tolerance relaxed to achieve convergence from 3.3038257446813197e-04 to 3.3038257446813294e-04 seconds.
Warning: Simulation tolerance relaxed to achieve convergence from 3.3038257446813294e-04 to 3.3038257446813392e-04 seconds.
Warning: Simulation tolerance relaxed to achieve convergence from 3.3038257722722793e-04 to 3.3038257722722890e-04 seconds.
Warning: Simulation tolerance relaxed to achieve convergence from 3.3038258665209295e-04 to 3.3038258665209392e-04 seconds.
Warning: Simulation tolerance relaxed to achieve convergence from 3.3038258665209593e-04 to 3.3038258665209691e-04 seconds.
Warning: Simulation tolerance relaxed to achieve convergence from 3.3038259675117549e-04 to 3.3038259675117646e-04 seconds.
Warning: Simulation tolerance relaxed to achieve convergence from 3.3038259675121452e-04 to 3.3038259675121550e-04 seconds.
Warning: Simulation tolerance relaxed to achieve convergence from 3.3038259675132240e-04 to 3.3038259675132337e-04 seconds.
Warning: Simulation tolerance relaxed to achieve convergence from 3.3038259685764224e-04 to 3.3038259685764322e-04 seconds.
Warning: Simulation tolerance relaxed to achieve convergence from 3.3038259701621565e-04 to 3.3038259701621662e-04 seconds.
Warning: Simulation tolerance relaxed to achieve convergence from 3.3038259704198963e-04 to 3.3038259704199060e-04 seconds.
Warning: Simulation tolerance relaxed to achieve convergence from 3.3038259704201061e-04 to 3.3038259704201158e-04 seconds.
Warning: Simulation tolerance relaxed to achieve convergence from 3.3038259704201359e-04 to 3.3038259704201456e-04 seconds.
Warning: Simulation tolerance relaxed to achieve convergence from 3.3038259719702929e-04 to 3.3038259719703027e-04 seconds.
Warning: Simulation tolerance relaxed to achieve convergence from 3.3038259736578514e-04 to 3.3038259736578612e-04 seconds.
Warning: Simulation tolerance relaxed to achieve convergence from 3.3038261337406600e-04 to 3.3038261337406697e-04 seconds.
Warning: Simulation tolerance relaxed to achieve convergence from 3.3038261466814499e-04 to 3.3038261466814597e-04 seconds.
Warning: Simulation tolerance relaxed to achieve convergence from 3.3038261733935362e-04 to 3.3038261733935460e-04 seconds.
Warning: Simulation tolerance relaxed to achieve convergence from 3.3038261734232081e-04 to 3.3038261734232179e-04 seconds.
Warning: Simulation tolerance relaxed to achieve convergence from 3.3038261741016173e-04 to 3.3038261741016270e-04 seconds.
Warning: Simulation tolerance relaxed to achieve convergence from 3.3038261741016270e-04 to 3.3038261741016368e-04 seconds.
Warning: Simulation tolerance relaxed to achieve convergence from 3.3038261741020569e-04 to 3.3038261741020667e-04 seconds.
Warning: Simulation tolerance relaxed to achieve convergence from 3.3780449378231867e-04 to 3.3780449378231965e-04 seconds.
Warning: Simulation tolerance relaxed to achieve convergence from 3.3780449399728972e-04 to 3.3780449399729070e-04 seconds.
Warning: Simulation tolerance relaxed to achieve convergence from 3.3780449399733575e-04 to 3.3780449399733672e-04 seconds.
Warning: Simulation tolerance relaxed to achieve convergence from 3.3780449464366254e-04 to 3.3780449464366352e-04 seconds.
Warning: Simulation tolerance relaxed to achieve convergence from 3.3780449852790416e-04 to 3.3780449852790513e-04 seconds.
Warning: Simulation tolerance relaxed to achieve convergence from 3.3780449873608014e-04 to 3.3780449873608111e-04 seconds.
Warning: Simulation tolerance relaxed to achieve convergence from 3.3780449873608111e-04 to 3.3780449873608209e-04 seconds.
Warning: Simulation tolerance relaxed to achieve convergence from 3.3780450640121163e-04 to 3.3780450640121261e-04 seconds.
Warning: Simulation tolerance relaxed to achieve convergence from 3.3780450640121657e-04 to 3.3780450640121754e-04 seconds.
Warning: Simulation tolerance relaxed to achieve convergence from 3.3780450640121754e-04 to 3.3780450640121852e-04 seconds.
Warning: Simulation tolerance relaxed to achieve convergence from 3.3780450640125451e-04 to 3.3780450640125549e-04 seconds.
Warning: Simulation tolerance relaxed to achieve convergence from 3.3780461340737977e-04 to 3.3780461340738075e-04 seconds.
Warning: Simulation tolerance relaxed to achieve convergence from 3.3780461353736472e-04 to 3.3780461353736569e-04 seconds.
Warning: Simulation tolerance relaxed to achieve convergence from 3.3780464218510434e-04 to 3.3780464218510531e-04 seconds.
Warning: Simulation tolerance relaxed to achieve convergence from 3.3780464218646235e-04 to 3.3780464218646333e-04 seconds.
Warning: Simulation tolerance relaxed to achieve convergence from 3.3780464218646333e-04 to 3.3780464218646430e-04 seconds.
Warning: Simulation tolerance relaxed to achieve convergence from 3.3780464218647222e-04 to 3.3780464218647319e-04 seconds.
Warning: Simulation tolerance relaxed to achieve convergence from 3.3780464218647319e-04 to 3.3780464218647417e-04 seconds.
Warning: Simulation tolerance relaxed to achieve convergence from 3.3780464218647417e-04 to 3.3780464218647515e-04 seconds.
Warning: Simulation tolerance relaxed to achieve convergence from 3.3780464517119499e-04 to 3.3780464517119596e-04 seconds.
Warning: Simulation tolerance relaxed to achieve convergence from 3.3780464517226108e-04 to 3.3780464517226206e-04 seconds.
Warning: Simulation tolerance relaxed to achieve convergence from 3.3780464609080643e-04 to 3.3780464609080741e-04 seconds.
Warning: Simulation tolerance relaxed to achieve convergence from 3.3780464666805394e-04 to 3.3780464666805491e-04 seconds.
Warning: Simulation tolerance relaxed to achieve convergence from 3.3780464666809183e-04 to 3.3780464666809281e-04 seconds.
Warning: Simulation tolerance relaxed to achieve convergence from 3.3780464666815081e-04 to 3.3780464666815179e-04 seconds.
Warning: Simulation tolerance relaxed to achieve convergence from 3.3780466844266838e-04 to 3.3780466844266936e-04 seconds.
Warning: Simulation tolerance relaxed to achieve convergence from 3.3780466879802324e-04 to 3.3780466879802421e-04 seconds.
Warning: Simulation tolerance relaxed to achieve convergence from 3.3780466930680511e-04 to 3.3780466930680608e-04 seconds.
Warning: Simulation tolerance relaxed to achieve convergence from 3.3780466930680809e-04 to 3.3780466930680907e-04 seconds.
Warning: Simulation tolerance relaxed to achieve convergence from 3.3780466930695511e-04 to 3.3780466930695608e-04 seconds.
Warning: Simulation tolerance relaxed to achieve convergence from 3.3780466934737921e-04 to 3.3780466934738018e-04 seconds.
Warning: Simulation tolerance relaxed to achieve convergence from 3.3780466938100910e-04 to 3.3780466938101007e-04 seconds.
Warning: Simulation tolerance relaxed to achieve convergence from 3.3780466938101105e-04 to 3.3780466938101203e-04 seconds.
Warning: Simulation tolerance relaxed to achieve convergence from 3.3780466938102607e-04 to 3.3780466938102704e-04 seconds.
Warning: Simulation tolerance relaxed to achieve convergence from 3.3780466938102704e-04 to 3.3780466938102802e-04 seconds.
Warning: Simulation tolerance relaxed to achieve convergence from 3.3780467121673641e-04 to 3.3780467121673739e-04 seconds.
Warning: Simulation tolerance relaxed to achieve convergence from 3.3780467121674438e-04 to 3.3780467121674536e-04 seconds.
Warning: Simulation tolerance relaxed to achieve convergence from 3.3780535991790304e-04 to 3.3780535991790402e-04 seconds.
Warning: Simulation tolerance relaxed to achieve convergence from 3.3780535997658792e-04 to 3.3780535997658890e-04 seconds.
Warning: Simulation tolerance relaxed to achieve convergence from 3.3780535997658987e-04 to 3.3780535997659085e-04 seconds.
Warning: Simulation tolerance relaxed to achieve convergence from 3.3780536281278047e-04 to 3.3780536281278144e-04 seconds.
Warning: Simulation tolerance relaxed to achieve convergence from 3.3780536312515911e-04 to 3.3780536312516009e-04 seconds.
Warning: Simulation tolerance relaxed to achieve convergence from 3.3780536336467705e-04 to 3.3780536336467802e-04 seconds.
Warning: Simulation tolerance relaxed to achieve convergence from 3.3780536488365578e-04 to 3.3780536488365676e-04 seconds.
Warning: Simulation tolerance relaxed to achieve convergence from 3.3780536681002240e-04 to 3.3780536681002338e-04 seconds.
Warning: Simulation tolerance relaxed to achieve convergence from 3.3780536681002435e-04 to 3.3780536681002533e-04 seconds.
Warning: Simulation tolerance relaxed to achieve convergence from 3.3780536681002533e-04 to 3.3780536681002630e-04 seconds.
Warning: Simulation tolerance relaxed to achieve convergence from 3.3780536681002831e-04 to 3.3780536681002929e-04 seconds.
Warning: Simulation tolerance relaxed to achieve convergence from 3.3780536681004430e-04 to 3.3780536681004528e-04 seconds.
Warning: Simulation tolerance relaxed to achieve convergence from 3.3780536681004528e-04 to 3.3780536681004625e-04 seconds.
Warning: Simulation tolerance relaxed to achieve convergence from 3.3780536681004625e-04 to 3.3780536681004723e-04 seconds.
Warning: Simulation tolerance relaxed to achieve convergence from 3.3780536698958921e-04 to 3.3780536698959019e-04 seconds.
Warning: Simulation tolerance relaxed to achieve convergence from 3.3780536698959019e-04 to 3.3780536698959116e-04 seconds.
Warning: Simulation tolerance relaxed to achieve convergence from 3.3780536698964722e-04 to 3.3780536698964819e-04 seconds.
Warning: Simulation tolerance relaxed to achieve convergence from 3.3780536698966717e-04 to 3.3780536698966814e-04 seconds.
Warning: Simulation tolerance relaxed to achieve convergence from 3.3780536698966814e-04 to 3.3780536698966912e-04 seconds.
Warning: Simulation tolerance relaxed to achieve convergence from 3.3780536698969807e-04 to 3.3780536698969904e-04 seconds.
Warning: Simulation tolerance relaxed to achieve convergence from 3.3780536760278008e-04 to 3.3780536760278106e-04 seconds.
Warning: Simulation tolerance relaxed to achieve convergence from 3.3780536766478007e-04 to 3.3780536766478105e-04 seconds.
Warning: Simulation tolerance relaxed to achieve convergence from 3.3780536766478305e-04 to 3.3780536766478403e-04 seconds.
Warning: Simulation tolerance relaxed to achieve convergence from 3.4532652449657878e-04 to 3.4532652449657976e-04 seconds.
Warning: Simulation tolerance relaxed to achieve convergence from 3.4532652449681780e-04 to 3.4532652449681877e-04 seconds.
Warning: Simulation tolerance relaxed to achieve convergence from 3.4532657950763932e-04 to 3.4532657950764030e-04 seconds.
Warning: Simulation tolerance relaxed to achieve convergence from 3.4532657957358722e-04 to 3.4532657957358820e-04 seconds.
Warning: Simulation tolerance relaxed to achieve convergence from 3.4532658277751995e-04 to 3.4532658277752092e-04 seconds.
Warning: Simulation tolerance relaxed to achieve convergence from 3.4532658277752987e-04 to 3.4532658277753084e-04 seconds.
Warning: Simulation tolerance relaxed to achieve convergence from 3.4532658277753784e-04 to 3.4532658277753881e-04 seconds.
Warning: Simulation tolerance relaxed to achieve convergence from 3.4532658277753881e-04 to 3.4532658277753979e-04 seconds.
Warning: Simulation tolerance relaxed to achieve convergence from 3.4532658277753979e-04 to 3.4532658277754076e-04 seconds.
Warning: Simulation tolerance relaxed to achieve convergence from 3.4532658277755074e-04 to 3.4532658277755171e-04 seconds.
Warning: Simulation tolerance relaxed to achieve convergence from 3.4532658277769776e-04 to 3.4532658277769873e-04 seconds.
Warning: Simulation tolerance relaxed to achieve convergence from 3.4532658293647336e-04 to 3.4532658293647434e-04 seconds.
Warning: Simulation tolerance relaxed to achieve convergence from 3.4532658298269832e-04 to 3.4532658298269930e-04 seconds.
Warning: Simulation tolerance relaxed to achieve convergence from 3.4532658298272115e-04 to 3.4532658298272212e-04 seconds.
Warning: Simulation tolerance relaxed to achieve convergence from 3.4532658298272212e-04 to 3.4532658298272310e-04 seconds.
Warning: Simulation tolerance relaxed to achieve convergence from 3.4532659904700614e-04 to 3.4532659904700712e-04 seconds.
Warning: Simulation tolerance relaxed to achieve convergence from 3.4532659971069887e-04 to 3.4532659971069985e-04 seconds.
Warning: Simulation tolerance relaxed to achieve convergence from 3.4532659971069985e-04 to 3.4532659971070082e-04 seconds.
Warning: Simulation tolerance relaxed to achieve convergence from 3.4532659971070082e-04 to 3.4532659971070180e-04 seconds.
Warning: Simulation tolerance relaxed to achieve convergence from 3.4532660051828670e-04 to 3.4532660051828768e-04 seconds.
Warning: Simulation tolerance relaxed to achieve convergence from 3.4532660051837176e-04 to 3.4532660051837273e-04 seconds.
Warning: Simulation tolerance relaxed to achieve convergence from 3.4532660051837273e-04 to 3.4532660051837371e-04 seconds.
Warning: Simulation tolerance relaxed to achieve convergence from 3.4532660051945374e-04 to 3.4532660051945471e-04 seconds.
Warning: Simulation tolerance relaxed to achieve convergence from 3.4532660051945672e-04 to 3.4532660051945769e-04 seconds.
Warning: Simulation tolerance relaxed to achieve convergence from 3.4532660051945769e-04 to 3.4532660051945867e-04 seconds.
Warning: Simulation tolerance relaxed to achieve convergence from 3.4532660108362349e-04 to 3.4532660108362446e-04 seconds.
Warning: Simulation tolerance relaxed to achieve convergence from 3.4532662488980252e-04 to 3.4532662488980350e-04 seconds.
Warning: Simulation tolerance relaxed to achieve convergence from 3.4532662488980350e-04 to 3.4532662488980447e-04 seconds.
Warning: Simulation tolerance relaxed to achieve convergence from 3.4532662488982052e-04 to 3.4532662488982149e-04 seconds.
Warning: Simulation tolerance relaxed to achieve convergence from 3.4532662488982149e-04 to 3.4532662488982247e-04 seconds.
Warning: Simulation tolerance relaxed to achieve convergence from 3.4532662488982247e-04 to 3.4532662488982345e-04 seconds.
Warning: Simulation tolerance relaxed to achieve convergence from 3.4532664062929096e-04 to 3.4532664062929193e-04 seconds.
Warning: Simulation tolerance relaxed to achieve convergence from 3.4532664067429884e-04 to 3.4532664067429982e-04 seconds.
Warning: Simulation tolerance relaxed to achieve convergence from 3.4532664067429982e-04 to 3.4532664067430080e-04 seconds.
Warning: Simulation tolerance relaxed to achieve convergence from 3.4532664067430681e-04 to 3.4532664067430779e-04 seconds.
Warning: Simulation tolerance relaxed to achieve convergence from 3.4532664067465479e-04 to 3.4532664067465576e-04 seconds.
Warning: Simulation tolerance relaxed to achieve convergence from 3.4532664067465576e-04 to 3.4532664067465674e-04 seconds.
Warning: Simulation tolerance relaxed to achieve convergence from 3.4532664067491174e-04 to 3.4532664067491272e-04 seconds.
Warning: Simulation tolerance relaxed to achieve convergence from 3.4532664067556579e-04 to 3.4532664067556676e-04 seconds.
Warning: Simulation tolerance relaxed to achieve convergence from 3.4532664067558574e-04 to 3.4532664067558671e-04 seconds.
Warning: Simulation tolerance relaxed to achieve convergence from 3.4532664878763469e-04 to 3.4532664878763567e-04 seconds.
Warning: Simulation tolerance relaxed to achieve convergence from 3.4532664878765172e-04 to 3.4532664878765269e-04 seconds.
Warning: Simulation tolerance relaxed to achieve convergence from 3.4532664878765269e-04 to 3.4532664878765367e-04 seconds.
Warning: Simulation tolerance relaxed to achieve convergence from 3.4532664878804859e-04 to 3.4532664878804956e-04 seconds.
Warning: Simulation tolerance relaxed to achieve convergence from 3.4532664878804956e-04 to 3.4532664878805054e-04 seconds.
Warning: Simulation tolerance relaxed to achieve convergence from 3.4532664951387212e-04 to 3.4532664951387310e-04 seconds.
Warning: Simulation tolerance relaxed to achieve convergence from 3.4532665032349408e-04 to 3.4532665032349505e-04 seconds.
Warning: Simulation tolerance relaxed to achieve convergence from 3.4532665032384503e-04 to 3.4532665032384601e-04 seconds.
Warning: Simulation tolerance relaxed to achieve convergence from 3.4532665032784796e-04 to 3.4532665032784894e-04 seconds.
Warning: Simulation tolerance relaxed to achieve convergence from 3.4532665032956697e-04 to 3.4532665032956794e-04 seconds.
Warning: Simulation tolerance relaxed to achieve convergence from 3.4532665032956892e-04 to 3.4532665032956989e-04 seconds.
Warning: Simulation tolerance relaxed to achieve convergence from 3.4532665032957087e-04 to 3.4532665032957184e-04 seconds.
Warning: Simulation tolerance relaxed to achieve convergence from 3.4532665032957184e-04 to 3.4532665032957282e-04 seconds.
Warning: Simulation tolerance relaxed to achieve convergence from 3.4532665032957282e-04 to 3.4532665032957380e-04 seconds.
Warning: Simulation tolerance relaxed to achieve convergence from 3.4532665032957380e-04 to 3.4532665032957477e-04 seconds.
Warning: Simulation tolerance relaxed to achieve convergence from 3.4532665032957477e-04 to 3.4532665032957575e-04 seconds.
Warning: Simulation tolerance relaxed to achieve convergence from 3.4532665711836891e-04 to 3.4532665711836988e-04 seconds.
Warning: Simulation tolerance relaxed to achieve convergence from 3.4532665711836988e-04 to 3.4532665711837086e-04 seconds.
Warning: Simulation tolerance relaxed to achieve convergence from 3.4532665711837785e-04 to 3.4532665711837883e-04 seconds.
Warning: Simulation tolerance relaxed to achieve convergence from 3.4532665711848177e-04 to 3.4532665711848275e-04 seconds.
Warning: Simulation tolerance relaxed to achieve convergence from 3.4532665711848275e-04 to 3.4532665711848372e-04 seconds.
Warning: Simulation tolerance relaxed to achieve convergence from 3.4532669134388250e-04 to 3.4532669134388347e-04 seconds.
Warning: Simulation tolerance relaxed to achieve convergence from 3.4532669134388949e-04 to 3.4532669134389047e-04 seconds.
Warning: Simulation tolerance relaxed to achieve convergence from 3.4532669134389047e-04 to 3.4532669134389144e-04 seconds.
Warning: Simulation tolerance relaxed to achieve convergence from 3.4532669134389144e-04 to 3.4532669134389242e-04 seconds.
Warning: Simulation tolerance relaxed to achieve convergence from 3.4532669134389936e-04 to 3.4532669134390033e-04 seconds.
Warning: Simulation tolerance relaxed to achieve convergence from 3.4532669134391437e-04 to 3.4532669134391535e-04 seconds.
Warning: Simulation tolerance relaxed to achieve convergence from 3.4532669134392137e-04 to 3.4532669134392234e-04 seconds.
Warning: Simulation tolerance relaxed to achieve convergence from 3.4532669134392234e-04 to 3.4532669134392332e-04 seconds.
Warning: Simulation tolerance relaxed to achieve convergence from 3.4862063765121211e-04 to 3.4862063765121309e-04 seconds.
Warning: Simulation tolerance relaxed to achieve convergence from 3.4862063765129310e-04 to 3.4862063765129408e-04 seconds.
Warning: Simulation tolerance relaxed to achieve convergence from 3.4862063765132010e-04 to 3.4862063765132107e-04 seconds.
Warning: Simulation tolerance relaxed to achieve convergence from 3.5286135481086140e-04 to 3.5286135481086238e-04 seconds.
Warning: Simulation tolerance relaxed to achieve convergence from 3.5286135481086433e-04 to 3.5286135481086531e-04 seconds.
Warning: Simulation tolerance relaxed to achieve convergence from 3.5286135481094136e-04 to 3.5286135481094234e-04 seconds.
Warning: Simulation tolerance relaxed to achieve convergence from 3.5286135481160349e-04 to 3.5286135481160446e-04 seconds.
Warning: Simulation tolerance relaxed to achieve convergence from 3.5286135481211447e-04 to 3.5286135481211545e-04 seconds.
Warning: Simulation tolerance relaxed to achieve convergence from 3.5286135481211642e-04 to 3.5286135481211740e-04 seconds.
Warning: Simulation tolerance relaxed to achieve convergence from 3.5286135655891200e-04 to 3.5286135655891298e-04 seconds.
Warning: Simulation tolerance relaxed to achieve convergence from 3.5286135655979498e-04 to 3.5286135655979595e-04 seconds.
Warning: Simulation tolerance relaxed to achieve convergence from 3.5286135655979595e-04 to 3.5286135655979693e-04 seconds.
Warning: Simulation tolerance relaxed to achieve convergence from 3.5286135655983385e-04 to 3.5286135655983482e-04 seconds.
Warning: Simulation tolerance relaxed to achieve convergence from 3.5286135655984084e-04 to 3.5286135655984181e-04 seconds.
Warning: Simulation tolerance relaxed to achieve convergence from 3.5286135698910375e-04 to 3.5286135698910472e-04 seconds.
Warning: Simulation tolerance relaxed to achieve convergence from 3.5286135698911074e-04 to 3.5286135698911171e-04 seconds.
Warning: Simulation tolerance relaxed to achieve convergence from 3.5286135698911171e-04 to 3.5286135698911269e-04 seconds.
Warning: Simulation tolerance relaxed to achieve convergence from 3.5286135698917769e-04 to 3.5286135698917866e-04 seconds.
Warning: Simulation tolerance relaxed to achieve convergence from 3.5286135698917866e-04 to 3.5286135698917964e-04 seconds.
Warning: Simulation tolerance relaxed to achieve convergence from 3.5286135698917964e-04 to 3.5286135698918062e-04 seconds.
Warning: Simulation tolerance relaxed to achieve convergence from 3.5286135698955163e-04 to 3.5286135698955261e-04 seconds.
Warning: Simulation tolerance relaxed to achieve convergence from 3.5286135698968466e-04 to 3.5286135698968564e-04 seconds.
Warning: Simulation tolerance relaxed to achieve convergence from 3.5286135698970570e-04 to 3.5286135698970667e-04 seconds.
Warning: Simulation tolerance relaxed to achieve convergence from 3.5286138267993938e-04 to 3.5286138267994036e-04 seconds.
Warning: Simulation tolerance relaxed to achieve convergence from 3.5286138267994036e-04 to 3.5286138267994133e-04 seconds.
Warning: Simulation tolerance relaxed to achieve convergence from 3.5286138270009042e-04 to 3.5286138270009139e-04 seconds.
Warning: Simulation tolerance relaxed to achieve convergence from 3.5286138270009139e-04 to 3.5286138270009237e-04 seconds.
Warning: Simulation tolerance relaxed to achieve convergence from 3.5286138270009432e-04 to 3.5286138270009530e-04 seconds.
Warning: Simulation tolerance relaxed to achieve convergence from 3.5286138281781997e-04 to 3.5286138281782095e-04 seconds.
Warning: Simulation tolerance relaxed to achieve convergence from 3.5286138281782778e-04 to 3.5286138281782876e-04 seconds.
Warning: Simulation tolerance relaxed to achieve convergence from 3.5286138281782876e-04 to 3.5286138281782973e-04 seconds.
Warning: Simulation tolerance relaxed to achieve convergence from 3.5286138281783174e-04 to 3.5286138281783271e-04 seconds.
Warning: Simulation tolerance relaxed to achieve convergence from 3.5286138281783971e-04 to 3.5286138281784068e-04 seconds.
Warning: Simulation tolerance relaxed to achieve convergence from 3.5286138281784366e-04 to 3.5286138281784464e-04 seconds.
Warning: Simulation tolerance relaxed to achieve convergence from 3.5286140693328502e-04 to 3.5286140693328600e-04 seconds.
Warning: Simulation tolerance relaxed to achieve convergence from 3.5286140693341204e-04 to 3.5286140693341301e-04 seconds.
Warning: Simulation tolerance relaxed to achieve convergence from 3.5286140693341600e-04 to 3.5286140693341697e-04 seconds.
Warning: Simulation tolerance relaxed to achieve convergence from 3.5286140693341697e-04 to 3.5286140693341795e-04 seconds.
Warning: Simulation tolerance relaxed to achieve convergence from 3.5286141011628847e-04 to 3.5286141011628945e-04 seconds.
Warning: Simulation tolerance relaxed to achieve convergence from 3.5286141012568444e-04 to 3.5286141012568542e-04 seconds.
Warning: Simulation tolerance relaxed to achieve convergence from 3.5286141012575139e-04 to 3.5286141012575236e-04 seconds.
Warning: Simulation tolerance relaxed to achieve convergence from 3.5286141012585645e-04 to 3.5286141012585742e-04 seconds.
Warning: Simulation tolerance relaxed to achieve convergence from 3.5286141016614139e-04 to 3.5286141016614236e-04 seconds.
Warning: Simulation tolerance relaxed to achieve convergence from 3.5286141159237015e-04 to 3.5286141159237113e-04 seconds.
Warning: Simulation tolerance relaxed to achieve convergence from 3.5286141159238007e-04 to 3.5286141159238105e-04 seconds.
Warning: Simulation tolerance relaxed to achieve convergence from 3.5286141159245201e-04 to 3.5286141159245299e-04 seconds.
Warning: Simulation tolerance relaxed to achieve convergence from 3.5286141159245694e-04 to 3.5286141159245792e-04 seconds.
Warning: Simulation tolerance relaxed to achieve convergence from 3.5286141159245987e-04 to 3.5286141159246085e-04 seconds.
Warning: Simulation tolerance relaxed to achieve convergence from 3.5286141159246085e-04 to 3.5286141159246182e-04 seconds.
Warning: Simulation tolerance relaxed to achieve convergence from 3.5286141159246182e-04 to 3.5286141159246280e-04 seconds.
Warning: Simulation tolerance relaxed to achieve convergence from 3.5286141159246377e-04 to 3.5286141159246475e-04 seconds.
Warning: Simulation tolerance relaxed to achieve convergence from 3.5286141159246475e-04 to 3.5286141159246573e-04 seconds.
Warning: Simulation tolerance relaxed to achieve convergence from 3.5286141159246773e-04 to 3.5286141159246871e-04 seconds.
Warning: Simulation tolerance relaxed to achieve convergence from 3.5286141159247570e-04 to 3.5286141159247668e-04 seconds.
Warning: Simulation tolerance relaxed to achieve convergence from 3.5286141159247765e-04 to 3.5286141159247863e-04 seconds.
Warning: Simulation tolerance relaxed to achieve convergence from 3.5286141159247863e-04 to 3.5286141159247960e-04 seconds.
Warning: Simulation tolerance relaxed to achieve convergence from 3.5286141159248660e-04 to 3.5286141159248757e-04 seconds.
Warning: Simulation tolerance relaxed to achieve convergence from 3.5286141159249055e-04 to 3.5286141159249153e-04 seconds.
Warning: Simulation tolerance relaxed to achieve convergence from 3.5286141159249847e-04 to 3.5286141159249944e-04 seconds.
Warning: Simulation tolerance relaxed to achieve convergence from 3.5286141159255945e-04 to 3.5286141159256043e-04 seconds.
Warning: Simulation tolerance relaxed to achieve convergence from 3.5286141159256043e-04 to 3.5286141159256141e-04 seconds.
Warning: Simulation tolerance relaxed to achieve convergence from 3.5286141159256141e-04 to 3.5286141159256238e-04 seconds.
Warning: Simulation tolerance relaxed to achieve convergence from 3.6033514149322115e-04 to 3.6033514149322213e-04 seconds.
Warning: Simulation tolerance relaxed to achieve convergence from 3.6033514167568202e-04 to 3.6033514167568300e-04 seconds.
Warning: Simulation tolerance relaxed to achieve convergence from 3.6033514167569297e-04 to 3.6033514167569395e-04 seconds.
Warning: Simulation tolerance relaxed to achieve convergence from 3.6033538654209714e-04 to 3.6033538654209812e-04 seconds.
Warning: Simulation tolerance relaxed to achieve convergence from 3.6033538654226004e-04 to 3.6033538654226102e-04 seconds.
Warning: Simulation tolerance relaxed to achieve convergence from 3.6033538654238007e-04 to 3.6033538654238104e-04 seconds.
Warning: Simulation tolerance relaxed to achieve convergence from 3.6033544624320090e-04 to 3.6033544624320188e-04 seconds.
Warning: Simulation tolerance relaxed to achieve convergence from 3.6033544637319176e-04 to 3.6033544637319273e-04 seconds.
Warning: Simulation tolerance relaxed to achieve convergence from 3.6033544644971567e-04 to 3.6033544644971664e-04 seconds.
Warning: Simulation tolerance relaxed to achieve convergence from 3.6033544661151728e-04 to 3.6033544661151826e-04 seconds.
Warning: Simulation tolerance relaxed to achieve convergence from 3.6033544661152726e-04 to 3.6033544661152823e-04 seconds.
Warning: Simulation tolerance relaxed to achieve convergence from 3.7536146939452406e-04 to 3.7536146939452504e-04 seconds.
Warning: Simulation tolerance relaxed to achieve convergence from 3.7536146939461611e-04 to 3.7536146939461709e-04 seconds.
Warning: Simulation tolerance relaxed to achieve convergence from 3.7536156061915272e-04 to 3.7536156061915369e-04 seconds.
Warning: Simulation tolerance relaxed to achieve convergence from 3.7536156084349144e-04 to 3.7536156084349242e-04 seconds.
Warning: Simulation tolerance relaxed to achieve convergence from 3.7536156084358533e-04 to 3.7536156084358631e-04 seconds.
Warning: Simulation tolerance relaxed to achieve convergence from 3.7536156084362333e-04 to 3.7536156084362431e-04 seconds.
Warning: Simulation tolerance relaxed to achieve convergence from 3.7536156084363033e-04 to 3.7536156084363130e-04 seconds.
Warning: Simulation tolerance relaxed to achieve convergence from 3.7536156084377133e-04 to 3.7536156084377230e-04 seconds.
Warning: Simulation tolerance relaxed to achieve convergence from 3.8284888911301388e-04 to 3.8284888911301485e-04 seconds.
Warning: Simulation tolerance relaxed to achieve convergence from 3.8284888911301485e-04 to 3.8284888911301583e-04 seconds.
Warning: Simulation tolerance relaxed to achieve convergence from 3.8284889035485438e-04 to 3.8284889035485536e-04 seconds.
Warning: Simulation tolerance relaxed to achieve convergence from 3.8284889036619422e-04 to 3.8284889036619519e-04 seconds.
Warning: Simulation tolerance relaxed to achieve convergence from 3.8284889036620809e-04 to 3.8284889036620907e-04 seconds.
Warning: Simulation tolerance relaxed to achieve convergence from 3.8284889056577773e-04 to 3.8284889056577871e-04 seconds.
Warning: Simulation tolerance relaxed to achieve convergence from 3.8284889056583774e-04 to 3.8284889056583872e-04 seconds.
Warning: Simulation tolerance relaxed to achieve convergence from 3.8284889064866141e-04 to 3.8284889064866238e-04 seconds.
Warning: Simulation tolerance relaxed to achieve convergence from 3.8284899267226706e-04 to 3.8284899267226804e-04 seconds.
Warning: Simulation tolerance relaxed to achieve convergence from 3.8284899546161367e-04 to 3.8284899546161465e-04 seconds.
Warning: Simulation tolerance relaxed to achieve convergence from 3.8284899546161465e-04 to 3.8284899546161562e-04 seconds.
Warning: Simulation tolerance relaxed to achieve convergence from 3.8284899546162863e-04 to 3.8284899546162961e-04 seconds.
Warning: Simulation tolerance relaxed to achieve convergence from 3.8284899546162961e-04 to 3.8284899546163058e-04 seconds.
Warning: Simulation tolerance relaxed to achieve convergence from 3.8284899546163058e-04 to 3.8284899546163156e-04 seconds.
Warning: Simulation tolerance relaxed to achieve convergence from 3.8284899546163156e-04 to 3.8284899546163254e-04 seconds.
Warning: Simulation tolerance relaxed to achieve convergence from 3.8284899546163254e-04 to 3.8284899546163351e-04 seconds.
Warning: Simulation tolerance relaxed to achieve convergence from 3.8284899763873121e-04 to 3.8284899763873218e-04 seconds.
Warning: Simulation tolerance relaxed to achieve convergence from 3.8284899763875224e-04 to 3.8284899763875322e-04 seconds.
Warning: Simulation tolerance relaxed to achieve convergence from 3.8284899763878726e-04 to 3.8284899763878824e-04 seconds.
Warning: Simulation tolerance relaxed to achieve convergence from 3.9038471775202532e-04 to 3.9038471775202629e-04 seconds.
Warning: Simulation tolerance relaxed to achieve convergence from 3.9038471775204922e-04 to 3.9038471775205020e-04 seconds.
Warning: Simulation tolerance relaxed to achieve convergence from 3.9038471775205622e-04 to 3.9038471775205719e-04 seconds.
Warning: Simulation tolerance relaxed to achieve convergence from 3.9038472113286075e-04 to 3.9038472113286173e-04 seconds.
Warning: Simulation tolerance relaxed to achieve convergence from 3.9038472113286173e-04 to 3.9038472113286270e-04 seconds.
Warning: Simulation tolerance relaxed to achieve convergence from 3.9785418241690629e-04 to 3.9785418241690727e-04 seconds.
Warning: Simulation tolerance relaxed to achieve convergence from 3.9785418278777488e-04 to 3.9785418278777586e-04 seconds.
Warning: Simulation tolerance relaxed to achieve convergence from 3.9785418302894178e-04 to 3.9785418302894275e-04 seconds.
Warning: Simulation tolerance relaxed to achieve convergence from 3.9785418343257171e-04 to 3.9785418343257268e-04 seconds.
Warning: Simulation tolerance relaxed to achieve convergence from 3.9785418343257870e-04 to 3.9785418343257968e-04 seconds.
Warning: Simulation tolerance relaxed to achieve convergence from 3.9785418343258266e-04 to 3.9785418343258363e-04 seconds.
Warning: Simulation tolerance relaxed to achieve convergence from 3.9785418505366863e-04 to 3.9785418505366960e-04 seconds.
Warning: Simulation tolerance relaxed to achieve convergence from 3.9785418505384958e-04 to 3.9785418505385056e-04 seconds.
Warning: Simulation tolerance relaxed to achieve convergence from 3.9785424346457413e-04 to 3.9785424346457511e-04 seconds.
Warning: Simulation tolerance relaxed to achieve convergence from 4.0531758214308865e-04 to 4.0531758214308963e-04 seconds.
Warning: Simulation tolerance relaxed to achieve convergence from 4.0531758214308963e-04 to 4.0531758214309060e-04 seconds.
Warning: Simulation tolerance relaxed to achieve convergence from 4.0531758214309760e-04 to 4.0531758214309857e-04 seconds.
Warning: Simulation tolerance relaxed to achieve convergence from 4.0531758215014963e-04 to 4.0531758215015060e-04 seconds.
Warning: Simulation tolerance relaxed to achieve convergence from 4.0531758215015359e-04 to 4.0531758215015456e-04 seconds.
Warning: Simulation tolerance relaxed to achieve convergence from 4.0531758215016155e-04 to 4.0531758215016253e-04 seconds.
Warning: Simulation tolerance relaxed to achieve convergence from 4.0531758215022943e-04 to 4.0531758215023040e-04 seconds.
Warning: Simulation tolerance relaxed to achieve convergence from 4.0531758215023040e-04 to 4.0531758215023138e-04 seconds.
Warning: Simulation tolerance relaxed to achieve convergence from 4.0531758215023935e-04 to 4.0531758215024032e-04 seconds.
Warning: Simulation tolerance relaxed to achieve convergence from 4.0531758215024032e-04 to 4.0531758215024130e-04 seconds.
Warning: Simulation tolerance relaxed to achieve convergence from 4.0531758215024130e-04 to 4.0531758215024227e-04 seconds.
Warning: Simulation tolerance relaxed to achieve convergence from 4.0531758215024227e-04 to 4.0531758215024325e-04 seconds.
Warning: Simulation tolerance relaxed to achieve convergence from 4.0531758215070832e-04 to 4.0531758215070929e-04 seconds.
Warning: Simulation tolerance relaxed to achieve convergence from 4.0531758329143982e-04 to 4.0531758329144079e-04 seconds.
Warning: Simulation tolerance relaxed to achieve convergence from 4.0531758329144079e-04 to 4.0531758329144177e-04 seconds.
Warning: Simulation tolerance relaxed to achieve convergence from 4.0531758345643766e-04 to 4.0531758345643864e-04 seconds.
Warning: Simulation tolerance relaxed to achieve convergence from 4.0531758345644059e-04 to 4.0531758345644156e-04 seconds.
Warning: Simulation tolerance relaxed to achieve convergence from 4.0531758345646260e-04 to 4.0531758345646357e-04 seconds.
Warning: Simulation tolerance relaxed to achieve convergence from 4.0531758345647057e-04 to 4.0531758345647154e-04 seconds.
Warning: Simulation tolerance relaxed to achieve convergence from 4.0531758345647154e-04 to 4.0531758345647252e-04 seconds.
Warning: Simulation tolerance relaxed to achieve convergence from 4.0531758345647252e-04 to 4.0531758345647349e-04 seconds.
Warning: Simulation tolerance relaxed to achieve convergence from 4.0531758345647544e-04 to 4.0531758345647642e-04 seconds.
Warning: Simulation tolerance relaxed to achieve convergence from 4.0531758345649648e-04 to 4.0531758345649745e-04 seconds.
Warning: Simulation tolerance relaxed to achieve convergence from 4.0531758345649745e-04 to 4.0531758345649843e-04 seconds.
Warning: Simulation tolerance relaxed to achieve convergence from 4.0531758406110128e-04 to 4.0531758406110225e-04 seconds.
Warning: Simulation tolerance relaxed to achieve convergence from 4.0531761630020595e-04 to 4.0531761630020692e-04 seconds.
Warning: Simulation tolerance relaxed to achieve convergence from 4.0531762604067718e-04 to 4.0531762604067816e-04 seconds.
Warning: Simulation tolerance relaxed to achieve convergence from 4.0531762604071112e-04 to 4.0531762604071209e-04 seconds.
Warning: Simulation tolerance relaxed to achieve convergence from 4.0531762712058277e-04 to 4.0531762712058374e-04 seconds.
Warning: Simulation tolerance relaxed to achieve convergence from 4.0531762712084487e-04 to 4.0531762712084585e-04 seconds.
Warning: Simulation tolerance relaxed to achieve convergence from 4.0531762712085187e-04 to 4.0531762712085284e-04 seconds.
Warning: Simulation tolerance relaxed to achieve convergence from 4.0531762712085984e-04 to 4.0531762712086081e-04 seconds.
Warning: Simulation tolerance relaxed to achieve convergence from 4.0531762712110682e-04 to 4.0531762712110779e-04 seconds.
Warning: Simulation tolerance relaxed to achieve convergence from 4.0531762712976574e-04 to 4.0531762712976672e-04 seconds.
Warning: Simulation tolerance relaxed to achieve convergence from 4.0531762712987080e-04 to 4.0531762712987178e-04 seconds.
Warning: Simulation tolerance relaxed to achieve convergence from 4.1283948298729628e-04 to 4.1283948298729726e-04 seconds.
Warning: Simulation tolerance relaxed to achieve convergence from 4.1283948298731027e-04 to 4.1283948298731125e-04 seconds.
Warning: Simulation tolerance relaxed to achieve convergence from 4.1283948320630523e-04 to 4.1283948320630621e-04 seconds.
Warning: Simulation tolerance relaxed to achieve convergence from 4.1283948330616329e-04 to 4.1283948330616426e-04 seconds.
Warning: Simulation tolerance relaxed to achieve convergence from 4.1283948330616426e-04 to 4.1283948330616524e-04 seconds.
Warning: Simulation tolerance relaxed to achieve convergence from 4.1283948330638620e-04 to 4.1283948330638718e-04 seconds.
Warning: Simulation tolerance relaxed to achieve convergence from 4.1283948330639016e-04 to 4.1283948330639113e-04 seconds.
Warning: Simulation tolerance relaxed to achieve convergence from 4.1283948330639211e-04 to 4.1283948330639308e-04 seconds.
Warning: Simulation tolerance relaxed to achieve convergence from 4.1283948330639406e-04 to 4.1283948330639504e-04 seconds.
Warning: Simulation tolerance relaxed to achieve convergence from 4.1283948330640799e-04 to 4.1283948330640897e-04 seconds.
Warning: Simulation tolerance relaxed to achieve convergence from 4.1283948330700300e-04 to 4.1283948330700398e-04 seconds.
Warning: Simulation tolerance relaxed to achieve convergence from 4.1283948330700696e-04 to 4.1283948330700794e-04 seconds.
Warning: Simulation tolerance relaxed to achieve convergence from 4.1283948331576406e-04 to 4.1283948331576504e-04 seconds.
Warning: Simulation tolerance relaxed to achieve convergence from 4.1283948331576704e-04 to 4.1283948331576802e-04 seconds.
Warning: Simulation tolerance relaxed to achieve convergence from 4.1283948331583302e-04 to 4.1283948331583399e-04 seconds.
Warning: Simulation tolerance relaxed to achieve convergence from 4.1283948331612000e-04 to 4.1283948331612098e-04 seconds.
Warning: Simulation tolerance relaxed to achieve convergence from 4.1283948331612700e-04 to 4.1283948331612797e-04 seconds.
Warning: Simulation tolerance relaxed to achieve convergence from 4.1283951219743173e-04 to 4.1283951219743271e-04 seconds.
Warning: Simulation tolerance relaxed to achieve convergence from 4.1283951219743271e-04 to 4.1283951219743369e-04 seconds.
Warning: Simulation tolerance relaxed to achieve convergence from 4.1283951219743369e-04 to 4.1283951219743466e-04 seconds.
Warning: Simulation tolerance relaxed to achieve convergence from 4.1283951219799259e-04 to 4.1283951219799357e-04 seconds.
Warning: Simulation tolerance relaxed to achieve convergence from 4.1283951219810258e-04 to 4.1283951219810356e-04 seconds.
Warning: Simulation tolerance relaxed to achieve convergence from 4.1283952547261764e-04 to 4.1283952547261862e-04 seconds.
Warning: Simulation tolerance relaxed to achieve convergence from 4.1283952547262063e-04 to 4.1283952547262160e-04 seconds.
Warning: Simulation tolerance relaxed to achieve convergence from 4.1283952547266367e-04 to 4.1283952547266464e-04 seconds.
Warning: Simulation tolerance relaxed to achieve convergence from 4.1283952547266562e-04 to 4.1283952547266660e-04 seconds.
Warning: Simulation tolerance relaxed to achieve convergence from 4.1283952547277464e-04 to 4.1283952547277561e-04 seconds.
Warning: Simulation tolerance relaxed to achieve convergence from 4.1283952547282755e-04 to 4.1283952547282852e-04 seconds.
Warning: Simulation tolerance relaxed to achieve convergence from 4.1283952547282852e-04 to 4.1283952547282950e-04 seconds.
Warning: Simulation tolerance relaxed to achieve convergence from 4.1283952647091013e-04 to 4.1283952647091111e-04 seconds.
Warning: Simulation tolerance relaxed to achieve convergence from 4.1283952647094813e-04 to 4.1283952647094911e-04 seconds.
Warning: Simulation tolerance relaxed to achieve convergence from 4.1283952647123908e-04 to 4.1283952647124005e-04 seconds.
Warning: Simulation tolerance relaxed to achieve convergence from 4.1283952647124005e-04 to 4.1283952647124103e-04 seconds.
Warning: Simulation tolerance relaxed to achieve convergence from 4.1283952647143000e-04 to 4.1283952647143098e-04 seconds.
Warning: Simulation tolerance relaxed to achieve convergence from 4.1283952647143396e-04 to 4.1283952647143494e-04 seconds.
Warning: Simulation tolerance relaxed to achieve convergence from 4.1283952647215794e-04 to 4.1283952647215891e-04 seconds.
Warning: Simulation tolerance relaxed to achieve convergence from 4.1283952647283996e-04 to 4.1283952647284093e-04 seconds.
Warning: Simulation tolerance relaxed to achieve convergence from 4.1283953443456092e-04 to 4.1283953443456189e-04 seconds.
Warning: Simulation tolerance relaxed to achieve convergence from 4.1283953443456189e-04 to 4.1283953443456287e-04 seconds.
Warning: Simulation tolerance relaxed to achieve convergence from 4.1283953443456986e-04 to 4.1283953443457084e-04 seconds.
Warning: Simulation tolerance relaxed to achieve convergence from 4.1283953443457984e-04 to 4.1283953443458081e-04 seconds.
Warning: Simulation tolerance relaxed to achieve convergence from 4.1283953461043369e-04 to 4.1283953461043467e-04 seconds.
Warning: Simulation tolerance relaxed to achieve convergence from 4.1283955628402435e-04 to 4.1283955628402532e-04 seconds.
Warning: Simulation tolerance relaxed to achieve convergence from 4.1283956112661920e-04 to 4.1283956112662018e-04 seconds.
Warning: Simulation tolerance relaxed to achieve convergence from 4.1283956350041101e-04 to 4.1283956350041199e-04 seconds.
Warning: Simulation tolerance relaxed to achieve convergence from 4.1283956350190299e-04 to 4.1283956350190396e-04 seconds.
Warning: Simulation tolerance relaxed to achieve convergence from 4.1283956352575749e-04 to 4.1283956352575847e-04 seconds.
Warning: Simulation tolerance relaxed to achieve convergence from 4.1283956352698351e-04 to 4.1283956352698448e-04 seconds.
Warning: Simulation tolerance relaxed to achieve convergence from 4.1283958022082079e-04 to 4.1283958022082177e-04 seconds.
Warning: Simulation tolerance relaxed to achieve convergence from 4.1283958022082378e-04 to 4.1283958022082475e-04 seconds.
Warning: Simulation tolerance relaxed to achieve convergence from 4.1283958022090276e-04 to 4.1283958022090374e-04 seconds.
Warning: Simulation tolerance relaxed to achieve convergence from 4.1283958022094174e-04 to 4.1283958022094271e-04 seconds.
Warning: Simulation tolerance relaxed to achieve convergence from 4.1283958022094369e-04 to 4.1283958022094466e-04 seconds.
Warning: Simulation tolerance relaxed to achieve convergence from 4.1283958022097665e-04 to 4.1283958022097762e-04 seconds.
Warning: Simulation tolerance relaxed to achieve convergence from 4.1283958022104159e-04 to 4.1283958022104257e-04 seconds.
Warning: Simulation tolerance relaxed to achieve convergence from 4.1283958174879320e-04 to 4.1283958174879418e-04 seconds.
Warning: Simulation tolerance relaxed to achieve convergence from 4.1283958174879716e-04 to 4.1283958174879814e-04 seconds.
Warning: Simulation tolerance relaxed to achieve convergence from 4.1283958425299095e-04 to 4.1283958425299193e-04 seconds.
Warning: Simulation tolerance relaxed to achieve convergence from 4.1283958425299291e-04 to 4.1283958425299388e-04 seconds.
Warning: Simulation tolerance relaxed to achieve convergence from 4.1283958425351880e-04 to 4.1283958425351977e-04 seconds.
Warning: Simulation tolerance relaxed to achieve convergence from 4.1283958425352872e-04 to 4.1283958425352969e-04 seconds.
Warning: Simulation tolerance relaxed to achieve convergence from 4.1283958425353669e-04 to 4.1283958425353766e-04 seconds.
Warning: Simulation tolerance relaxed to achieve convergence from 4.1283958425353766e-04 to 4.1283958425353864e-04 seconds.
Warning: Simulation tolerance relaxed to achieve convergence from 4.1283958425353961e-04 to 4.1283958425354059e-04 seconds.
Warning: Simulation tolerance relaxed to achieve convergence from 4.1283968887431829e-04 to 4.1283968887431926e-04 seconds.
Warning: Simulation tolerance relaxed to achieve convergence from 4.1283968887433824e-04 to 4.1283968887433921e-04 seconds.
Warning: Simulation tolerance relaxed to achieve convergence from 4.1283968887434122e-04 to 4.1283968887434220e-04 seconds.
Warning: Simulation tolerance relaxed to achieve convergence from 4.1283968887435922e-04 to 4.1283968887436019e-04 seconds.
Warning: Simulation tolerance relaxed to achieve convergence from 4.1283968887436220e-04 to 4.1283968887436317e-04 seconds.
Warning: Simulation tolerance relaxed to achieve convergence from 4.1283974490627379e-04 to 4.1283974490627476e-04 seconds.
Warning: Simulation tolerance relaxed to achieve convergence from 4.1283974524762356e-04 to 4.1283974524762454e-04 seconds.
Warning: Simulation tolerance relaxed to achieve convergence from 4.1283974756521239e-04 to 4.1283974756521337e-04 seconds.
Warning: Simulation tolerance relaxed to achieve convergence from 4.1283974788367212e-04 to 4.1283974788367309e-04 seconds.
Warning: Simulation tolerance relaxed to achieve convergence from 4.1283974788370117e-04 to 4.1283974788370215e-04 seconds.
Warning: Simulation tolerance relaxed to achieve convergence from 4.1283974788370513e-04 to 4.1283974788370611e-04 seconds.
Warning: Simulation tolerance relaxed to achieve convergence from 4.1283974788372015e-04 to 4.1283974788372112e-04 seconds.
Warning: Simulation tolerance relaxed to achieve convergence from 4.1283974831953510e-04 to 4.1283974831953608e-04 seconds.
Warning: Simulation tolerance relaxed to achieve convergence from 4.1283974841858283e-04 to 4.1283974841858380e-04 seconds.
Warning: Simulation tolerance relaxed to achieve convergence from 4.1283974841858478e-04 to 4.1283974841858575e-04 seconds.
Warning: Simulation tolerance relaxed to achieve convergence from 4.1283974841859974e-04 to 4.1283974841860072e-04 seconds.
Warning: Simulation tolerance relaxed to achieve convergence from 4.1283974841860072e-04 to 4.1283974841860169e-04 seconds.
Warning: Simulation tolerance relaxed to achieve convergence from 4.1283974841860267e-04 to 4.1283974841860364e-04 seconds.
Warning: Simulation tolerance relaxed to achieve convergence from 4.1283974841860966e-04 to 4.1283974841861064e-04 seconds.
Warning: Simulation tolerance relaxed to achieve convergence from 4.1283974841861264e-04 to 4.1283974841861362e-04 seconds.
Warning: Simulation tolerance relaxed to achieve convergence from 4.1283974841861758e-04 to 4.1283974841861855e-04 seconds.
Warning: Simulation tolerance relaxed to achieve convergence from 4.1283974841861855e-04 to 4.1283974841861953e-04 seconds.
Warning: Simulation tolerance relaxed to achieve convergence from 4.1283975216552585e-04 to 4.1283975216552683e-04 seconds.
Warning: Simulation tolerance relaxed to achieve convergence from 4.1283975216552981e-04 to 4.1283975216553078e-04 seconds.
Warning: Simulation tolerance relaxed to achieve convergence from 4.1283975216554477e-04 to 4.1283975216554575e-04 seconds.
Warning: Simulation tolerance relaxed to achieve convergence from 4.1283975216556466e-04 to 4.1283975216556564e-04 seconds.
Warning: Simulation tolerance relaxed to achieve convergence from 4.1283975216556862e-04 to 4.1283975216556960e-04 seconds.
Warning: Simulation tolerance relaxed to achieve convergence from 4.1283975216557160e-04 to 4.1283975216557258e-04 seconds.
Warning: Simulation tolerance relaxed to achieve convergence from 4.1283975300642525e-04 to 4.1283975300642622e-04 seconds.
Warning: Simulation tolerance relaxed to achieve convergence from 4.1283975300642622e-04 to 4.1283975300642720e-04 seconds.
Warning: Simulation tolerance relaxed to achieve convergence from 4.1283975300642720e-04 to 4.1283975300642818e-04 seconds.
Warning: Simulation tolerance relaxed to achieve convergence from 4.1283975361459398e-04 to 4.1283975361459496e-04 seconds.
Warning: Simulation tolerance relaxed to achieve convergence from 4.1283975427020090e-04 to 4.1283975427020188e-04 seconds.
Warning: Simulation tolerance relaxed to achieve convergence from 4.1283975427020887e-04 to 4.1283975427020984e-04 seconds.
Warning: Simulation tolerance relaxed to achieve convergence from 4.1283975427020984e-04 to 4.1283975427021082e-04 seconds.
Warning: Simulation tolerance relaxed to achieve convergence from 4.1283979913560624e-04 to 4.1283979913560721e-04 seconds.
Warning: Simulation tolerance relaxed to achieve convergence from 4.1283980249490936e-04 to 4.1283980249491034e-04 seconds.
Warning: Simulation tolerance relaxed to achieve convergence from 4.1283980249491635e-04 to 4.1283980249491733e-04 seconds.
Warning: Simulation tolerance relaxed to achieve convergence from 4.1283980249491933e-04 to 4.1283980249492031e-04 seconds.
Warning: Simulation tolerance relaxed to achieve convergence from 4.1283980249492730e-04 to 4.1283980249492828e-04 seconds.
Warning: Simulation tolerance relaxed to achieve convergence from 4.1283980249851428e-04 to 4.1283980249851525e-04 seconds.
Warning: Simulation tolerance relaxed to achieve convergence from 4.1283980249878430e-04 to 4.1283980249878527e-04 seconds.
Warning: Simulation tolerance relaxed to achieve convergence from 4.1283980256101729e-04 to 4.1283980256101826e-04 seconds.
Warning: Simulation tolerance relaxed to achieve convergence from 4.2031574721209839e-04 to 4.2031574721209937e-04 seconds.
Warning: Simulation tolerance relaxed to achieve convergence from 4.2031574738909413e-04 to 4.2031574738909510e-04 seconds.
Warning: Simulation tolerance relaxed to achieve convergence from 4.2031574739157212e-04 to 4.2031574739157310e-04 seconds.
Warning: Simulation tolerance relaxed to achieve convergence from 4.2031574739201209e-04 to 4.2031574739201307e-04 seconds.
Warning: Simulation tolerance relaxed to achieve convergence from 4.2031574815438690e-04 to 4.2031574815438788e-04 seconds.
Warning: Simulation tolerance relaxed to achieve convergence from 4.2031574815439487e-04 to 4.2031574815439585e-04 seconds.
Warning: Simulation tolerance relaxed to achieve convergence from 4.2031574827593599e-04 to 4.2031574827593697e-04 seconds.
Warning: Simulation tolerance relaxed to achieve convergence from 4.2031574827593697e-04 to 4.2031574827593795e-04 seconds.
Warning: Simulation tolerance relaxed to achieve convergence from 4.2031574827663699e-04 to 4.2031574827663796e-04 seconds.
Warning: Simulation tolerance relaxed to achieve convergence from 4.2031579415514355e-04 to 4.2031579415514452e-04 seconds.
Warning: Simulation tolerance relaxed to achieve convergence from 4.2031579415514550e-04 to 4.2031579415514647e-04 seconds.
Warning: Simulation tolerance relaxed to achieve convergence from 4.2031579528468754e-04 to 4.2031579528468852e-04 seconds.
Warning: Simulation tolerance relaxed to achieve convergence from 4.2031580131766250e-04 to 4.2031580131766347e-04 seconds.
Warning: Simulation tolerance relaxed to achieve convergence from 4.2031580131766445e-04 to 4.2031580131766542e-04 seconds.
Warning: Simulation tolerance relaxed to achieve convergence from 4.2031580131766542e-04 to 4.2031580131766640e-04 seconds.
Warning: Simulation tolerance relaxed to achieve convergence from 4.2031580131788346e-04 to 4.2031580131788443e-04 seconds.
Warning: Simulation tolerance relaxed to achieve convergence from 4.2031580131790238e-04 to 4.2031580131790335e-04 seconds.
Warning: Simulation tolerance relaxed to achieve convergence from 4.2031580193262706e-04 to 4.2031580193262804e-04 seconds.
Warning: Simulation tolerance relaxed to achieve convergence from 4.2031580658489993e-04 to 4.2031580658490091e-04 seconds.
Warning: Simulation tolerance relaxed to achieve convergence from 4.2031580659021187e-04 to 4.2031580659021285e-04 seconds.
Warning: Simulation tolerance relaxed to achieve convergence from 4.2031580833550860e-04 to 4.2031580833550957e-04 seconds.
Warning: Simulation tolerance relaxed to achieve convergence from 4.2031580833550957e-04 to 4.2031580833551055e-04 seconds.
Warning: Simulation tolerance relaxed to achieve convergence from 4.2031580833554649e-04 to 4.2031580833554747e-04 seconds.
Warning: Simulation tolerance relaxed to achieve convergence from 4.2031580834109137e-04 to 4.2031580834109235e-04 seconds.
Warning: Simulation tolerance relaxed to achieve convergence from 4.2031582962441495e-04 to 4.2031582962441592e-04 seconds.
Warning: Simulation tolerance relaxed to achieve convergence from 4.2031582984438981e-04 to 4.2031582984439078e-04 seconds.
Warning: Simulation tolerance relaxed to achieve convergence from 4.2031582984439680e-04 to 4.2031582984439778e-04 seconds.
Warning: Simulation tolerance relaxed to achieve convergence from 4.2031582984439875e-04 to 4.2031582984439973e-04 seconds.
Warning: Simulation tolerance relaxed to achieve convergence from 4.2031582984439973e-04 to 4.2031582984440071e-04 seconds.
Warning: Simulation tolerance relaxed to achieve convergence from 4.2031583159175351e-04 to 4.2031583159175449e-04 seconds.
Warning: Simulation tolerance relaxed to achieve convergence from 4.2031583159175449e-04 to 4.2031583159175546e-04 seconds.
Warning: Simulation tolerance relaxed to achieve convergence from 4.2031583159279852e-04 to 4.2031583159279949e-04 seconds.
Warning: Simulation tolerance relaxed to achieve convergence from 4.2031583159364344e-04 to 4.2031583159364441e-04 seconds.
Warning: Simulation tolerance relaxed to achieve convergence from 4.2031583159364441e-04 to 4.2031583159364539e-04 seconds.
Warning: Simulation tolerance relaxed to achieve convergence from 4.2031583561517307e-04 to 4.2031583561517405e-04 seconds.
Warning: Simulation tolerance relaxed to achieve convergence from 4.2031583569081087e-04 to 4.2031583569081184e-04 seconds.
Warning: Simulation tolerance relaxed to achieve convergence from 4.2031583569081385e-04 to 4.2031583569081482e-04 seconds.
Warning: Simulation tolerance relaxed to achieve convergence from 4.2031583569083185e-04 to 4.2031583569083282e-04 seconds.
Warning: Simulation tolerance relaxed to achieve convergence from 4.2031583607251649e-04 to 4.2031583607251747e-04 seconds.
Warning: Simulation tolerance relaxed to achieve convergence from 4.2031584284866666e-04 to 4.2031584284866764e-04 seconds.
Warning: Simulation tolerance relaxed to achieve convergence from 4.2031584622449758e-04 to 4.2031584622449856e-04 seconds.
Warning: Simulation tolerance relaxed to achieve convergence from 4.2031585320384334e-04 to 4.2031585320384432e-04 seconds.
Warning: Simulation tolerance relaxed to achieve convergence from 4.2031596812626757e-04 to 4.2031596812626854e-04 seconds.
Warning: Simulation tolerance relaxed to achieve convergence from 4.2031596812627553e-04 to 4.2031596812627651e-04 seconds.
Warning: Simulation tolerance relaxed to achieve convergence from 4.2031596812627651e-04 to 4.2031596812627749e-04 seconds.
Warning: Simulation tolerance relaxed to achieve convergence from 4.2031596951221448e-04 to 4.2031596951221545e-04 seconds.
Warning: Simulation tolerance relaxed to achieve convergence from 4.2031596951240459e-04 to 4.2031596951240557e-04 seconds.
Warning: Simulation tolerance relaxed to achieve convergence from 4.2031596969559730e-04 to 4.2031596969559828e-04 seconds.
Warning: Simulation tolerance relaxed to achieve convergence from 4.2031596969617128e-04 to 4.2031596969617225e-04 seconds.
Warning: Simulation tolerance relaxed to achieve convergence from 4.2031596969618423e-04 to 4.2031596969618521e-04 seconds.
Warning: Simulation tolerance relaxed to achieve convergence from 4.2031596981726235e-04 to 4.2031596981726332e-04 seconds.
Warning: Simulation tolerance relaxed to achieve convergence from 4.2031596981726332e-04 to 4.2031596981726430e-04 seconds.
Warning: Simulation tolerance relaxed to achieve convergence from 4.2031597705430220e-04 to 4.2031597705430318e-04 seconds.
Warning: Simulation tolerance relaxed to achieve convergence from 4.2031597721053508e-04 to 4.2031597721053606e-04 seconds.
Warning: Simulation tolerance relaxed to achieve convergence from 4.2031597754826899e-04 to 4.2031597754826997e-04 seconds.
Warning: Simulation tolerance relaxed to achieve convergence from 4.2031599859923948e-04 to 4.2031599859924045e-04 seconds.
Warning: Simulation tolerance relaxed to achieve convergence from 4.2031600290660048e-04 to 4.2031600290660145e-04 seconds.
Warning: Simulation tolerance relaxed to achieve convergence from 4.2031600291491734e-04 to 4.2031600291491831e-04 seconds.
Warning: Simulation tolerance relaxed to achieve convergence from 4.2031600291493235e-04 to 4.2031600291493333e-04 seconds.
Warning: Simulation tolerance relaxed to achieve convergence from 4.2031600296357422e-04 to 4.2031600296357519e-04 seconds.
Warning: Simulation tolerance relaxed to achieve convergence from 4.2031600296357519e-04 to 4.2031600296357617e-04 seconds.
Warning: Simulation tolerance relaxed to achieve convergence from 4.2031600299276912e-04 to 4.2031600299277010e-04 seconds.
Warning: Simulation tolerance relaxed to achieve convergence from 4.2031600967606654e-04 to 4.2031600967606752e-04 seconds.
Warning: Simulation tolerance relaxed to achieve convergence from 4.2031601583576261e-04 to 4.2031601583576359e-04 seconds.
Warning: Simulation tolerance relaxed to achieve convergence from 4.2031601583576559e-04 to 4.2031601583576657e-04 seconds.
Warning: Simulation tolerance relaxed to achieve convergence from 4.2031601583579861e-04 to 4.2031601583579958e-04 seconds.
Warning: Simulation tolerance relaxed to achieve convergence from 4.2031601854737724e-04 to 4.2031601854737821e-04 seconds.
Warning: Simulation tolerance relaxed to achieve convergence from 4.2031601857776710e-04 to 4.2031601857776807e-04 seconds.
Warning: Simulation tolerance relaxed to achieve convergence from 4.2031601857938001e-04 to 4.2031601857938099e-04 seconds.
Warning: Simulation tolerance relaxed to achieve convergence from 4.2031602018768107e-04 to 4.2031602018768204e-04 seconds.
Warning: Simulation tolerance relaxed to achieve convergence from 4.2031604063515372e-04 to 4.2031604063515470e-04 seconds.
Warning: Simulation tolerance relaxed to achieve convergence from 4.2786116880320511e-04 to 4.2786116880320609e-04 seconds.
Warning: Simulation tolerance relaxed to achieve convergence from 4.2786116880320609e-04 to 4.2786116880320706e-04 seconds.
Warning: Simulation tolerance relaxed to achieve convergence from 4.2786116927049338e-04 to 4.2786116927049435e-04 seconds.
Warning: Simulation tolerance relaxed to achieve convergence from 4.2786116927049636e-04 to 4.2786116927049733e-04 seconds.
Warning: Simulation tolerance relaxed to achieve convergence from 4.2786116963824234e-04 to 4.2786116963824331e-04 seconds.
Warning: Simulation tolerance relaxed to achieve convergence from 4.2786116988052016e-04 to 4.2786116988052114e-04 seconds.
Warning: Simulation tolerance relaxed to achieve convergence from 4.2786116988055204e-04 to 4.2786116988055301e-04 seconds.
Warning: Simulation tolerance relaxed to achieve convergence from 4.2786116988055399e-04 to 4.2786116988055496e-04 seconds.
Warning: Simulation tolerance relaxed to achieve convergence from 4.2786117066303359e-04 to 4.2786117066303457e-04 seconds.
Warning: Simulation tolerance relaxed to achieve convergence from 4.2786117066324664e-04 to 4.2786117066324761e-04 seconds.
Warning: Simulation tolerance relaxed to achieve convergence from 4.2786118429672033e-04 to 4.2786118429672130e-04 seconds.
Warning: Simulation tolerance relaxed to achieve convergence from 4.2786118561612206e-04 to 4.2786118561612303e-04 seconds.
Warning: Simulation tolerance relaxed to achieve convergence from 4.2786118561612894e-04 to 4.2786118561612992e-04 seconds.
Warning: Simulation tolerance relaxed to achieve convergence from 4.2786118561618689e-04 to 4.2786118561618787e-04 seconds.
Warning: Simulation tolerance relaxed to achieve convergence from 4.2786118566644270e-04 to 4.2786118566644367e-04 seconds.
Warning: Simulation tolerance relaxed to achieve convergence from 4.2786118566645365e-04 to 4.2786118566645462e-04 seconds.
Warning: Simulation tolerance relaxed to achieve convergence from 4.2786118566645560e-04 to 4.2786118566645658e-04 seconds.
Warning: Simulation tolerance relaxed to achieve convergence from 4.2786118566686353e-04 to 4.2786118566686451e-04 seconds.
Warning: Simulation tolerance relaxed to achieve convergence from 4.2786118610278214e-04 to 4.2786118610278312e-04 seconds.
Warning: Simulation tolerance relaxed to achieve convergence from 4.2786118613608021e-04 to 4.2786118613608119e-04 seconds.
Warning: Simulation tolerance relaxed to achieve convergence from 4.2786118613608720e-04 to 4.2786118613608818e-04 seconds.
Warning: Simulation tolerance relaxed to achieve convergence from 4.2786122527449803e-04 to 4.2786122527449901e-04 seconds.
Warning: Simulation tolerance relaxed to achieve convergence from 4.2786122527450503e-04 to 4.2786122527450600e-04 seconds.
Warning: Simulation tolerance relaxed to achieve convergence from 4.2786122527450801e-04 to 4.2786122527450898e-04 seconds.
Warning: Simulation tolerance relaxed to achieve convergence from 4.2786122535966488e-04 to 4.2786122535966585e-04 seconds.
Warning: Simulation tolerance relaxed to achieve convergence from 4.2786122535966585e-04 to 4.2786122535966683e-04 seconds.
Warning: Simulation tolerance relaxed to achieve convergence from 4.2786123027058545e-04 to 4.2786123027058643e-04 seconds.
Warning: Simulation tolerance relaxed to achieve convergence from 4.2786123106063403e-04 to 4.2786123106063501e-04 seconds.
Warning: Simulation tolerance relaxed to achieve convergence from 4.2786125396224867e-04 to 4.2786125396224964e-04 seconds.
Warning: Simulation tolerance relaxed to achieve convergence from 4.2786125396254265e-04 to 4.2786125396254362e-04 seconds.
Warning: Simulation tolerance relaxed to achieve convergence from 4.2786131106189979e-04 to 4.2786131106190077e-04 seconds.
Warning: Simulation tolerance relaxed to achieve convergence from 4.2786131594906409e-04 to 4.2786131594906506e-04 seconds.
Warning: Simulation tolerance relaxed to achieve convergence from 4.2786131594906506e-04 to 4.2786131594906604e-04 seconds.
Warning: Simulation tolerance relaxed to achieve convergence from 4.2786131594906804e-04 to 4.2786131594906902e-04 seconds.
Warning: Simulation tolerance relaxed to achieve convergence from 4.2786132187365786e-04 to 4.2786132187365883e-04 seconds.
Warning: Simulation tolerance relaxed to achieve convergence from 4.2786132187368984e-04 to 4.2786132187369082e-04 seconds.
Warning: Simulation tolerance relaxed to achieve convergence from 4.2786132188416583e-04 to 4.2786132188416681e-04 seconds.
Warning: Simulation tolerance relaxed to achieve convergence from 4.2786132188417478e-04 to 4.2786132188417576e-04 seconds.
Warning: Simulation tolerance relaxed to achieve convergence from 4.2786132188417576e-04 to 4.2786132188417673e-04 seconds.
Warning: Simulation tolerance relaxed to achieve convergence from 4.2786132190099363e-04 to 4.2786132190099460e-04 seconds.
Warning: Simulation tolerance relaxed to achieve convergence from 4.2786132198326056e-04 to 4.2786132198326153e-04 seconds.
Warning: Simulation tolerance relaxed to achieve convergence from 4.2786132198326153e-04 to 4.2786132198326251e-04 seconds.
Warning: Simulation tolerance relaxed to achieve convergence from 4.2786133645818014e-04 to 4.2786133645818112e-04 seconds.
Warning: Simulation tolerance relaxed to achieve convergence from 4.2786133645823218e-04 to 4.2786133645823316e-04 seconds.
Warning: Simulation tolerance relaxed to achieve convergence from 4.2786133883444772e-04 to 4.2786133883444870e-04 seconds.
Warning: Simulation tolerance relaxed to achieve convergence from 4.2786133883445472e-04 to 4.2786133883445569e-04 seconds.
Warning: Simulation tolerance relaxed to achieve convergence from 4.2786133929000888e-04 to 4.2786133929000985e-04 seconds.
Warning: Simulation tolerance relaxed to achieve convergence from 4.2786134183951842e-04 to 4.2786134183951939e-04 seconds.
Warning: Simulation tolerance relaxed to achieve convergence from 4.2786134183952839e-04 to 4.2786134183952937e-04 seconds.
Warning: Simulation tolerance relaxed to achieve convergence from 4.2786134208540110e-04 to 4.2786134208540208e-04 seconds.
Warning: Simulation tolerance relaxed to achieve convergence from 4.2786134235928608e-04 to 4.2786134235928705e-04 seconds.
Warning: Simulation tolerance relaxed to achieve convergence from 4.2786134235929399e-04 to 4.2786134235929497e-04 seconds.
Warning: Simulation tolerance relaxed to achieve convergence from 4.2786134235932093e-04 to 4.2786134235932191e-04 seconds.
Warning: Simulation tolerance relaxed to achieve convergence from 4.2786134417639781e-04 to 4.2786134417639878e-04 seconds.
Warning: Simulation tolerance relaxed to achieve convergence from 4.2786134444497978e-04 to 4.2786134444498076e-04 seconds.
Warning: Simulation tolerance relaxed to achieve convergence from 4.2786134531625565e-04 to 4.2786134531625663e-04 seconds.
Warning: Simulation tolerance relaxed to achieve convergence from 4.2786134531626265e-04 to 4.2786134531626362e-04 seconds.
Warning: Simulation tolerance relaxed to achieve convergence from 4.2786134726810189e-04 to 4.2786134726810287e-04 seconds.
Warning: Simulation tolerance relaxed to achieve convergence from 4.2786134726921591e-04 to 4.2786134726921688e-04 seconds.
Warning: Simulation tolerance relaxed to achieve convergence from 4.2786134726924681e-04 to 4.2786134726924778e-04 seconds.
Warning: Simulation tolerance relaxed to achieve convergence from 4.2786134726925873e-04 to 4.2786134726925971e-04 seconds.
Warning: Simulation tolerance relaxed to achieve convergence from 4.2786134938690724e-04 to 4.2786134938690821e-04 seconds.
Warning: Simulation tolerance relaxed to achieve convergence from 4.2786135011877818e-04 to 4.2786135011877916e-04 seconds.
Warning: Simulation tolerance relaxed to achieve convergence from 4.2786135086232609e-04 to 4.2786135086232707e-04 seconds.
Warning: Simulation tolerance relaxed to achieve convergence from 4.2786136074327279e-04 to 4.2786136074327377e-04 seconds.
Warning: Simulation tolerance relaxed to achieve convergence from 4.2786136076704658e-04 to 4.2786136076704756e-04 seconds.
Warning: Simulation tolerance relaxed to achieve convergence from 4.2786136076708458e-04 to 4.2786136076708556e-04 seconds.
Warning: Simulation tolerance relaxed to achieve convergence from 4.2786136076709548e-04 to 4.2786136076709646e-04 seconds.
Warning: Simulation tolerance relaxed to achieve convergence from 4.2786136076712437e-04 to 4.2786136076712535e-04 seconds.
Warning: Simulation tolerance relaxed to achieve convergence from 4.2786136077137634e-04 to 4.2786136077137732e-04 seconds.
Warning: Simulation tolerance relaxed to achieve convergence from 4.2786136077183030e-04 to 4.2786136077183128e-04 seconds.
Warning: Simulation tolerance relaxed to achieve convergence from 4.2786136077183128e-04 to 4.2786136077183225e-04 seconds.
Warning: Simulation tolerance relaxed to achieve convergence from 4.2786136077183426e-04 to 4.2786136077183523e-04 seconds.
Warning: Simulation tolerance relaxed to achieve convergence from 4.2786136077271230e-04 to 4.2786136077271327e-04 seconds.
Warning: Simulation tolerance relaxed to achieve convergence from 4.2786136077758725e-04 to 4.2786136077758823e-04 seconds.
Warning: Simulation tolerance relaxed to achieve convergence from 4.2786136077758823e-04 to 4.2786136077758920e-04 seconds.
Warning: Simulation tolerance relaxed to achieve convergence from 4.2786136338969402e-04 to 4.2786136338969499e-04 seconds.
Warning: Simulation tolerance relaxed to achieve convergence from 4.2786136340809390e-04 to 4.2786136340809488e-04 seconds.
Warning: Simulation tolerance relaxed to achieve convergence from 4.2786136340809488e-04 to 4.2786136340809585e-04 seconds.
Warning: Simulation tolerance relaxed to achieve convergence from 4.2786136418262284e-04 to 4.2786136418262381e-04 seconds.
Warning: Simulation tolerance relaxed to achieve convergence from 4.2786136418263080e-04 to 4.2786136418263178e-04 seconds.
Warning: Simulation tolerance relaxed to achieve convergence from 4.2786136418315084e-04 to 4.2786136418315182e-04 seconds.
Warning: Simulation tolerance relaxed to achieve convergence from 4.2786136439333883e-04 to 4.2786136439333980e-04 seconds.
Warning: Simulation tolerance relaxed to achieve convergence from 4.2786136439334273e-04 to 4.2786136439334371e-04 seconds.
Warning: Simulation tolerance relaxed to achieve convergence from 4.2786136564859970e-04 to 4.2786136564860067e-04 seconds.
Warning: Simulation tolerance relaxed to achieve convergence from 4.2786136565036266e-04 to 4.2786136565036364e-04 seconds.
Warning: Simulation tolerance relaxed to achieve convergence from 4.2786136584391861e-04 to 4.2786136584391959e-04 seconds.
Warning: Simulation tolerance relaxed to achieve convergence from 4.2786136603171853e-04 to 4.2786136603171950e-04 seconds.
Warning: Simulation tolerance relaxed to achieve convergence from 4.2786136608272856e-04 to 4.2786136608272953e-04 seconds.
Warning: Simulation tolerance relaxed to achieve convergence from 4.2786136609646442e-04 to 4.2786136609646540e-04 seconds.
Warning: Simulation tolerance relaxed to achieve convergence from 4.2786136609650243e-04 to 4.2786136609650340e-04 seconds.
Warning: Simulation tolerance relaxed to achieve convergence from 4.2786141765473401e-04 to 4.2786141765473499e-04 seconds.
Warning: Simulation tolerance relaxed to achieve convergence from 4.2786142136881286e-04 to 4.2786142136881384e-04 seconds.
Warning: Simulation tolerance relaxed to achieve convergence from 4.2786142216334874e-04 to 4.2786142216334972e-04 seconds.
Warning: Simulation tolerance relaxed to achieve convergence from 4.2786142216334972e-04 to 4.2786142216335069e-04 seconds.
Warning: Simulation tolerance relaxed to achieve convergence from 4.2786142216335671e-04 to 4.2786142216335769e-04 seconds.
Warning: Simulation tolerance relaxed to achieve convergence from 4.2786142216335769e-04 to 4.2786142216335866e-04 seconds.
Warning: Simulation tolerance relaxed to achieve convergence from 4.2786142217034564e-04 to 4.2786142217034662e-04 seconds.
Warning: Simulation tolerance relaxed to achieve convergence from 4.2786142503429457e-04 to 4.2786142503429555e-04 seconds.
Warning: Simulation tolerance relaxed to achieve convergence from 4.2786142734759929e-04 to 4.2786142734760026e-04 seconds.
Warning: Simulation tolerance relaxed to achieve convergence from 4.2786142734760026e-04 to 4.2786142734760124e-04 seconds.
Warning: Simulation tolerance relaxed to achieve convergence from 4.2786142734760416e-04 to 4.2786142734760514e-04 seconds.
Warning: Simulation tolerance relaxed to achieve convergence from 4.2786142734761110e-04 to 4.2786142734761208e-04 seconds.
Warning: Simulation tolerance relaxed to achieve convergence from 4.2786142734765615e-04 to 4.2786142734765713e-04 seconds.
Warning: Simulation tolerance relaxed to achieve convergence from 4.2786142734765713e-04 to 4.2786142734765810e-04 seconds.
Warning: Simulation tolerance relaxed to achieve convergence from 4.2786142734765810e-04 to 4.2786142734765908e-04 seconds.
Warning: Simulation tolerance relaxed to achieve convergence from 4.2786142734765908e-04 to 4.2786142734766006e-04 seconds.
Warning: Simulation tolerance relaxed to achieve convergence from 4.2786142734766006e-04 to 4.2786142734766103e-04 seconds.
Warning: Simulation tolerance relaxed to achieve convergence from 4.2786142734766304e-04 to 4.2786142734766401e-04 seconds.
Warning: Simulation tolerance relaxed to achieve convergence from 4.2786142771727797e-04 to 4.2786142771727894e-04 seconds.
Warning: Simulation tolerance relaxed to achieve convergence from 4.2786142772414888e-04 to 4.2786142772414986e-04 seconds.
Warning: Simulation tolerance relaxed to achieve convergence from 4.2786142772415186e-04 to 4.2786142772415284e-04 seconds.
Warning: Simulation tolerance relaxed to achieve convergence from 4.2786143045348127e-04 to 4.2786143045348224e-04 seconds.
Warning: Simulation tolerance relaxed to achieve convergence from 4.2786143047792937e-04 to 4.2786143047793035e-04 seconds.
Warning: Simulation tolerance relaxed to achieve convergence from 4.2786143047795843e-04 to 4.2786143047795941e-04 seconds.
Warning: Simulation tolerance relaxed to achieve convergence from 4.2786143047913441e-04 to 4.2786143047913539e-04 seconds.
Warning: Simulation tolerance relaxed to achieve convergence from 4.2786143047915035e-04 to 4.2786143047915132e-04 seconds.
Warning: Simulation tolerance relaxed to achieve convergence from 4.3533597864819744e-04 to 4.3533597864819841e-04 seconds.
Warning: Simulation tolerance relaxed to achieve convergence from 4.3533597865124920e-04 to 4.3533597865125017e-04 seconds.
Warning: Simulation tolerance relaxed to achieve convergence from 4.3533597932821614e-04 to 4.3533597932821712e-04 seconds.
Warning: Simulation tolerance relaxed to achieve convergence from 4.3533598092238056e-04 to 4.3533598092238153e-04 seconds.
Warning: Simulation tolerance relaxed to achieve convergence from 4.3533598125545446e-04 to 4.3533598125545544e-04 seconds.
Warning: Simulation tolerance relaxed to achieve convergence from 4.3533598149821730e-04 to 4.3533598149821828e-04 seconds.
Warning: Simulation tolerance relaxed to achieve convergence from 4.3533598149822825e-04 to 4.3533598149822923e-04 seconds.
Warning: Simulation tolerance relaxed to achieve convergence from 4.3533598391374596e-04 to 4.3533598391374694e-04 seconds.
Warning: Simulation tolerance relaxed to achieve convergence from 4.3533598391397299e-04 to 4.3533598391397397e-04 seconds.
Warning: Simulation tolerance relaxed to achieve convergence from 4.3533598391532396e-04 to 4.3533598391532494e-04 seconds.
Warning: Simulation tolerance relaxed to achieve convergence from 4.3533598399494257e-04 to 4.3533598399494354e-04 seconds.
Warning: Simulation tolerance relaxed to achieve convergence from 4.3533598401620946e-04 to 4.3533598401621044e-04 seconds.
Warning: Simulation tolerance relaxed to achieve convergence from 4.3533598485947042e-04 to 4.3533598485947139e-04 seconds.
Warning: Simulation tolerance relaxed to achieve convergence from 4.3533598485950142e-04 to 4.3533598485950240e-04 seconds.
Warning: Simulation tolerance relaxed to achieve convergence from 4.3533598491166434e-04 to 4.3533598491166532e-04 seconds.
Warning: Simulation tolerance relaxed to achieve convergence from 4.3533598491166532e-04 to 4.3533598491166629e-04 seconds.
Warning: Simulation tolerance relaxed to achieve convergence from 4.3533598495119809e-04 to 4.3533598495119907e-04 seconds.
Warning: Simulation tolerance relaxed to achieve convergence from 4.3533598627661704e-04 to 4.3533598627661801e-04 seconds.
Warning: Simulation tolerance relaxed to achieve convergence from 4.4285986258052094e-04 to 4.4285986258052191e-04 seconds.
Warning: Simulation tolerance relaxed to achieve convergence from 4.4285986258052191e-04 to 4.4285986258052289e-04 seconds.
Warning: Simulation tolerance relaxed to achieve convergence from 4.4285986300001854e-04 to 4.4285986300001952e-04 seconds.
Warning: Simulation tolerance relaxed to achieve convergence from 4.4285986300002250e-04 to 4.4285986300002348e-04 seconds.
Warning: Simulation tolerance relaxed to achieve convergence from 4.4285986300002348e-04 to 4.4285986300002445e-04 seconds.
Warning: Simulation tolerance relaxed to achieve convergence from 4.4285986300003047e-04 to 4.4285986300003145e-04 seconds.
Warning: Simulation tolerance relaxed to achieve convergence from 4.4285986300003443e-04 to 4.4285986300003540e-04 seconds.
Warning: Simulation tolerance relaxed to achieve convergence from 4.4285986300003741e-04 to 4.4285986300003838e-04 seconds.
Warning: Simulation tolerance relaxed to achieve convergence from 4.4285986778979264e-04 to 4.4285986778979362e-04 seconds.
Warning: Simulation tolerance relaxed to achieve convergence from 4.4285986798725053e-04 to 4.4285986798725150e-04 seconds.
Warning: Simulation tolerance relaxed to achieve convergence from 4.4285986798725351e-04 to 4.4285986798725448e-04 seconds.
Warning: Simulation tolerance relaxed to achieve convergence from 4.4285986942650142e-04 to 4.4285986942650240e-04 seconds.
Warning: Simulation tolerance relaxed to achieve convergence from 4.4285986942655141e-04 to 4.4285986942655238e-04 seconds.
Warning: Simulation tolerance relaxed to achieve convergence from 4.4285986942776436e-04 to 4.4285986942776533e-04 seconds.
Warning: Simulation tolerance relaxed to achieve convergence from 4.4285986942782442e-04 to 4.4285986942782540e-04 seconds.
Warning: Simulation tolerance relaxed to achieve convergence from 4.4285988120740640e-04 to 4.4285988120740737e-04 seconds.
Warning: Simulation tolerance relaxed to achieve convergence from 4.4285988131820416e-04 to 4.4285988131820514e-04 seconds.
Warning: Simulation tolerance relaxed to achieve convergence from 4.4285988272041275e-04 to 4.4285988272041373e-04 seconds.
Warning: Simulation tolerance relaxed to achieve convergence from 4.4285988272042273e-04 to 4.4285988272042370e-04 seconds.
Warning: Simulation tolerance relaxed to achieve convergence from 4.4285988272317573e-04 to 4.4285988272317671e-04 seconds.
Warning: Simulation tolerance relaxed to achieve convergence from 4.4285988272319975e-04 to 4.4285988272320072e-04 seconds.
Warning: Simulation tolerance relaxed to achieve convergence from 4.4285988272320072e-04 to 4.4285988272320170e-04 seconds.
Warning: Simulation tolerance relaxed to achieve convergence from 4.4285988272320170e-04 to 4.4285988272320268e-04 seconds.
Warning: Simulation tolerance relaxed to achieve convergence from 4.4285988272374071e-04 to 4.4285988272374169e-04 seconds.
Warning: Simulation tolerance relaxed to achieve convergence from 4.4285988272374169e-04 to 4.4285988272374266e-04 seconds.
Warning: Simulation tolerance relaxed to achieve convergence from 4.4285988272384073e-04 to 4.4285988272384170e-04 seconds.
Warning: Simulation tolerance relaxed to achieve convergence from 4.4285988272386767e-04 to 4.4285988272386865e-04 seconds.
Warning: Simulation tolerance relaxed to achieve convergence from 4.4285989628355848e-04 to 4.4285989628355945e-04 seconds.
Warning: Simulation tolerance relaxed to achieve convergence from 4.4285989741483752e-04 to 4.4285989741483850e-04 seconds.
Warning: Simulation tolerance relaxed to achieve convergence from 4.4285989741484847e-04 to 4.4285989741484945e-04 seconds.
Warning: Simulation tolerance relaxed to achieve convergence from 4.4285989741490545e-04 to 4.4285989741490642e-04 seconds.
Warning: Simulation tolerance relaxed to achieve convergence from 4.4285989741492642e-04 to 4.4285989741492740e-04 seconds.
Warning: Simulation tolerance relaxed to achieve convergence from 4.4285989741492935e-04 to 4.4285989741493033e-04 seconds.
Warning: Simulation tolerance relaxed to achieve convergence from 4.4285989741497630e-04 to 4.4285989741497727e-04 seconds.
Warning: Simulation tolerance relaxed to achieve convergence from 4.4285989741497825e-04 to 4.4285989741497923e-04 seconds.
Warning: Simulation tolerance relaxed to achieve convergence from 4.4285989741498215e-04 to 4.4285989741498313e-04 seconds.
Warning: Simulation tolerance relaxed to achieve convergence from 4.4285989741499012e-04 to 4.4285989741499110e-04 seconds.
Warning: Simulation tolerance relaxed to achieve convergence from 4.4285989741499110e-04 to 4.4285989741499207e-04 seconds.
Warning: Simulation tolerance relaxed to achieve convergence from 4.4285989741513508e-04 to 4.4285989741513606e-04 seconds.
Warning: Simulation tolerance relaxed to achieve convergence from 4.4285989741513606e-04 to 4.4285989741513703e-04 seconds.
Warning: Simulation tolerance relaxed to achieve convergence from 4.4285989741513703e-04 to 4.4285989741513801e-04 seconds.
Warning: Simulation tolerance relaxed to achieve convergence from 4.4285989741513801e-04 to 4.4285989741513898e-04 seconds.
Warning: Simulation tolerance relaxed to achieve convergence from 4.4285989741514093e-04 to 4.4285989741514191e-04 seconds.
Warning: Simulation tolerance relaxed to achieve convergence from 4.4285989741514191e-04 to 4.4285989741514289e-04 seconds.
Warning: Simulation tolerance relaxed to achieve convergence from 4.4285989741514289e-04 to 4.4285989741514386e-04 seconds.
Warning: Simulation tolerance relaxed to achieve convergence from 4.4285989741514386e-04 to 4.4285989741514484e-04 seconds.
Warning: Simulation tolerance relaxed to achieve convergence from 4.4285989741529690e-04 to 4.4285989741529787e-04 seconds.
Warning: Simulation tolerance relaxed to achieve convergence from 4.4285989741531489e-04 to 4.4285989741531587e-04 seconds.
Warning: Simulation tolerance relaxed to achieve convergence from 4.4285989741542982e-04 to 4.4285989741543080e-04 seconds.
Warning: Simulation tolerance relaxed to achieve convergence from 4.4285989741543573e-04 to 4.4285989741543670e-04 seconds.
Warning: Simulation tolerance relaxed to achieve convergence from 4.4285989741553472e-04 to 4.4285989741553569e-04 seconds.
Warning: Simulation tolerance relaxed to achieve convergence from 4.4285989741554171e-04 to 4.4285989741554269e-04 seconds.
Warning: Simulation tolerance relaxed to achieve convergence from 4.4285989741554269e-04 to 4.4285989741554366e-04 seconds.
Warning: Simulation tolerance relaxed to achieve convergence from 4.4285989761026865e-04 to 4.4285989761026962e-04 seconds.
Warning: Simulation tolerance relaxed to achieve convergence from 4.4285989761034259e-04 to 4.4285989761034357e-04 seconds.
Warning: Simulation tolerance relaxed to achieve convergence from 4.4285989764367454e-04 to 4.4285989764367552e-04 seconds.
Warning: Simulation tolerance relaxed to achieve convergence from 4.4285989764370951e-04 to 4.4285989764371048e-04 seconds.
Warning: Simulation tolerance relaxed to achieve convergence from 4.4285989764371542e-04 to 4.4285989764371639e-04 seconds.
Warning: Simulation tolerance relaxed to achieve convergence from 4.4285989764371639e-04 to 4.4285989764371737e-04 seconds.
Warning: Simulation tolerance relaxed to achieve convergence from 4.4285989764375439e-04 to 4.4285989764375537e-04 seconds.
Warning: Simulation tolerance relaxed to achieve convergence from 4.4285993385433841e-04 to 4.4285993385433938e-04 seconds.
Warning: Simulation tolerance relaxed to achieve convergence from 4.4285993385464448e-04 to 4.4285993385464545e-04 seconds.
Warning: Simulation tolerance relaxed to achieve convergence from 4.4285993385465147e-04 to 4.4285993385465244e-04 seconds.
Warning: Simulation tolerance relaxed to achieve convergence from 4.4285996133764814e-04 to 4.4285996133764912e-04 seconds.
Warning: Simulation tolerance relaxed to achieve convergence from 4.4285999388431364e-04 to 4.4285999388431462e-04 seconds.
Warning: Simulation tolerance relaxed to achieve convergence from 4.4285999388874158e-04 to 4.4285999388874256e-04 seconds.
Warning: Simulation tolerance relaxed to achieve convergence from 4.4611451170389703e-04 to 4.4611451170389801e-04 seconds.
Warning: Simulation tolerance relaxed to achieve convergence from 4.5035872102638285e-04 to 4.5035872102638382e-04 seconds.
Warning: Simulation tolerance relaxed to achieve convergence from 4.5035987330912071e-04 to 4.5035987330912169e-04 seconds.
Warning: Simulation tolerance relaxed to achieve convergence from 4.5035987330912169e-04 to 4.5035987330912267e-04 seconds.
Warning: Simulation tolerance relaxed to achieve convergence from 4.5035987431545950e-04 to 4.5035987431546047e-04 seconds.
Warning: Simulation tolerance relaxed to achieve convergence from 4.5035987431546346e-04 to 4.5035987431546443e-04 seconds.
Warning: Simulation tolerance relaxed to achieve convergence from 4.5035987431546443e-04 to 4.5035987431546541e-04 seconds.
Warning: Simulation tolerance relaxed to achieve convergence from 4.5035987431556158e-04 to 4.5035987431556255e-04 seconds.
Warning: Simulation tolerance relaxed to achieve convergence from 4.5035987431556255e-04 to 4.5035987431556353e-04 seconds.
Warning: Simulation tolerance relaxed to achieve convergence from 4.5035987431557350e-04 to 4.5035987431557448e-04 seconds.
Warning: Simulation tolerance relaxed to achieve convergence from 4.5035987431557448e-04 to 4.5035987431557545e-04 seconds.
Warning: Simulation tolerance relaxed to achieve convergence from 4.5035987431557740e-04 to 4.5035987431557838e-04 seconds.
Warning: Simulation tolerance relaxed to achieve convergence from 4.5035987431557838e-04 to 4.5035987431557936e-04 seconds.
Warning: Simulation tolerance relaxed to achieve convergence from 4.5035987431557936e-04 to 4.5035987431558033e-04 seconds.
Warning: Simulation tolerance relaxed to achieve convergence from 4.5035995926571428e-04 to 4.5035995926571526e-04 seconds.
Warning: Simulation tolerance relaxed to achieve convergence from 4.5035995928245838e-04 to 4.5035995928245935e-04 seconds.
Warning: Simulation tolerance relaxed to achieve convergence from 4.5035995928248234e-04 to 4.5035995928248331e-04 seconds.
Warning: Simulation tolerance relaxed to achieve convergence from 4.5035995980738895e-04 to 4.5035995980738993e-04 seconds.
Warning: Simulation tolerance relaxed to achieve convergence from 4.5035995980741687e-04 to 4.5035995980741785e-04 seconds.
Warning: Simulation tolerance relaxed to achieve convergence from 4.5035996013889976e-04 to 4.5035996013890073e-04 seconds.
Warning: Simulation tolerance relaxed to achieve convergence from 4.5035996013890372e-04 to 4.5035996013890469e-04 seconds.
Warning: Simulation tolerance relaxed to achieve convergence from 4.5035996083388441e-04 to 4.5035996083388538e-04 seconds.
Warning: Simulation tolerance relaxed to achieve convergence from 4.5035996083427044e-04 to 4.5035996083427142e-04 seconds.
Warning: Simulation tolerance relaxed to achieve convergence from 4.5035996083429944e-04 to 4.5035996083430042e-04 seconds.
Warning: Simulation tolerance relaxed to achieve convergence from 4.5035996083433343e-04 to 4.5035996083433441e-04 seconds.
Warning: Simulation tolerance relaxed to achieve convergence from 4.5035996623883634e-04 to 4.5035996623883732e-04 seconds.
Warning: Simulation tolerance relaxed to achieve convergence from 4.5035996623883932e-04 to 4.5035996623884030e-04 seconds.
Warning: Simulation tolerance relaxed to achieve convergence from 4.5035996623884030e-04 to 4.5035996623884127e-04 seconds.
Warning: Simulation tolerance relaxed to achieve convergence from 4.5035996637747934e-04 to 4.5035996637748032e-04 seconds.
Warning: Simulation tolerance relaxed to achieve convergence from 4.5035996659147640e-04 to 4.5035996659147738e-04 seconds.
Warning: Simulation tolerance relaxed to achieve convergence from 4.5035996659147738e-04 to 4.5035996659147836e-04 seconds.
Warning: Simulation tolerance relaxed to achieve convergence from 4.5035996659147933e-04 to 4.5035996659148031e-04 seconds.
Warning: Simulation tolerance relaxed to achieve convergence from 4.5035996659148128e-04 to 4.5035996659148226e-04 seconds.
Warning: Simulation tolerance relaxed to achieve convergence from 4.5035996659148226e-04 to 4.5035996659148323e-04 seconds.
Warning: Simulation tolerance relaxed to achieve convergence from 4.5035996659148323e-04 to 4.5035996659148421e-04 seconds.
Warning: Simulation tolerance relaxed to achieve convergence from 4.5035996659148719e-04 to 4.5035996659148817e-04 seconds.
Warning: Simulation tolerance relaxed to achieve convergence from 4.5035996659149418e-04 to 4.5035996659149516e-04 seconds.
Warning: Simulation tolerance relaxed to achieve convergence from 4.5035996659149516e-04 to 4.5035996659149614e-04 seconds.
Warning: Simulation tolerance relaxed to achieve convergence from 4.5035996659149614e-04 to 4.5035996659149711e-04 seconds.
Warning: Simulation tolerance relaxed to achieve convergence from 4.5035996659150009e-04 to 4.5035996659150107e-04 seconds.
Warning: Simulation tolerance relaxed to achieve convergence from 4.5035996759822502e-04 to 4.5035996759822599e-04 seconds.
Warning: Simulation tolerance relaxed to achieve convergence from 4.5035996759822599e-04 to 4.5035996759822697e-04 seconds.
Warning: Simulation tolerance relaxed to achieve convergence from 4.5035996759881791e-04 to 4.5035996759881889e-04 seconds.
Warning: Simulation tolerance relaxed to achieve convergence from 4.5035996759882588e-04 to 4.5035996759882686e-04 seconds.
Warning: Simulation tolerance relaxed to achieve convergence from 4.5035996773074179e-04 to 4.5035996773074276e-04 seconds.
Warning: Simulation tolerance relaxed to achieve convergence from 4.5035996784557040e-04 to 4.5035996784557138e-04 seconds.
Warning: Simulation tolerance relaxed to achieve convergence from 4.5035996784704036e-04 to 4.5035996784704134e-04 seconds.
Warning: Simulation tolerance relaxed to achieve convergence from 4.5035996784704833e-04 to 4.5035996784704931e-04 seconds.
Warning: Simulation tolerance relaxed to achieve convergence from 4.5035996785338121e-04 to 4.5035996785338219e-04 seconds.
Warning: Simulation tolerance relaxed to achieve convergence from 4.5035996785338517e-04 to 4.5035996785338614e-04 seconds.
Warning: Simulation tolerance relaxed to achieve convergence from 4.5035996785353414e-04 to 4.5035996785353511e-04 seconds.
Warning: Simulation tolerance relaxed to achieve convergence from 4.5035996785354210e-04 to 4.5035996785354308e-04 seconds.
Warning: Simulation tolerance relaxed to achieve convergence from 4.5035996785359615e-04 to 4.5035996785359713e-04 seconds.
Warning: Simulation tolerance relaxed to achieve convergence from 4.5035999772315654e-04 to 4.5035999772315751e-04 seconds.
Warning: Simulation tolerance relaxed to achieve convergence from 4.5036000122396420e-04 to 4.5036000122396517e-04 seconds.
Warning: Simulation tolerance relaxed to achieve convergence from 4.5036000487281815e-04 to 4.5036000487281913e-04 seconds.
Warning: Simulation tolerance relaxed to achieve convergence from 4.5036000487288011e-04 to 4.5036000487288109e-04 seconds.
Warning: Simulation tolerance relaxed to achieve convergence from 4.5036000487289003e-04 to 4.5036000487289101e-04 seconds.
Warning: Simulation tolerance relaxed to achieve convergence from 4.5036000691730583e-04 to 4.5036000691730681e-04 seconds.
Warning: Simulation tolerance relaxed to achieve convergence from 4.5036000691730681e-04 to 4.5036000691730778e-04 seconds.
Warning: Simulation tolerance relaxed to achieve convergence from 4.5036000732818680e-04 to 4.5036000732818777e-04 seconds.
Warning: Simulation tolerance relaxed to achieve convergence from 4.5036000732819075e-04 to 4.5036000732819173e-04 seconds.
Warning: Simulation tolerance relaxed to achieve convergence from 4.5036000732819970e-04 to 4.5036000732820067e-04 seconds.
Warning: Simulation tolerance relaxed to achieve convergence from 4.5036000732833273e-04 to 4.5036000732833370e-04 seconds.
Warning: Simulation tolerance relaxed to achieve convergence from 4.5036001036432611e-04 to 4.5036001036432709e-04 seconds.
Warning: Simulation tolerance relaxed to achieve convergence from 4.5036001036567313e-04 to 4.5036001036567410e-04 seconds.
Warning: Simulation tolerance relaxed to achieve convergence from 4.5036001036568012e-04 to 4.5036001036568110e-04 seconds.
Warning: Simulation tolerance relaxed to achieve convergence from 4.5036001036568110e-04 to 4.5036001036568207e-04 seconds.
Warning: Simulation tolerance relaxed to achieve convergence from 4.5036001036568207e-04 to 4.5036001036568305e-04 seconds.
Warning: Simulation tolerance relaxed to achieve convergence from 4.5036001036864097e-04 to 4.5036001036864194e-04 seconds.
Warning: Simulation tolerance relaxed to achieve convergence from 4.5036001046947784e-04 to 4.5036001046947882e-04 seconds.
Warning: Simulation tolerance relaxed to achieve convergence from 4.5036001125666668e-04 to 4.5036001125666765e-04 seconds.
Warning: Simulation tolerance relaxed to achieve convergence from 4.5036001152314964e-04 to 4.5036001152315062e-04 seconds.
Warning: Simulation tolerance relaxed to achieve convergence from 4.5036001152315360e-04 to 4.5036001152315457e-04 seconds.
Warning: Simulation tolerance relaxed to achieve convergence from 4.5036001152315555e-04 to 4.5036001152315652e-04 seconds.
Warning: Simulation tolerance relaxed to achieve convergence from 4.5036001152317252e-04 to 4.5036001152317349e-04 seconds.
Warning: Simulation tolerance relaxed to achieve convergence from 4.5036001152369841e-04 to 4.5036001152369938e-04 seconds.
Warning: Simulation tolerance relaxed to achieve convergence from 4.5036001174464857e-04 to 4.5036001174464954e-04 seconds.
Warning: Simulation tolerance relaxed to achieve convergence from 4.5036001200551840e-04 to 4.5036001200551937e-04 seconds.
Warning: Simulation tolerance relaxed to achieve convergence from 4.5036001200552132e-04 to 4.5036001200552230e-04 seconds.
Warning: Simulation tolerance relaxed to achieve convergence from 4.5036001200552929e-04 to 4.5036001200553027e-04 seconds.
Warning: Simulation tolerance relaxed to achieve convergence from 4.5036001263078804e-04 to 4.5036001263078901e-04 seconds.
Warning: Simulation tolerance relaxed to achieve convergence from 4.5036001640258276e-04 to 4.5036001640258374e-04 seconds.
Warning: Simulation tolerance relaxed to achieve convergence from 4.5036001640258574e-04 to 4.5036001640258672e-04 seconds.
Warning: Simulation tolerance relaxed to achieve convergence from 4.5036001640260076e-04 to 4.5036001640260173e-04 seconds.
Warning: Simulation tolerance relaxed to achieve convergence from 4.5036001640260775e-04 to 4.5036001640260873e-04 seconds.
Warning: Simulation tolerance relaxed to achieve convergence from 4.5036001676304464e-04 to 4.5036001676304561e-04 seconds.
Warning: Simulation tolerance relaxed to achieve convergence from 4.5036001695905457e-04 to 4.5036001695905554e-04 seconds.
Warning: Simulation tolerance relaxed to achieve convergence from 4.5036001695911149e-04 to 4.5036001695911246e-04 seconds.
Warning: Simulation tolerance relaxed to achieve convergence from 4.5036001695911246e-04 to 4.5036001695911344e-04 seconds.
Warning: Simulation tolerance relaxed to achieve convergence from 4.5036001724517823e-04 to 4.5036001724517921e-04 seconds.
Warning: Simulation tolerance relaxed to achieve convergence from 4.5036001796801007e-04 to 4.5036001796801105e-04 seconds.
Warning: Simulation tolerance relaxed to achieve convergence from 4.5036001811779461e-04 to 4.5036001811779558e-04 seconds.
Warning: Simulation tolerance relaxed to achieve convergence from 4.5036001811779558e-04 to 4.5036001811779656e-04 seconds.
Warning: Simulation tolerance relaxed to achieve convergence from 4.5036001811779656e-04 to 4.5036001811779754e-04 seconds.
Warning: Simulation tolerance relaxed to achieve convergence from 4.5036001811779754e-04 to 4.5036001811779851e-04 seconds.
Warning: Simulation tolerance relaxed to achieve convergence from 4.5036001811780648e-04 to 4.5036001811780746e-04 seconds.
Warning: Simulation tolerance relaxed to achieve convergence from 4.5036001811781543e-04 to 4.5036001811781640e-04 seconds.
Warning: Simulation tolerance relaxed to achieve convergence from 4.5036001811797947e-04 to 4.5036001811798044e-04 seconds.
Warning: Simulation tolerance relaxed to achieve convergence from 4.5036005550924148e-04 to 4.5036005550924246e-04 seconds.
Warning: Simulation tolerance relaxed to achieve convergence from 4.5036005550924246e-04 to 4.5036005550924343e-04 seconds.
Warning: Simulation tolerance relaxed to achieve convergence from 4.5036005567243716e-04 to 4.5036005567243814e-04 seconds.
Warning: Simulation tolerance relaxed to achieve convergence from 4.5036005567244709e-04 to 4.5036005567244806e-04 seconds.
Warning: Simulation tolerance relaxed to achieve convergence from 4.5036005567320711e-04 to 4.5036005567320809e-04 seconds.
Warning: Simulation tolerance relaxed to achieve convergence from 4.5036005567322001e-04 to 4.5036005567322099e-04 seconds.
Warning: Simulation tolerance relaxed to achieve convergence from 4.5036006627805484e-04 to 4.5036006627805582e-04 seconds.
Warning: Simulation tolerance relaxed to achieve convergence from 4.5781618682961666e-04 to 4.5781618682961764e-04 seconds.
Warning: Simulation tolerance relaxed to achieve convergence from 4.5781618682964062e-04 to 4.5781618682964160e-04 seconds.
Warning: Simulation tolerance relaxed to achieve convergence from 4.5781619410599028e-04 to 4.5781619410599126e-04 seconds.
Warning: Simulation tolerance relaxed to achieve convergence from 4.5781619953578232e-04 to 4.5781619953578329e-04 seconds.
Warning: Simulation tolerance relaxed to achieve convergence from 4.5781619953581229e-04 to 4.5781619953581327e-04 seconds.
Warning: Simulation tolerance relaxed to achieve convergence from 4.5781621066552414e-04 to 4.5781621066552511e-04 seconds.
Warning: Simulation tolerance relaxed to achieve convergence from 4.5781622983935783e-04 to 4.5781622983935880e-04 seconds.
Warning: Simulation tolerance relaxed to achieve convergence from 4.5781622983936775e-04 to 4.5781622983936872e-04 seconds.
Warning: Simulation tolerance relaxed to achieve convergence from 4.5781622984533270e-04 to 4.5781622984533368e-04 seconds.
Warning: Simulation tolerance relaxed to achieve convergence from 4.5781622984533368e-04 to 4.5781622984533466e-04 seconds.
Warning: Simulation tolerance relaxed to achieve convergence from 4.5781622984533466e-04 to 4.5781622984533563e-04 seconds.
Warning: Simulation tolerance relaxed to achieve convergence from 4.5781622984533563e-04 to 4.5781622984533661e-04 seconds.
Warning: Simulation tolerance relaxed to achieve convergence from 4.6536867086420340e-04 to 4.6536867086420438e-04 seconds.
Warning: Simulation tolerance relaxed to achieve convergence from 4.6536867099282030e-04 to 4.6536867099282128e-04 seconds.
Warning: Simulation tolerance relaxed to achieve convergence from 4.6536867099282128e-04 to 4.6536867099282225e-04 seconds.
Warning: Simulation tolerance relaxed to achieve convergence from 4.6536867099282225e-04 to 4.6536867099282323e-04 seconds.
Warning: Simulation tolerance relaxed to achieve convergence from 4.6536867099282323e-04 to 4.6536867099282420e-04 seconds.
Warning: Simulation tolerance relaxed to achieve convergence from 4.6536867099311022e-04 to 4.6536867099311119e-04 seconds.
Warning: Simulation tolerance relaxed to achieve convergence from 4.6536867099330022e-04 to 4.6536867099330120e-04 seconds.
Warning: Simulation tolerance relaxed to achieve convergence from 4.6536867101040400e-04 to 4.6536867101040498e-04 seconds.
Warning: Simulation tolerance relaxed to achieve convergence from 4.6536867107852084e-04 to 4.6536867107852182e-04 seconds.
Warning: Simulation tolerance relaxed to achieve convergence from 4.6536867107853082e-04 to 4.6536867107853180e-04 seconds.
Warning: Simulation tolerance relaxed to achieve convergence from 4.6536868463654848e-04 to 4.6536868463654946e-04 seconds.
Warning: Simulation tolerance relaxed to achieve convergence from 4.6536868469351035e-04 to 4.6536868469351133e-04 seconds.
Warning: Simulation tolerance relaxed to achieve convergence from 4.6536868943891445e-04 to 4.6536868943891543e-04 seconds.
Warning: Simulation tolerance relaxed to achieve convergence from 4.6536868943900845e-04 to 4.6536868943900943e-04 seconds.
Warning: Simulation tolerance relaxed to achieve convergence from 4.6536868943901339e-04 to 4.6536868943901436e-04 seconds.
Warning: Simulation tolerance relaxed to achieve convergence from 4.6536868943905844e-04 to 4.6536868943905941e-04 seconds.
Warning: Simulation tolerance relaxed to achieve convergence from 4.6536868943906543e-04 to 4.6536868943906640e-04 seconds.
Warning: Simulation tolerance relaxed to achieve convergence from 4.6536869736721619e-04 to 4.6536869736721716e-04 seconds.
Warning: Simulation tolerance relaxed to achieve convergence from 4.6536869736741221e-04 to 4.6536869736741319e-04 seconds.
Warning: Simulation tolerance relaxed to achieve convergence from 4.6536869736741519e-04 to 4.6536869736741617e-04 seconds.
Warning: Simulation tolerance relaxed to achieve convergence from 4.6536869736741617e-04 to 4.6536869736741714e-04 seconds.
Warning: Simulation tolerance relaxed to achieve convergence from 4.6536869736746918e-04 to 4.6536869736747016e-04 seconds.
Warning: Simulation tolerance relaxed to achieve convergence from 4.6536869736747509e-04 to 4.6536869736747607e-04 seconds.
Warning: Simulation tolerance relaxed to achieve convergence from 4.6536869773750197e-04 to 4.6536869773750294e-04 seconds.
Warning: Simulation tolerance relaxed to achieve convergence from 4.6536869773764996e-04 to 4.6536869773765093e-04 seconds.
Warning: Simulation tolerance relaxed to achieve convergence from 4.6536869773765294e-04 to 4.6536869773765392e-04 seconds.
Warning: Simulation tolerance relaxed to achieve convergence from 4.6536869786519182e-04 to 4.6536869786519279e-04 seconds.
Warning: Simulation tolerance relaxed to achieve convergence from 4.6536869786520472e-04 to 4.6536869786520569e-04 seconds.
Warning: Simulation tolerance relaxed to achieve convergence from 4.6536869786523676e-04 to 4.6536869786523773e-04 seconds.
Warning: Simulation tolerance relaxed to achieve convergence from 4.6536869786523773e-04 to 4.6536869786523871e-04 seconds.
Warning: Simulation tolerance relaxed to achieve convergence from 4.6536874366510565e-04 to 4.6536874366510662e-04 seconds.
Warning: Simulation tolerance relaxed to achieve convergence from 4.6536874366510863e-04 to 4.6536874366510960e-04 seconds.
Warning: Simulation tolerance relaxed to achieve convergence from 4.6536874366511161e-04 to 4.6536874366511258e-04 seconds.
Warning: Simulation tolerance relaxed to achieve convergence from 4.6536874366511459e-04 to 4.6536874366511557e-04 seconds.
Warning: Simulation tolerance relaxed to achieve convergence from 4.6536874369147762e-04 to 4.6536874369147859e-04 seconds.
Warning: Simulation tolerance relaxed to achieve convergence from 4.6536874369147957e-04 to 4.6536874369148054e-04 seconds.
Warning: Simulation tolerance relaxed to achieve convergence from 4.6536874513091549e-04 to 4.6536874513091646e-04 seconds.
Warning: Simulation tolerance relaxed to achieve convergence from 4.6536874513097853e-04 to 4.6536874513097951e-04 seconds.
Warning: Simulation tolerance relaxed to achieve convergence from 4.6536874793908726e-04 to 4.6536874793908823e-04 seconds.
Warning: Simulation tolerance relaxed to achieve convergence from 4.6536874800081517e-04 to 4.6536874800081615e-04 seconds.
Warning: Simulation tolerance relaxed to achieve convergence from 4.6536882494473180e-04 to 4.6536882494473277e-04 seconds.
Warning: Simulation tolerance relaxed to achieve convergence from 4.6536885359502568e-04 to 4.6536885359502666e-04 seconds.
Warning: Simulation tolerance relaxed to achieve convergence from 4.6536885359502867e-04 to 4.6536885359502964e-04 seconds.
Warning: Simulation tolerance relaxed to achieve convergence from 4.6536885359502964e-04 to 4.6536885359503062e-04 seconds.
Warning: Simulation tolerance relaxed to achieve convergence from 4.6536885359503062e-04 to 4.6536885359503159e-04 seconds.
Warning: Simulation tolerance relaxed to achieve convergence from 4.6536885359503360e-04 to 4.6536885359503457e-04 seconds.
Warning: Simulation tolerance relaxed to achieve convergence from 4.6536885360015152e-04 to 4.6536885360015250e-04 seconds.
Warning: Simulation tolerance relaxed to achieve convergence from 4.7284864841061898e-04 to 4.7284864841061995e-04 seconds.
Warning: Simulation tolerance relaxed to achieve convergence from 4.7284864841075499e-04 to 4.7284864841075597e-04 seconds.
Warning: Simulation tolerance relaxed to achieve convergence from 4.7284864841124499e-04 to 4.7284864841124597e-04 seconds.
Warning: Simulation tolerance relaxed to achieve convergence from 4.7284864841187204e-04 to 4.7284864841187302e-04 seconds.
Warning: Simulation tolerance relaxed to achieve convergence from 4.7284864841187502e-04 to 4.7284864841187600e-04 seconds.
Warning: Simulation tolerance relaxed to achieve convergence from 4.7284864864749574e-04 to 4.7284864864749671e-04 seconds.
Warning: Simulation tolerance relaxed to achieve convergence from 4.7284864864749671e-04 to 4.7284864864749769e-04 seconds.
Warning: Simulation tolerance relaxed to achieve convergence from 4.7284864864750371e-04 to 4.7284864864750468e-04 seconds.
Warning: Simulation tolerance relaxed to achieve convergence from 4.7284864864750468e-04 to 4.7284864864750566e-04 seconds.
Warning: Simulation tolerance relaxed to achieve convergence from 4.7284864880519153e-04 to 4.7284864880519251e-04 seconds.
Warning: Simulation tolerance relaxed to achieve convergence from 4.7284865947212464e-04 to 4.7284865947212561e-04 seconds.
Warning: Simulation tolerance relaxed to achieve convergence from 4.7284865947212561e-04 to 4.7284865947212659e-04 seconds.
Warning: Simulation tolerance relaxed to achieve convergence from 4.7284873887671925e-04 to 4.7284873887672022e-04 seconds.
Warning: Simulation tolerance relaxed to achieve convergence from 4.7284873887674321e-04 to 4.7284873887674418e-04 seconds.
Warning: Simulation tolerance relaxed to achieve convergence from 4.7284873887675215e-04 to 4.7284873887675313e-04 seconds.
Warning: Simulation tolerance relaxed to achieve convergence from 4.7284873887675611e-04 to 4.7284873887675708e-04 seconds.
Warning: Simulation tolerance relaxed to achieve convergence from 4.7284946813473531e-04 to 4.7284946813473628e-04 seconds.
Warning: Simulation tolerance relaxed to achieve convergence from 4.7284946813473628e-04 to 4.7284946813473726e-04 seconds.
Warning: Simulation tolerance relaxed to achieve convergence from 4.7617017351191267e-04 to 4.7617017351191365e-04 seconds.
Warning: Simulation tolerance relaxed to achieve convergence from 4.8787072085337846e-04 to 4.8787072085337943e-04 seconds.
Warning: Simulation tolerance relaxed to achieve convergence from 4.8787072085337943e-04 to 4.8787072085338041e-04 seconds.
Warning: Simulation tolerance relaxed to achieve convergence from 4.8787072085338930e-04 to 4.8787072085339027e-04 seconds.
Warning: Simulation tolerance relaxed to achieve convergence from 4.8787072085343429e-04 to 4.8787072085343527e-04 seconds.
Warning: Simulation tolerance relaxed to achieve convergence from 4.8787072085345224e-04 to 4.8787072085345321e-04 seconds.
Warning: Simulation tolerance relaxed to achieve convergence from 4.8787072106296612e-04 to 4.8787072106296710e-04 seconds.
Warning: Simulation tolerance relaxed to achieve convergence from 4.8787072106297311e-04 to 4.8787072106297409e-04 seconds.
Warning: Simulation tolerance relaxed to achieve convergence from 4.8787072106298011e-04 to 4.8787072106298108e-04 seconds.
Warning: Simulation tolerance relaxed to achieve convergence from 4.8787072117361605e-04 to 4.8787072117361703e-04 seconds.
Warning: Simulation tolerance relaxed to achieve convergence from 4.8787072337747880e-04 to 4.8787072337747977e-04 seconds.
Warning: Simulation tolerance relaxed to achieve convergence from 4.8787072337748579e-04 to 4.8787072337748677e-04 seconds.
Warning: Simulation tolerance relaxed to achieve convergence from 4.8787072347306461e-04 to 4.8787072347306558e-04 seconds.
Warning: Simulation tolerance relaxed to achieve convergence from 4.8787075114972142e-04 to 4.8787075114972239e-04 seconds.
Warning: Simulation tolerance relaxed to achieve convergence from 4.8787075114972440e-04 to 4.8787075114972538e-04 seconds.
Warning: Simulation tolerance relaxed to achieve convergence from 4.8787078976176104e-04 to 4.8787078976176201e-04 seconds.
Warning: Simulation tolerance relaxed to achieve convergence from 4.8787078976176201e-04 to 4.8787078976176299e-04 seconds.
Warning: Simulation tolerance relaxed to achieve convergence from 4.8787078976312599e-04 to 4.8787078976312697e-04 seconds.
Warning: Simulation tolerance relaxed to achieve convergence from 4.8787078976312697e-04 to 4.8787078976312794e-04 seconds.
Warning: Simulation tolerance relaxed to achieve convergence from 4.8787078976312794e-04 to 4.8787078976312892e-04 seconds.
Warning: Simulation tolerance relaxed to achieve convergence from 4.8787079030751285e-04 to 4.8787079030751382e-04 seconds.
Warning: Simulation tolerance relaxed to achieve convergence from 4.8787079791632075e-04 to 4.8787079791632172e-04 seconds.
Warning: Simulation tolerance relaxed to achieve convergence from 4.8787079791633771e-04 to 4.8787079791633869e-04 seconds.
Warning: Simulation tolerance relaxed to achieve convergence from 4.8787079791634568e-04 to 4.8787079791634666e-04 seconds.
Warning: Simulation tolerance relaxed to achieve convergence from 4.8787079798547675e-04 to 4.8787079798547772e-04 seconds.
Warning: Simulation tolerance relaxed to achieve convergence from 4.8787079901646340e-04 to 4.8787079901646438e-04 seconds.
Warning: Simulation tolerance relaxed to achieve convergence from 4.8787079901646736e-04 to 4.8787079901646833e-04 seconds.
Warning: Simulation tolerance relaxed to achieve convergence from 4.8787079901650536e-04 to 4.8787079901650634e-04 seconds.
Warning: Simulation tolerance relaxed to achieve convergence from 4.8787079901663633e-04 to 4.8787079901663731e-04 seconds.
Warning: Simulation tolerance relaxed to achieve convergence from 4.8787079904735910e-04 to 4.8787079904736007e-04 seconds.
Warning: Simulation tolerance relaxed to achieve convergence from 4.8787079904755512e-04 to 4.8787079904755610e-04 seconds.
Warning: Simulation tolerance relaxed to achieve convergence from 4.8787079904755805e-04 to 4.8787079904755902e-04 seconds.
Warning: Simulation tolerance relaxed to achieve convergence from 4.8787079904758304e-04 to 4.8787079904758402e-04 seconds.
Warning: Simulation tolerance relaxed to achieve convergence from 4.8787079904772605e-04 to 4.8787079904772702e-04 seconds.
Warning: Simulation tolerance relaxed to achieve convergence from 4.8787079904772702e-04 to 4.8787079904772800e-04 seconds.
Warning: Simulation tolerance relaxed to achieve convergence from 4.8787079904881101e-04 to 4.8787079904881198e-04 seconds.
Warning: Simulation tolerance relaxed to achieve convergence from 4.8787079904903912e-04 to 4.8787079904904010e-04 seconds.
Warning: Simulation tolerance relaxed to achieve convergence from 4.9532145528200313e-04 to 4.9532145528200411e-04 seconds.
Warning: Simulation tolerance relaxed to achieve convergence from 4.9532145528200606e-04 to 4.9532145528200704e-04 seconds.
Warning: Simulation tolerance relaxed to achieve convergence from 4.9532145528200899e-04 to 4.9532145528200996e-04 seconds.
Warning: Simulation tolerance relaxed to achieve convergence from 4.9532145878074816e-04 to 4.9532145878074913e-04 seconds.
Warning: Simulation tolerance relaxed to achieve convergence from 4.9532145878078502e-04 to 4.9532145878078599e-04 seconds.
Warning: Simulation tolerance relaxed to achieve convergence from 4.9532145878079196e-04 to 4.9532145878079293e-04 seconds.
Warning: Simulation tolerance relaxed to achieve convergence from 4.9532145908513857e-04 to 4.9532145908513954e-04 seconds.
Warning: Simulation tolerance relaxed to achieve convergence from 4.9532145908518443e-04 to 4.9532145908518540e-04 seconds.
Warning: Simulation tolerance relaxed to achieve convergence from 4.9532145911232309e-04 to 4.9532145911232407e-04 seconds.
Warning: Simulation tolerance relaxed to achieve convergence from 4.9532145917105779e-04 to 4.9532145917105877e-04 seconds.
Warning: Simulation tolerance relaxed to achieve convergence from 4.9532145917117586e-04 to 4.9532145917117684e-04 seconds.
Warning: Simulation tolerance relaxed to achieve convergence from 4.9532145941680230e-04 to 4.9532145941680328e-04 seconds.
Warning: Simulation tolerance relaxed to achieve convergence from 4.9532145941682301e-04 to 4.9532145941682398e-04 seconds.
Warning: Simulation tolerance relaxed to achieve convergence from 4.9532145941682398e-04 to 4.9532145941682496e-04 seconds.
Warning: Simulation tolerance relaxed to achieve convergence from 4.9532145946641756e-04 to 4.9532145946641854e-04 seconds.
Warning: Simulation tolerance relaxed to achieve convergence from 4.9532145950692238e-04 to 4.9532145950692335e-04 seconds.
Warning: Simulation tolerance relaxed to achieve convergence from 4.9532145950692335e-04 to 4.9532145950692433e-04 seconds.
Warning: Simulation tolerance relaxed to achieve convergence from 4.9532145951830726e-04 to 4.9532145951830823e-04 seconds.
Warning: Simulation tolerance relaxed to achieve convergence from 4.9532145951831420e-04 to 4.9532145951831517e-04 seconds.
Warning: Simulation tolerance relaxed to achieve convergence from 4.9532146039056146e-04 to 4.9532146039056243e-04 seconds.
Warning: Simulation tolerance relaxed to achieve convergence from 4.9532146039056341e-04 to 4.9532146039056439e-04 seconds.
Warning: Simulation tolerance relaxed to achieve convergence from 4.9532146170642890e-04 to 4.9532146170642988e-04 seconds.
Warning: Simulation tolerance relaxed to achieve convergence from 4.9532146170644679e-04 to 4.9532146170644777e-04 seconds.
Warning: Simulation tolerance relaxed to achieve convergence from 4.9532146170644972e-04 to 4.9532146170645070e-04 seconds.
Warning: Simulation tolerance relaxed to achieve convergence from 4.9532146170645070e-04 to 4.9532146170645167e-04 seconds.
Warning: Simulation tolerance relaxed to achieve convergence from 4.9532163846795338e-04 to 4.9532163846795435e-04 seconds.
Warning: Simulation tolerance relaxed to achieve convergence from 4.9532163846802981e-04 to 4.9532163846803079e-04 seconds.
Warning: Simulation tolerance relaxed to achieve convergence from 4.9532163846803176e-04 to 4.9532163846803274e-04 seconds.
Warning: Simulation tolerance relaxed to achieve convergence from 4.9532163846803274e-04 to 4.9532163846803371e-04 seconds.
Warning: Simulation tolerance relaxed to achieve convergence from 4.9532163846803567e-04 to 4.9532163846803664e-04 seconds.
Warning: Simulation tolerance relaxed to achieve convergence from 4.9532163863274517e-04 to 4.9532163863274614e-04 seconds.
Warning: Simulation tolerance relaxed to achieve convergence from 4.9532163909381786e-04 to 4.9532163909381884e-04 seconds.
Warning: Simulation tolerance relaxed to achieve convergence from 4.9532163909401389e-04 to 4.9532163909401486e-04 seconds.
Warning: Simulation tolerance relaxed to achieve convergence from 4.9532163909404565e-04 to 4.9532163909404663e-04 seconds.
Warning: Simulation tolerance relaxed to achieve convergence from 4.9532164028494557e-04 to 4.9532164028494655e-04 seconds.
Warning: Simulation tolerance relaxed to achieve convergence from 4.9532164051956714e-04 to 4.9532164051956811e-04 seconds.
Warning: Simulation tolerance relaxed to achieve convergence from 4.9532164052852894e-04 to 4.9532164052852991e-04 seconds.
Warning: Simulation tolerance relaxed to achieve convergence from 4.9532164054497195e-04 to 4.9532164054497292e-04 seconds.
Warning: Simulation tolerance relaxed to achieve convergence from 4.9532164054497487e-04 to 4.9532164054497585e-04 seconds.
Warning: Simulation tolerance relaxed to achieve convergence from 4.9532164054497878e-04 to 4.9532164054497975e-04 seconds.
Warning: Simulation tolerance relaxed to achieve convergence from 4.9532164054497975e-04 to 4.9532164054498073e-04 seconds.
Warning: Simulation tolerance relaxed to achieve convergence from 4.9532164054498268e-04 to 4.9532164054498366e-04 seconds.
Warning: Simulation tolerance relaxed to achieve convergence from 4.9532172331326352e-04 to 4.9532172331326449e-04 seconds.
Warning: Simulation tolerance relaxed to achieve convergence from 4.9532173010365143e-04 to 4.9532173010365240e-04 seconds.
Warning: Simulation tolerance relaxed to achieve convergence from 4.9532173010365837e-04 to 4.9532173010365934e-04 seconds.
Warning: Simulation tolerance relaxed to achieve convergence from 4.9532174087808887e-04 to 4.9532174087808984e-04 seconds.
Warning: Simulation tolerance relaxed to achieve convergence from 4.9532174087827199e-04 to 4.9532174087827297e-04 seconds.
Warning: Simulation tolerance relaxed to achieve convergence from 5.0287179582845587e-04 to 5.0287179582845685e-04 seconds.
Warning: Simulation tolerance relaxed to achieve convergence from 5.0287179582863086e-04 to 5.0287179582863184e-04 seconds.
Warning: Simulation tolerance relaxed to achieve convergence from 5.0287179582866165e-04 to 5.0287179582866263e-04 seconds.
Warning: Simulation tolerance relaxed to achieve convergence from 5.0287179582869863e-04 to 5.0287179582869960e-04 seconds.
Warning: Simulation tolerance relaxed to achieve convergence from 5.0287179582870643e-04 to 5.0287179582870741e-04 seconds.
Warning: Simulation tolerance relaxed to achieve convergence from 5.0287179587469027e-04 to 5.0287179587469124e-04 seconds.
Warning: Simulation tolerance relaxed to achieve convergence from 5.0287179587474220e-04 to 5.0287179587474317e-04 seconds.
Warning: Simulation tolerance relaxed to achieve convergence from 5.0287179587474317e-04 to 5.0287179587474415e-04 seconds.
Warning: Simulation tolerance relaxed to achieve convergence from 5.0287179587475011e-04 to 5.0287179587475109e-04 seconds.
Warning: Simulation tolerance relaxed to achieve convergence from 5.0287179587475304e-04 to 5.0287179587475402e-04 seconds.
Warning: Simulation tolerance relaxed to achieve convergence from 5.0287179587484802e-04 to 5.0287179587484899e-04 seconds.
Warning: Simulation tolerance relaxed to achieve convergence from 5.0287179587485192e-04 to 5.0287179587485290e-04 seconds.
Warning: Simulation tolerance relaxed to achieve convergence from 5.0287179589860983e-04 to 5.0287179589861080e-04 seconds.
Warning: Simulation tolerance relaxed to achieve convergence from 5.0287179589875381e-04 to 5.0287179589875478e-04 seconds.
Warning: Simulation tolerance relaxed to achieve convergence from 5.0287179589875869e-04 to 5.0287179589875966e-04 seconds.
Warning: Simulation tolerance relaxed to achieve convergence from 5.0287179589884954e-04 to 5.0287179589885052e-04 seconds.
Warning: Simulation tolerance relaxed to achieve convergence from 5.0287183156465199e-04 to 5.0287183156465297e-04 seconds.
Warning: Simulation tolerance relaxed to achieve convergence from 5.0287183506821207e-04 to 5.0287183506821304e-04 seconds.
Warning: Simulation tolerance relaxed to achieve convergence from 5.0287183521506552e-04 to 5.0287183521506649e-04 seconds.
Warning: Simulation tolerance relaxed to achieve convergence from 5.0287183521524452e-04 to 5.0287183521524549e-04 seconds.
Warning: Simulation tolerance relaxed to achieve convergence from 5.0287183521524549e-04 to 5.0287183521524647e-04 seconds.
Warning: Simulation tolerance relaxed to achieve convergence from 5.0287183547063506e-04 to 5.0287183547063604e-04 seconds.
Warning: Simulation tolerance relaxed to achieve convergence from 5.0287185074319877e-04 to 5.0287185074319974e-04 seconds.
Warning: Simulation tolerance relaxed to achieve convergence from 5.0287187213115116e-04 to 5.0287187213115213e-04 seconds.
Warning: Simulation tolerance relaxed to achieve convergence from 5.0287187228955298e-04 to 5.0287187228955396e-04 seconds.
Warning: Simulation tolerance relaxed to achieve convergence from 5.0287187251434669e-04 to 5.0287187251434767e-04 seconds.
Warning: Simulation tolerance relaxed to achieve convergence from 5.0287187251434767e-04 to 5.0287187251434864e-04 seconds.
Warning: Simulation tolerance relaxed to achieve convergence from 5.0287187251434864e-04 to 5.0287187251434962e-04 seconds.
Warning: Simulation tolerance relaxed to achieve convergence from 5.0287187251438659e-04 to 5.0287187251438757e-04 seconds.
Warning: Simulation tolerance relaxed to achieve convergence from 5.0287187251438952e-04 to 5.0287187251439049e-04 seconds.
Warning: Simulation tolerance relaxed to achieve convergence from 5.0287187251453946e-04 to 5.0287187251454044e-04 seconds.
Warning: Simulation tolerance relaxed to achieve convergence from 5.0287187251454239e-04 to 5.0287187251454337e-04 seconds.
Warning: Simulation tolerance relaxed to achieve convergence from 5.0287187251467716e-04 to 5.0287187251467813e-04 seconds.
Warning: Simulation tolerance relaxed to achieve convergence from 5.0287187251470491e-04 to 5.0287187251470589e-04 seconds.
Warning: Simulation tolerance relaxed to achieve convergence from 5.0287187251470686e-04 to 5.0287187251470784e-04 seconds.
Warning: Simulation tolerance relaxed to achieve convergence from 5.0287187251470784e-04 to 5.0287187251470882e-04 seconds.
Warning: Simulation tolerance relaxed to achieve convergence from 5.0287187251470882e-04 to 5.0287187251470979e-04 seconds.
Warning: Simulation tolerance relaxed to achieve convergence from 5.0287187251470979e-04 to 5.0287187251471077e-04 seconds.
Warning: Simulation tolerance relaxed to achieve convergence from 5.0287187318293525e-04 to 5.0287187318293622e-04 seconds.
Warning: Simulation tolerance relaxed to achieve convergence from 5.0287187318295802e-04 to 5.0287187318295899e-04 seconds.
Warning: Simulation tolerance relaxed to achieve convergence from 5.0287187318296192e-04 to 5.0287187318296290e-04 seconds.
Warning: Simulation tolerance relaxed to achieve convergence from 5.0287187348556632e-04 to 5.0287187348556730e-04 seconds.
Warning: Simulation tolerance relaxed to achieve convergence from 5.0287187348565436e-04 to 5.0287187348565534e-04 seconds.
Warning: Simulation tolerance relaxed to achieve convergence from 5.0287187348565729e-04 to 5.0287187348565826e-04 seconds.
Warning: Simulation tolerance relaxed to achieve convergence from 5.0287187348567214e-04 to 5.0287187348567312e-04 seconds.
Warning: Simulation tolerance relaxed to achieve convergence from 5.0287187348571204e-04 to 5.0287187348571302e-04 seconds.
Warning: Simulation tolerance relaxed to achieve convergence from 5.0287187348571497e-04 to 5.0287187348571594e-04 seconds.
Warning: Simulation tolerance relaxed to achieve convergence from 5.0287187349890396e-04 to 5.0287187349890494e-04 seconds.
Warning: Simulation tolerance relaxed to achieve convergence from 5.0287187350142289e-04 to 5.0287187350142387e-04 seconds.
Warning: Simulation tolerance relaxed to achieve convergence from 5.0287187350145791e-04 to 5.0287187350145889e-04 seconds.
Warning: Simulation tolerance relaxed to achieve convergence from 5.0287187350145889e-04 to 5.0287187350145986e-04 seconds.
Warning: Simulation tolerance relaxed to achieve convergence from 5.0287187350145986e-04 to 5.0287187350146084e-04 seconds.
Warning: Simulation tolerance relaxed to achieve convergence from 5.0287187350155668e-04 to 5.0287187350155766e-04 seconds.
Warning: Simulation tolerance relaxed to achieve convergence from 5.0287187509259019e-04 to 5.0287187509259117e-04 seconds.
Warning: Simulation tolerance relaxed to achieve convergence from 5.0287187512456060e-04 to 5.0287187512456158e-04 seconds.
Warning: Simulation tolerance relaxed to achieve convergence from 5.0287187512534470e-04 to 5.0287187512534567e-04 seconds.
Warning: Simulation tolerance relaxed to achieve convergence from 5.0287187517335024e-04 to 5.0287187517335122e-04 seconds.
Warning: Simulation tolerance relaxed to achieve convergence from 5.0287187517335219e-04 to 5.0287187517335317e-04 seconds.
Warning: Simulation tolerance relaxed to achieve convergence from 5.0287187517335317e-04 to 5.0287187517335415e-04 seconds.
Warning: Simulation tolerance relaxed to achieve convergence from 5.0287187517336109e-04 to 5.0287187517336206e-04 seconds.
Warning: Simulation tolerance relaxed to achieve convergence from 5.0287187517336206e-04 to 5.0287187517336304e-04 seconds.
Warning: Simulation tolerance relaxed to achieve convergence from 5.0287187517336401e-04 to 5.0287187517336499e-04 seconds.
Warning: Simulation tolerance relaxed to achieve convergence from 5.0287187517339079e-04 to 5.0287187517339177e-04 seconds.
Warning: Simulation tolerance relaxed to achieve convergence from 5.0287187517340163e-04 to 5.0287187517340261e-04 seconds.
Warning: Simulation tolerance relaxed to achieve convergence from 5.0287187517340456e-04 to 5.0287187517340554e-04 seconds.
Warning: Simulation tolerance relaxed to achieve convergence from 5.0287187517379260e-04 to 5.0287187517379357e-04 seconds.
Warning: Simulation tolerance relaxed to achieve convergence from 5.0287187517379553e-04 to 5.0287187517379650e-04 seconds.
Warning: Simulation tolerance relaxed to achieve convergence from 5.0287187517379943e-04 to 5.0287187517380040e-04 seconds.
Warning: Simulation tolerance relaxed to achieve convergence from 5.0287187517382230e-04 to 5.0287187517382328e-04 seconds.
Warning: Simulation tolerance relaxed to achieve convergence from 5.0287188422862945e-04 to 5.0287188422863042e-04 seconds.
Warning: Simulation tolerance relaxed to achieve convergence from 5.0287188422863639e-04 to 5.0287188422863736e-04 seconds.
Warning: Simulation tolerance relaxed to achieve convergence from 5.0287188491671977e-04 to 5.0287188491672074e-04 seconds.
Warning: Simulation tolerance relaxed to achieve convergence from 5.0287188525875574e-04 to 5.0287188525875671e-04 seconds.
Warning: Simulation tolerance relaxed to achieve convergence from 5.0287188525876658e-04 to 5.0287188525876755e-04 seconds.
Warning: Simulation tolerance relaxed to achieve convergence from 5.0287188527660940e-04 to 5.0287188527661038e-04 seconds.
Warning: Simulation tolerance relaxed to achieve convergence from 5.0287191405773868e-04 to 5.0287191405773966e-04 seconds.
Warning: Simulation tolerance relaxed to achieve convergence from 5.0287191405783973e-04 to 5.0287191405784071e-04 seconds.
Warning: Simulation tolerance relaxed to achieve convergence from 5.0287191405788852e-04 to 5.0287191405788949e-04 seconds.
Warning: Simulation tolerance relaxed to achieve convergence from 5.1033092953362328e-04 to 5.1033092953362425e-04 seconds.
Warning: Simulation tolerance relaxed to achieve convergence from 5.1033092953364420e-04 to 5.1033092953364518e-04 seconds.
Warning: Simulation tolerance relaxed to achieve convergence from 5.1033092953364518e-04 to 5.1033092953364616e-04 seconds.
Warning: Simulation tolerance relaxed to achieve convergence from 5.1033092953365212e-04 to 5.1033092953365309e-04 seconds.
Warning: Simulation tolerance relaxed to achieve convergence from 5.1033092953365309e-04 to 5.1033092953365407e-04 seconds.
Warning: Simulation tolerance relaxed to achieve convergence from 5.1033092953365797e-04 to 5.1033092953365895e-04 seconds.
Warning: Simulation tolerance relaxed to achieve convergence from 5.1033092953366188e-04 to 5.1033092953366285e-04 seconds.
Warning: Simulation tolerance relaxed to achieve convergence from 5.1033093543799185e-04 to 5.1033093543799283e-04 seconds.
Warning: Simulation tolerance relaxed to achieve convergence from 5.1033093543799283e-04 to 5.1033093543799380e-04 seconds.
Warning: Simulation tolerance relaxed to achieve convergence from 5.1033093543799478e-04 to 5.1033093543799576e-04 seconds.
Warning: Simulation tolerance relaxed to achieve convergence from 5.1033093625661762e-04 to 5.1033093625661859e-04 seconds.
Warning: Simulation tolerance relaxed to achieve convergence from 5.1033093637277904e-04 to 5.1033093637278001e-04 seconds.
Warning: Simulation tolerance relaxed to achieve convergence from 5.1033173958661075e-04 to 5.1033173958661172e-04 seconds.
Warning: Simulation tolerance relaxed to achieve convergence from 5.1033173958661270e-04 to 5.1033173958661368e-04 seconds.
Warning: Simulation tolerance relaxed to achieve convergence from 5.1033173959985948e-04 to 5.1033173959986046e-04 seconds.
Warning: Simulation tolerance relaxed to achieve convergence from 5.1033173959986046e-04 to 5.1033173959986143e-04 seconds.
Warning: Simulation tolerance relaxed to achieve convergence from 5.1033173972150501e-04 to 5.1033173972150599e-04 seconds.
Warning: Simulation tolerance relaxed to achieve convergence from 5.1033174013891255e-04 to 5.1033174013891353e-04 seconds.
Warning: Simulation tolerance relaxed to achieve convergence from 5.1033174013891548e-04 to 5.1033174013891645e-04 seconds.
Warning: Simulation tolerance relaxed to achieve convergence from 5.1033174013891841e-04 to 5.1033174013891938e-04 seconds.
Warning: Simulation tolerance relaxed to achieve convergence from 5.1033174851660790e-04 to 5.1033174851660887e-04 seconds.
Warning: Simulation tolerance relaxed to achieve convergence from 5.1033174851660887e-04 to 5.1033174851660985e-04 seconds.
Warning: Simulation tolerance relaxed to achieve convergence from 5.1033174851679406e-04 to 5.1033174851679503e-04 seconds.
Warning: Simulation tolerance relaxed to achieve convergence from 5.1033174851684566e-04 to 5.1033174851684664e-04 seconds.
Warning: Simulation tolerance relaxed to achieve convergence from 5.1033175295278285e-04 to 5.1033175295278383e-04 seconds.
Warning: Simulation tolerance relaxed to achieve convergence from 5.1033175852207191e-04 to 5.1033175852207289e-04 seconds.
Warning: Simulation tolerance relaxed to achieve convergence from 5.2533961203273503e-04 to 5.2533961203273601e-04 seconds.
Warning: Simulation tolerance relaxed to achieve convergence from 5.2533961203274490e-04 to 5.2533961203274587e-04 seconds.
Warning: Simulation tolerance relaxed to achieve convergence from 5.2533961203274587e-04 to 5.2533961203274685e-04 seconds.
Warning: Simulation tolerance relaxed to achieve convergence from 5.2533961203275379e-04 to 5.2533961203275476e-04 seconds.
Warning: Simulation tolerance relaxed to achieve convergence from 5.2533961203275476e-04 to 5.2533961203275574e-04 seconds.
Warning: Simulation tolerance relaxed to achieve convergence from 5.2533961203279163e-04 to 5.2533961203279260e-04 seconds.
Warning: Simulation tolerance relaxed to achieve convergence from 5.2533961203282339e-04 to 5.2533961203282437e-04 seconds.
Warning: Simulation tolerance relaxed to achieve convergence from 5.2533961207059017e-04 to 5.2533961207059114e-04 seconds.
Warning: Simulation tolerance relaxed to achieve convergence from 5.2533961207325394e-04 to 5.2533961207325492e-04 seconds.
Warning: Simulation tolerance relaxed to achieve convergence from 5.2533961207326088e-04 to 5.2533961207326186e-04 seconds.
Warning: Simulation tolerance relaxed to achieve convergence from 5.2533961207336150e-04 to 5.2533961207336247e-04 seconds.
Warning: Simulation tolerance relaxed to achieve convergence from 5.2533961207343847e-04 to 5.2533961207343945e-04 seconds.
Warning: Simulation tolerance relaxed to achieve convergence from 5.2533961207344541e-04 to 5.2533961207344639e-04 seconds.
Warning: Simulation tolerance relaxed to achieve convergence from 5.2533961207345235e-04 to 5.2533961207345333e-04 seconds.
Warning: Simulation tolerance relaxed to achieve convergence from 5.2533961225774038e-04 to 5.2533961225774135e-04 seconds.
Warning: Simulation tolerance relaxed to achieve convergence from 5.2533961226054445e-04 to 5.2533961226054542e-04 seconds.
Warning: Simulation tolerance relaxed to achieve convergence from 5.2533961226139641e-04 to 5.2533961226139739e-04 seconds.
Warning: Simulation tolerance relaxed to achieve convergence from 5.2533961751347589e-04 to 5.2533961751347687e-04 seconds.
Warning: Simulation tolerance relaxed to achieve convergence from 5.2533961751347882e-04 to 5.2533961751347980e-04 seconds.
Warning: Simulation tolerance relaxed to achieve convergence from 5.2533961751348576e-04 to 5.2533961751348673e-04 seconds.
Warning: Simulation tolerance relaxed to achieve convergence from 5.2533961751349367e-04 to 5.2533961751349465e-04 seconds.
Warning: Simulation tolerance relaxed to achieve convergence from 5.2533961751350950e-04 to 5.2533961751351048e-04 seconds.
Warning: Simulation tolerance relaxed to achieve convergence from 5.2533961751351937e-04 to 5.2533961751352035e-04 seconds.
Warning: Simulation tolerance relaxed to achieve convergence from 5.2533961751352425e-04 to 5.2533961751352522e-04 seconds.
Warning: Simulation tolerance relaxed to achieve convergence from 5.2533961751352522e-04 to 5.2533961751352620e-04 seconds.
Warning: Simulation tolerance relaxed to achieve convergence from 5.2533962289054784e-04 to 5.2533962289054881e-04 seconds.
Warning: Simulation tolerance relaxed to achieve convergence from 5.2533962289059283e-04 to 5.2533962289059381e-04 seconds.
Warning: Simulation tolerance relaxed to achieve convergence from 5.2533962289059673e-04 to 5.2533962289059771e-04 seconds.
Warning: Simulation tolerance relaxed to achieve convergence from 5.2533962398221626e-04 to 5.2533962398221723e-04 seconds.
Warning: Simulation tolerance relaxed to achieve convergence from 5.2533963738588235e-04 to 5.2533963738588332e-04 seconds.
Warning: Simulation tolerance relaxed to achieve convergence from 5.2533968538767738e-04 to 5.2533968538767835e-04 seconds.
Warning: Simulation tolerance relaxed to achieve convergence from 5.2533968539444020e-04 to 5.2533968539444117e-04 seconds.
Warning: Simulation tolerance relaxed to achieve convergence from 5.2533968539444312e-04 to 5.2533968539444410e-04 seconds.
Warning: Simulation tolerance relaxed to achieve convergence from 5.2533968544141196e-04 to 5.2533968544141293e-04 seconds.
Warning: Simulation tolerance relaxed to achieve convergence from 5.2533968740039387e-04 to 5.2533968740039484e-04 seconds.
Warning: Simulation tolerance relaxed to achieve convergence from 5.2533968740039484e-04 to 5.2533968740039582e-04 seconds.
Warning: Simulation tolerance relaxed to achieve convergence from 5.2533968740050175e-04 to 5.2533968740050272e-04 seconds.
Warning: Simulation tolerance relaxed to achieve convergence from 5.2533968740050663e-04 to 5.2533968740050760e-04 seconds.
Warning: Simulation tolerance relaxed to achieve convergence from 5.2533968743447023e-04 to 5.2533968743447121e-04 seconds.
Warning: Simulation tolerance relaxed to achieve convergence from 5.2533968782266535e-04 to 5.2533968782266633e-04 seconds.
Warning: Simulation tolerance relaxed to achieve convergence from 5.2533968782333615e-04 to 5.2533968782333712e-04 seconds.
Warning: Simulation tolerance relaxed to achieve convergence from 5.2533968782335003e-04 to 5.2533968782335100e-04 seconds.
Warning: Simulation tolerance relaxed to achieve convergence from 5.2533968782336477e-04 to 5.2533968782336575e-04 seconds.
Warning: Simulation tolerance relaxed to achieve convergence from 5.2533968782350875e-04 to 5.2533968782350973e-04 seconds.
Warning: Simulation tolerance relaxed to achieve convergence from 5.2533968782351754e-04 to 5.2533968782351851e-04 seconds.
Warning: Simulation tolerance relaxed to achieve convergence from 5.2533968782352447e-04 to 5.2533968782352545e-04 seconds.
Warning: Simulation tolerance relaxed to achieve convergence from 5.2533968782353337e-04 to 5.2533968782353434e-04 seconds.
Warning: Simulation tolerance relaxed to achieve convergence from 5.2533968782364038e-04 to 5.2533968782364135e-04 seconds.
Warning: Simulation tolerance relaxed to achieve convergence from 5.2533968782370304e-04 to 5.2533968782370402e-04 seconds.
Warning: Simulation tolerance relaxed to achieve convergence from 5.2533968782370499e-04 to 5.2533968782370597e-04 seconds.
Warning: Simulation tolerance relaxed to achieve convergence from 5.2533968782423192e-04 to 5.2533968782423289e-04 seconds.
Warning: Simulation tolerance relaxed to achieve convergence from 5.2533968782423387e-04 to 5.2533968782423484e-04 seconds.
Warning: Simulation tolerance relaxed to achieve convergence from 5.2533968782424471e-04 to 5.2533968782424569e-04 seconds.
Warning: Simulation tolerance relaxed to achieve convergence from 5.2533968782425056e-04 to 5.2533968782425154e-04 seconds.
Warning: Simulation tolerance relaxed to achieve convergence from 5.2533976714396868e-04 to 5.2533976714396965e-04 seconds.
Warning: Simulation tolerance relaxed to achieve convergence from 5.2533976716605127e-04 to 5.2533976716605225e-04 seconds.
Warning: Simulation tolerance relaxed to achieve convergence from 5.2533976716842513e-04 to 5.2533976716842611e-04 seconds.
Warning: Simulation tolerance relaxed to achieve convergence from 5.2533976716843402e-04 to 5.2533976716843500e-04 seconds.
Warning: Simulation tolerance relaxed to achieve convergence from 5.2533976716844682e-04 to 5.2533976716844779e-04 seconds.
Warning: Simulation tolerance relaxed to achieve convergence from 5.2533976716863254e-04 to 5.2533976716863352e-04 seconds.
Warning: Simulation tolerance relaxed to achieve convergence from 5.2533976716863644e-04 to 5.2533976716863742e-04 seconds.
Warning: Simulation tolerance relaxed to achieve convergence from 5.2533976783074310e-04 to 5.2533976783074407e-04 seconds.
Warning: Simulation tolerance relaxed to achieve convergence from 5.2533976796488157e-04 to 5.2533976796488254e-04 seconds.
Warning: Simulation tolerance relaxed to achieve convergence from 5.2533976796488254e-04 to 5.2533976796488352e-04 seconds.
Warning: Simulation tolerance relaxed to achieve convergence from 5.2533976796488547e-04 to 5.2533976796488645e-04 seconds.
Warning: Simulation tolerance relaxed to achieve convergence from 5.2533976796488742e-04 to 5.2533976796488840e-04 seconds.
Warning: Simulation tolerance relaxed to achieve convergence from 5.2533976796492244e-04 to 5.2533976796492342e-04 seconds.
Warning: Simulation tolerance relaxed to achieve convergence from 5.2533976796492537e-04 to 5.2533976796492634e-04 seconds.
Warning: Simulation tolerance relaxed to achieve convergence from 5.2533976796493925e-04 to 5.2533976796494022e-04 seconds.
Warning: Simulation tolerance relaxed to achieve convergence from 5.2533976931310497e-04 to 5.2533976931310594e-04 seconds.
Warning: Simulation tolerance relaxed to achieve convergence from 5.2533976931312286e-04 to 5.2533976931312383e-04 seconds.
Warning: Simulation tolerance relaxed to achieve convergence from 5.2533976931322379e-04 to 5.2533976931322477e-04 seconds.
Warning: Simulation tolerance relaxed to achieve convergence from 5.2533976965481286e-04 to 5.2533976965481383e-04 seconds.
Warning: Simulation tolerance relaxed to achieve convergence from 5.2533977568590200e-04 to 5.2533977568590298e-04 seconds.
Warning: Simulation tolerance relaxed to achieve convergence from 5.2533977607093548e-04 to 5.2533977607093646e-04 seconds.
Warning: Simulation tolerance relaxed to achieve convergence from 5.2533977607127852e-04 to 5.2533977607127950e-04 seconds.
Warning: Simulation tolerance relaxed to achieve convergence from 5.2533977607146847e-04 to 5.2533977607146945e-04 seconds.
Warning: Simulation tolerance relaxed to achieve convergence from 5.2533977842442018e-04 to 5.2533977842442116e-04 seconds.
Warning: Simulation tolerance relaxed to achieve convergence from 5.2533977842442116e-04 to 5.2533977842442214e-04 seconds.
Warning: Simulation tolerance relaxed to achieve convergence from 5.2533977842442897e-04 to 5.2533977842442994e-04 seconds.
Warning: Simulation tolerance relaxed to achieve convergence from 5.2533977842443482e-04 to 5.2533977842443580e-04 seconds.
Warning: Simulation tolerance relaxed to achieve convergence from 5.2533977842443580e-04 to 5.2533977842443677e-04 seconds.
Warning: Simulation tolerance relaxed to achieve convergence from 5.2533977847097452e-04 to 5.2533977847097550e-04 seconds.
Warning: Simulation tolerance relaxed to achieve convergence from 5.2533977847139465e-04 to 5.2533977847139563e-04 seconds.
Warning: Simulation tolerance relaxed to achieve convergence from 5.2533977847139563e-04 to 5.2533977847139660e-04 seconds.
Warning: Simulation tolerance relaxed to achieve convergence from 5.2533977847151467e-04 to 5.2533977847151565e-04 seconds.
Warning: Simulation tolerance relaxed to achieve convergence from 5.2533977847151565e-04 to 5.2533977847151663e-04 seconds.
Warning: Simulation tolerance relaxed to achieve convergence from 5.2533977847203661e-04 to 5.2533977847203758e-04 seconds.
Warning: Simulation tolerance relaxed to achieve convergence from 5.2533978142651897e-04 to 5.2533978142651995e-04 seconds.
Warning: Simulation tolerance relaxed to achieve convergence from 5.2533978142652591e-04 to 5.2533978142652689e-04 seconds.
Warning: Simulation tolerance relaxed to achieve convergence from 5.2533978142659866e-04 to 5.2533978142659964e-04 seconds.
Warning: Simulation tolerance relaxed to achieve convergence from 5.2533978142659964e-04 to 5.2533978142660061e-04 seconds.
Warning: Simulation tolerance relaxed to achieve convergence from 5.2533978146185941e-04 to 5.2533978146186038e-04 seconds.
Warning: Simulation tolerance relaxed to achieve convergence from 5.2533978157253867e-04 to 5.2533978157253964e-04 seconds.
Warning: Simulation tolerance relaxed to achieve convergence from 5.2533978157291022e-04 to 5.2533978157291120e-04 seconds.
Warning: Simulation tolerance relaxed to achieve convergence from 5.2533978157453978e-04 to 5.2533978157454076e-04 seconds.
Warning: Simulation tolerance relaxed to achieve convergence from 5.2533978164131221e-04 to 5.2533978164131319e-04 seconds.
Warning: Simulation tolerance relaxed to achieve convergence from 5.2533978171013238e-04 to 5.2533978171013336e-04 seconds.
Warning: Simulation tolerance relaxed to achieve convergence from 5.2533978175607913e-04 to 5.2533978175608011e-04 seconds.
Warning: Simulation tolerance relaxed to achieve convergence from 5.2533978389488238e-04 to 5.2533978389488335e-04 seconds.
Warning: Simulation tolerance relaxed to achieve convergence from 5.2533978399995262e-04 to 5.2533978399995360e-04 seconds.
Warning: Simulation tolerance relaxed to achieve convergence from 5.2533978399995555e-04 to 5.2533978399995653e-04 seconds.
Warning: Simulation tolerance relaxed to achieve convergence from 5.2533978400002115e-04 to 5.2533978400002212e-04 seconds.
Warning: Simulation tolerance relaxed to achieve convergence from 5.2533978699641117e-04 to 5.2533978699641215e-04 seconds.
Warning: Simulation tolerance relaxed to achieve convergence from 5.2533978699641215e-04 to 5.2533978699641313e-04 seconds.
Warning: Simulation tolerance relaxed to achieve convergence from 5.2533978699641313e-04 to 5.2533978699641410e-04 seconds.
Warning: Simulation tolerance relaxed to achieve convergence from 5.2533978699641410e-04 to 5.2533978699641508e-04 seconds.
Warning: Simulation tolerance relaxed to achieve convergence from 5.2533978699641508e-04 to 5.2533978699641605e-04 seconds.
Warning: Simulation tolerance relaxed to achieve convergence from 5.2533978699643481e-04 to 5.2533978699643579e-04 seconds.
Warning: Simulation tolerance relaxed to achieve convergence from 5.2533978824591222e-04 to 5.2533978824591320e-04 seconds.
Warning: Simulation tolerance relaxed to achieve convergence from 5.2533978827054681e-04 to 5.2533978827054779e-04 seconds.
Warning: Simulation tolerance relaxed to achieve convergence from 5.2533978827054974e-04 to 5.2533978827055071e-04 seconds.
Warning: Simulation tolerance relaxed to achieve convergence from 5.2533978827056448e-04 to 5.2533978827056546e-04 seconds.
Warning: Simulation tolerance relaxed to achieve convergence from 5.2533978953923542e-04 to 5.2533978953923639e-04 seconds.
Warning: Simulation tolerance relaxed to achieve convergence from 5.2533979854380074e-04 to 5.2533979854380171e-04 seconds.
Warning: Simulation tolerance relaxed to achieve convergence from 5.2533979854380865e-04 to 5.2533979854380963e-04 seconds.
Warning: Simulation tolerance relaxed to achieve convergence from 5.2533979854389929e-04 to 5.2533979854390027e-04 seconds.
Warning: Simulation tolerance relaxed to achieve convergence from 5.2533979854411819e-04 to 5.2533979854411917e-04 seconds.
Warning: Simulation tolerance relaxed to achieve convergence from 5.2533980520005040e-04 to 5.2533980520005138e-04 seconds.
Warning: Simulation tolerance relaxed to achieve convergence from 5.2533982274556741e-04 to 5.2533982274556839e-04 seconds.
Warning: Simulation tolerance relaxed to achieve convergence from 5.2533982274556839e-04 to 5.2533982274556937e-04 seconds.
Warning: Simulation tolerance relaxed to achieve convergence from 5.2533982274557630e-04 to 5.2533982274557728e-04 seconds.
Warning: Simulation tolerance relaxed to achieve convergence from 5.2533982274558422e-04 to 5.2533982274558519e-04 seconds.
Warning: Simulation tolerance relaxed to achieve convergence from 5.2533982315039062e-04 to 5.2533982315039159e-04 seconds.
Warning: Simulation tolerance relaxed to achieve convergence from 5.2533982315039159e-04 to 5.2533982315039257e-04 seconds.
Warning: Simulation tolerance relaxed to achieve convergence from 5.2533982475873244e-04 to 5.2533982475873342e-04 seconds.
Warning: Simulation tolerance relaxed to achieve convergence from 5.2533982475882503e-04 to 5.2533982475882601e-04 seconds.
Warning: Simulation tolerance relaxed to achieve convergence from 5.2533982479799064e-04 to 5.2533982479799162e-04 seconds.
Warning: Simulation tolerance relaxed to achieve convergence from 5.2533982865496051e-04 to 5.2533982865496148e-04 seconds.
Warning: Simulation tolerance relaxed to achieve convergence from 5.2534037629763098e-04 to 5.2534037629763195e-04 seconds.
Warning: Simulation tolerance relaxed to achieve convergence from 5.2534037629763195e-04 to 5.2534037629763293e-04 seconds.
Warning: Simulation tolerance relaxed to achieve convergence from 5.2534038032506193e-04 to 5.2534038032506290e-04 seconds.
Warning: Simulation tolerance relaxed to achieve convergence from 5.2534038034124202e-04 to 5.2534038034124299e-04 seconds.
Warning: Simulation tolerance relaxed to achieve convergence from 5.2534038034128701e-04 to 5.2534038034128799e-04 seconds.
Warning: Simulation tolerance relaxed to achieve convergence from 5.2534038034135998e-04 to 5.2534038034136095e-04 seconds.
Warning: Simulation tolerance relaxed to achieve convergence from 5.2534038034137180e-04 to 5.2534038034137277e-04 seconds.
Warning: Simulation tolerance relaxed to achieve convergence from 5.2534043756109143e-04 to 5.2534043756109240e-04 seconds.
Warning: Simulation tolerance relaxed to achieve convergence from 5.2534043756324433e-04 to 5.2534043756324530e-04 seconds.
Warning: Simulation tolerance relaxed to achieve convergence from 5.3283059207155875e-04 to 5.3283059207155973e-04 seconds.
Warning: Simulation tolerance relaxed to achieve convergence from 5.3283059207159659e-04 to 5.3283059207159757e-04 seconds.
Warning: Simulation tolerance relaxed to achieve convergence from 5.3283060901024542e-04 to 5.3283060901024640e-04 seconds.
Warning: Simulation tolerance relaxed to achieve convergence from 5.3283061149831084e-04 to 5.3283061149831182e-04 seconds.
Warning: Simulation tolerance relaxed to achieve convergence from 5.3283061149834185e-04 to 5.3283061149834283e-04 seconds.
Warning: Simulation tolerance relaxed to achieve convergence from 5.3283061309825888e-04 to 5.3283061309825986e-04 seconds.
Warning: Simulation tolerance relaxed to achieve convergence from 5.3283061334469619e-04 to 5.3283061334469717e-04 seconds.
Warning: Simulation tolerance relaxed to achieve convergence from 5.3283061334469717e-04 to 5.3283061334469814e-04 seconds.
Warning: Simulation tolerance relaxed to achieve convergence from 5.3283063579327944e-04 to 5.3283063579328042e-04 seconds.
Warning: Simulation tolerance relaxed to achieve convergence from 5.4035934335977510e-04 to 5.4035934335977607e-04 seconds.
Warning: Simulation tolerance relaxed to achieve convergence from 5.4035934335977607e-04 to 5.4035934335977705e-04 seconds.
Warning: Simulation tolerance relaxed to achieve convergence from 5.4035934335977705e-04 to 5.4035934335977802e-04 seconds.
Warning: Simulation tolerance relaxed to achieve convergence from 5.4035934341286175e-04 to 5.4035934341286273e-04 seconds.
Warning: Simulation tolerance relaxed to achieve convergence from 5.4035934342751659e-04 to 5.4035934342751757e-04 seconds.
Warning: Simulation tolerance relaxed to achieve convergence from 5.4035934342760940e-04 to 5.4035934342761037e-04 seconds.
Warning: Simulation tolerance relaxed to achieve convergence from 5.4035934342770437e-04 to 5.4035934342770535e-04 seconds.
Warning: Simulation tolerance relaxed to achieve convergence from 5.4036007417305478e-04 to 5.4036007417305576e-04 seconds.
Warning: Simulation tolerance relaxed to achieve convergence from 5.4036007417305576e-04 to 5.4036007417305673e-04 seconds.
Warning: Simulation tolerance relaxed to achieve convergence from 5.4036007417305673e-04 to 5.4036007417305771e-04 seconds.
Warning: Simulation tolerance relaxed to achieve convergence from 5.4036007417305771e-04 to 5.4036007417305868e-04 seconds.
Warning: Simulation tolerance relaxed to achieve convergence from 5.4036007417365868e-04 to 5.4036007417365966e-04 seconds.
Warning: Simulation tolerance relaxed to achieve convergence from 5.4036007417369652e-04 to 5.4036007417369749e-04 seconds.
Warning: Simulation tolerance relaxed to achieve convergence from 5.4036007424254422e-04 to 5.4036007424254520e-04 seconds.
Warning: Simulation tolerance relaxed to achieve convergence from 5.4036007424270631e-04 to 5.4036007424270729e-04 seconds.
Warning: Simulation tolerance relaxed to achieve convergence from 5.4036007424272518e-04 to 5.4036007424272615e-04 seconds.
Warning: Simulation tolerance relaxed to achieve convergence from 5.4036007431605151e-04 to 5.4036007431605248e-04 seconds.
Warning: Simulation tolerance relaxed to achieve convergence from 5.4036009007846003e-04 to 5.4036009007846100e-04 seconds.
Warning: Simulation tolerance relaxed to achieve convergence from 5.4036009007846892e-04 to 5.4036009007846989e-04 seconds.
Warning: Simulation tolerance relaxed to achieve convergence from 5.4036009008813772e-04 to 5.4036009008813870e-04 seconds.
Warning: Simulation tolerance relaxed to achieve convergence from 5.4036009008877534e-04 to 5.4036009008877632e-04 seconds.
Warning: Simulation tolerance relaxed to achieve convergence from 5.4036009012313480e-04 to 5.4036009012313577e-04 seconds.
Warning: Simulation tolerance relaxed to achieve convergence from 5.4036010039200692e-04 to 5.4036010039200790e-04 seconds.
Warning: Simulation tolerance relaxed to achieve convergence from 5.4036010048097460e-04 to 5.4036010048097557e-04 seconds.
Warning: Simulation tolerance relaxed to achieve convergence from 5.4036010048097557e-04 to 5.4036010048097655e-04 seconds.
Warning: Simulation tolerance relaxed to achieve convergence from 5.4036010056124351e-04 to 5.4036010056124448e-04 seconds.
Warning: Simulation tolerance relaxed to achieve convergence from 5.4036010058603021e-04 to 5.4036010058603119e-04 seconds.
Warning: Simulation tolerance relaxed to achieve convergence from 5.4036010058628522e-04 to 5.4036010058628619e-04 seconds.
Warning: Simulation tolerance relaxed to achieve convergence from 5.4036010058632414e-04 to 5.4036010058632511e-04 seconds.
Warning: Simulation tolerance relaxed to achieve convergence from 5.4036010058632511e-04 to 5.4036010058632609e-04 seconds.
Warning: Simulation tolerance relaxed to achieve convergence from 5.4036010164651557e-04 to 5.4036010164651654e-04 seconds.
Warning: Simulation tolerance relaxed to achieve convergence from 5.4036010164651752e-04 to 5.4036010164651850e-04 seconds.
Warning: Simulation tolerance relaxed to achieve convergence from 5.4036012934250788e-04 to 5.4036012934250885e-04 seconds.
Warning: Simulation tolerance relaxed to achieve convergence from 5.4036012934280755e-04 to 5.4036012934280853e-04 seconds.
Warning: Simulation tolerance relaxed to achieve convergence from 5.4036012934289743e-04 to 5.4036012934289841e-04 seconds.
Warning: Simulation tolerance relaxed to achieve convergence from 5.4036016830516151e-04 to 5.4036016830516249e-04 seconds.
Warning: Simulation tolerance relaxed to achieve convergence from 5.4036016830542118e-04 to 5.4036016830542215e-04 seconds.
Warning: Simulation tolerance relaxed to achieve convergence from 5.4036018661857198e-04 to 5.4036018661857295e-04 seconds.
Warning: Simulation tolerance relaxed to achieve convergence from 5.4036018733577345e-04 to 5.4036018733577443e-04 seconds.
Warning: Simulation tolerance relaxed to achieve convergence from 5.4036019177767223e-04 to 5.4036019177767321e-04 seconds.
Warning: Simulation tolerance relaxed to achieve convergence from 5.4036019219302987e-04 to 5.4036019219303084e-04 seconds.
Warning: Simulation tolerance relaxed to achieve convergence from 5.4036019227264077e-04 to 5.4036019227264175e-04 seconds.
Warning: Simulation tolerance relaxed to achieve convergence from 5.4036019287873613e-04 to 5.4036019287873711e-04 seconds.
Warning: Simulation tolerance relaxed to achieve convergence from 5.4036019287878210e-04 to 5.4036019287878308e-04 seconds.
Warning: Simulation tolerance relaxed to achieve convergence from 5.4036019287879197e-04 to 5.4036019287879294e-04 seconds.
Warning: Simulation tolerance relaxed to achieve convergence from 5.4036019287899504e-04 to 5.4036019287899602e-04 seconds.
Warning: Simulation tolerance relaxed to achieve convergence from 5.4036019313829305e-04 to 5.4036019313829402e-04 seconds.
Warning: Simulation tolerance relaxed to achieve convergence from 5.4036019542239618e-04 to 5.4036019542239716e-04 seconds.
Warning: Simulation tolerance relaxed to achieve convergence from 5.4036019543209904e-04 to 5.4036019543210001e-04 seconds.
Warning: Simulation tolerance relaxed to achieve convergence from 5.4036019543210001e-04 to 5.4036019543210099e-04 seconds.
Warning: Simulation tolerance relaxed to achieve convergence from 5.4036019543210294e-04 to 5.4036019543210391e-04 seconds.
Warning: Simulation tolerance relaxed to achieve convergence from 5.4036019543210391e-04 to 5.4036019543210489e-04 seconds.
Warning: Simulation tolerance relaxed to achieve convergence from 5.4036019543211476e-04 to 5.4036019543211573e-04 seconds.
Warning: Simulation tolerance relaxed to achieve convergence from 5.4036019543240565e-04 to 5.4036019543240662e-04 seconds.
Warning: Simulation tolerance relaxed to achieve convergence from 5.4036019543240760e-04 to 5.4036019543240857e-04 seconds.
Warning: Simulation tolerance relaxed to achieve convergence from 5.4036019543243134e-04 to 5.4036019543243232e-04 seconds.
Warning: Simulation tolerance relaxed to achieve convergence from 5.4036019543243525e-04 to 5.4036019543243622e-04 seconds.
Warning: Simulation tolerance relaxed to achieve convergence from 5.4036019543247699e-04 to 5.4036019543247796e-04 seconds.
Warning: Simulation tolerance relaxed to achieve convergence from 5.4036019543254779e-04 to 5.4036019543254876e-04 seconds.
Warning: Simulation tolerance relaxed to achieve convergence from 5.4785501440296827e-04 to 5.4785501440296925e-04 seconds.
Warning: Simulation tolerance relaxed to achieve convergence from 5.4785501440299895e-04 to 5.4785501440299993e-04 seconds.
Warning: Simulation tolerance relaxed to achieve convergence from 5.4785501440300188e-04 to 5.4785501440300286e-04 seconds.
Warning: Simulation tolerance relaxed to achieve convergence from 5.4785504000050213e-04 to 5.4785504000050311e-04 seconds.
Warning: Simulation tolerance relaxed to achieve convergence from 5.4785504862532434e-04 to 5.4785504862532532e-04 seconds.
Warning: Simulation tolerance relaxed to achieve convergence from 5.4785504862533323e-04 to 5.4785504862533421e-04 seconds.
Warning: Simulation tolerance relaxed to achieve convergence from 5.4785504862533713e-04 to 5.4785504862533811e-04 seconds.
Warning: Simulation tolerance relaxed to achieve convergence from 5.4785504862534407e-04 to 5.4785504862534505e-04 seconds.
Warning: Simulation tolerance relaxed to achieve convergence from 5.4785504862538571e-04 to 5.4785504862538668e-04 seconds.
Warning: Simulation tolerance relaxed to achieve convergence from 5.4785504862748342e-04 to 5.4785504862748440e-04 seconds.
Warning: Simulation tolerance relaxed to achieve convergence from 5.4785504901563474e-04 to 5.4785504901563571e-04 seconds.
Warning: Simulation tolerance relaxed to achieve convergence from 5.4785504980998532e-04 to 5.4785504980998630e-04 seconds.
Warning: Simulation tolerance relaxed to achieve convergence from 5.4785504981341531e-04 to 5.4785504981341628e-04 seconds.
Warning: Simulation tolerance relaxed to achieve convergence from 5.4785504981369319e-04 to 5.4785504981369416e-04 seconds.
Warning: Simulation tolerance relaxed to achieve convergence from 5.5536041107148910e-04 to 5.5536041107149008e-04 seconds.
Warning: Simulation tolerance relaxed to achieve convergence from 5.5536043473893232e-04 to 5.5536043473893330e-04 seconds.
Warning: Simulation tolerance relaxed to achieve convergence from 5.5536043473893525e-04 to 5.5536043473893622e-04 seconds.
Warning: Simulation tolerance relaxed to achieve convergence from 5.5536043473893818e-04 to 5.5536043473893915e-04 seconds.
Warning: Simulation tolerance relaxed to achieve convergence from 5.5536043473893915e-04 to 5.5536043473894013e-04 seconds.
Warning: Simulation tolerance relaxed to achieve convergence from 5.5536043473894403e-04 to 5.5536043473894501e-04 seconds.
Warning: Simulation tolerance relaxed to achieve convergence from 5.5536043473896691e-04 to 5.5536043473896788e-04 seconds.
Warning: Simulation tolerance relaxed to achieve convergence from 5.5536117612825877e-04 to 5.5536117612825975e-04 seconds.
Warning: Simulation tolerance relaxed to achieve convergence from 5.5536117612826170e-04 to 5.5536117612826267e-04 seconds.
Warning: Simulation tolerance relaxed to achieve convergence from 5.5536117612826560e-04 to 5.5536117612826658e-04 seconds.
Warning: Simulation tolerance relaxed to achieve convergence from 5.5536117612863770e-04 to 5.5536117612863868e-04 seconds.
Warning: Simulation tolerance relaxed to achieve convergence from 5.5536117612894854e-04 to 5.5536117612894952e-04 seconds.
Warning: Simulation tolerance relaxed to achieve convergence from 5.5536117686756951e-04 to 5.5536117686757049e-04 seconds.
Warning: Simulation tolerance relaxed to achieve convergence from 5.5536117692447321e-04 to 5.5536117692447419e-04 seconds.
Warning: Simulation tolerance relaxed to achieve convergence from 5.5536117783052178e-04 to 5.5536117783052275e-04 seconds.
Warning: Simulation tolerance relaxed to achieve convergence from 5.5536117783054368e-04 to 5.5536117783054465e-04 seconds.
Warning: Simulation tolerance relaxed to achieve convergence from 5.5536117783055452e-04 to 5.5536117783055550e-04 seconds.
Warning: Simulation tolerance relaxed to achieve convergence from 5.5536117901259553e-04 to 5.5536117901259651e-04 seconds.
Warning: Simulation tolerance relaxed to achieve convergence from 5.5536117901274309e-04 to 5.5536117901274407e-04 seconds.
Warning: Simulation tolerance relaxed to achieve convergence from 5.5536117904118063e-04 to 5.5536117904118160e-04 seconds.
Warning: Simulation tolerance relaxed to achieve convergence from 5.5536117904118160e-04 to 5.5536117904118258e-04 seconds.
Warning: Simulation tolerance relaxed to achieve convergence from 5.5536117905680301e-04 to 5.5536117905680398e-04 seconds.
Warning: Simulation tolerance relaxed to achieve convergence from 5.5536117905682090e-04 to 5.5536117905682187e-04 seconds.
Warning: Simulation tolerance relaxed to achieve convergence from 5.5536117905803206e-04 to 5.5536117905803303e-04 seconds.
Warning: Simulation tolerance relaxed to achieve convergence from 5.5536117905803498e-04 to 5.5536117905803596e-04 seconds.
Warning: Simulation tolerance relaxed to achieve convergence from 5.5536117905804290e-04 to 5.5536117905804388e-04 seconds.
Warning: Simulation tolerance relaxed to achieve convergence from 5.5536117905805081e-04 to 5.5536117905805179e-04 seconds.
Warning: Simulation tolerance relaxed to achieve convergence from 5.5536117905805179e-04 to 5.5536117905805277e-04 seconds.
Warning: Simulation tolerance relaxed to achieve convergence from 5.5536117905805277e-04 to 5.5536117905805374e-04 seconds.
Warning: Simulation tolerance relaxed to achieve convergence from 5.5536117905805472e-04 to 5.5536117905805569e-04 seconds.
Warning: Simulation tolerance relaxed to achieve convergence from 5.5536117905805569e-04 to 5.5536117905805667e-04 seconds.
Warning: Simulation tolerance relaxed to achieve convergence from 5.5536117905806361e-04 to 5.5536117905806458e-04 seconds.
Warning: Simulation tolerance relaxed to achieve convergence from 5.5536117906572729e-04 to 5.5536117906572827e-04 seconds.
Warning: Simulation tolerance relaxed to achieve convergence from 5.5536119054315990e-04 to 5.5536119054316088e-04 seconds.
Warning: Simulation tolerance relaxed to achieve convergence from 5.5536119054316977e-04 to 5.5536119054317074e-04 seconds.
Warning: Simulation tolerance relaxed to achieve convergence from 5.5536119054318646e-04 to 5.5536119054318744e-04 seconds.
Warning: Simulation tolerance relaxed to achieve convergence from 5.5536119054318939e-04 to 5.5536119054319037e-04 seconds.
Warning: Simulation tolerance relaxed to achieve convergence from 5.5536119054330540e-04 to 5.5536119054330638e-04 seconds.
Warning: Simulation tolerance relaxed to achieve convergence from 5.5536119054330833e-04 to 5.5536119054330930e-04 seconds.
Warning: Simulation tolerance relaxed to achieve convergence from 5.5536119081081310e-04 to 5.5536119081081407e-04 seconds.
Warning: Simulation tolerance relaxed to achieve convergence from 5.5536119081081505e-04 to 5.5536119081081602e-04 seconds.
Warning: Simulation tolerance relaxed to achieve convergence from 5.5536119081083695e-04 to 5.5536119081083793e-04 seconds.
Warning: Simulation tolerance relaxed to achieve convergence from 5.5536119081084682e-04 to 5.5536119081084779e-04 seconds.
Warning: Simulation tolerance relaxed to achieve convergence from 5.5536119081137190e-04 to 5.5536119081137287e-04 seconds.
Warning: Simulation tolerance relaxed to achieve convergence from 5.5536119331735571e-04 to 5.5536119331735668e-04 seconds.
Warning: Simulation tolerance relaxed to achieve convergence from 5.5536119331739365e-04 to 5.5536119331739463e-04 seconds.
Warning: Simulation tolerance relaxed to achieve convergence from 5.5536119331739463e-04 to 5.5536119331739560e-04 seconds.
Warning: Simulation tolerance relaxed to achieve convergence from 5.5536119331811161e-04 to 5.5536119331811259e-04 seconds.
Warning: Simulation tolerance relaxed to achieve convergence from 5.5536119331811259e-04 to 5.5536119331811356e-04 seconds.
Warning: Simulation tolerance relaxed to achieve convergence from 5.5536119331811356e-04 to 5.5536119331811454e-04 seconds.
Warning: Simulation tolerance relaxed to achieve convergence from 5.5536119602243752e-04 to 5.5536119602243850e-04 seconds.
Warning: Simulation tolerance relaxed to achieve convergence from 5.5536119949704083e-04 to 5.5536119949704181e-04 seconds.
Warning: Simulation tolerance relaxed to achieve convergence from 5.5536119949704875e-04 to 5.5536119949704972e-04 seconds.
Warning: Simulation tolerance relaxed to achieve convergence from 5.5536120217973182e-04 to 5.5536120217973279e-04 seconds.
Warning: Simulation tolerance relaxed to achieve convergence from 5.5863152594228438e-04 to 5.5863152594228535e-04 seconds.
Warning: Simulation tolerance relaxed to achieve convergence from 5.6285105592203692e-04 to 5.6285105592203790e-04 seconds.
Warning: Simulation tolerance relaxed to achieve convergence from 5.6285105592207584e-04 to 5.6285105592207682e-04 seconds.
Warning: Simulation tolerance relaxed to achieve convergence from 5.6285105592208560e-04 to 5.6285105592208658e-04 seconds.
Warning: Simulation tolerance relaxed to achieve convergence from 5.6285105603795830e-04 to 5.6285105603795928e-04 seconds.
Warning: Simulation tolerance relaxed to achieve convergence from 5.6285105603796220e-04 to 5.6285105603796318e-04 seconds.
Warning: Simulation tolerance relaxed to achieve convergence from 5.6285105608542294e-04 to 5.6285105608542391e-04 seconds.
Warning: Simulation tolerance relaxed to achieve convergence from 5.6285109322571389e-04 to 5.6285109322571486e-04 seconds.
Warning: Simulation tolerance relaxed to achieve convergence from 5.6285109322833581e-04 to 5.6285109322833679e-04 seconds.
Warning: Simulation tolerance relaxed to achieve convergence from 5.6285109322833874e-04 to 5.6285109322833972e-04 seconds.
Warning: Simulation tolerance relaxed to achieve convergence from 5.6285109322839263e-04 to 5.6285109322839360e-04 seconds.
Warning: Simulation tolerance relaxed to achieve convergence from 5.6285109322843567e-04 to 5.6285109322843664e-04 seconds.
Warning: Simulation tolerance relaxed to achieve convergence from 5.6285109377568140e-04 to 5.6285109377568238e-04 seconds.
Warning: Simulation tolerance relaxed to achieve convergence from 5.6285111315807347e-04 to 5.6285111315807445e-04 seconds.
Warning: Simulation tolerance relaxed to achieve convergence from 5.6285111358276945e-04 to 5.6285111358277042e-04 seconds.
Warning: Simulation tolerance relaxed to achieve convergence from 5.6285111359398996e-04 to 5.6285111359399094e-04 seconds.
Warning: Simulation tolerance relaxed to achieve convergence from 5.6285111359400493e-04 to 5.6285111359400590e-04 seconds.
Warning: Simulation tolerance relaxed to achieve convergence from 5.6285111359403648e-04 to 5.6285111359403745e-04 seconds.
Warning: Simulation tolerance relaxed to achieve convergence from 5.6285133426262871e-04 to 5.6285133426262968e-04 seconds.
Warning: Simulation tolerance relaxed to achieve convergence from 5.6285133426346766e-04 to 5.6285133426346864e-04 seconds.
Warning: Simulation tolerance relaxed to achieve convergence from 5.6285139438336902e-04 to 5.6285139438336999e-04 seconds.
Warning: Simulation tolerance relaxed to achieve convergence from 5.6285139438337194e-04 to 5.6285139438337292e-04 seconds.
Warning: Simulation tolerance relaxed to achieve convergence from 5.6285139438342453e-04 to 5.6285139438342550e-04 seconds.
Warning: Simulation tolerance relaxed to achieve convergence from 5.6285139438343244e-04 to 5.6285139438343342e-04 seconds.
Warning: Simulation tolerance relaxed to achieve convergence from 5.6285139438343342e-04 to 5.6285139438343439e-04 seconds.
Warning: Simulation tolerance relaxed to achieve convergence from 5.6285139438344220e-04 to 5.6285139438344318e-04 seconds.
Warning: Simulation tolerance relaxed to achieve convergence from 5.6285139438347397e-04 to 5.6285139438347494e-04 seconds.
Warning: Simulation tolerance relaxed to achieve convergence from 5.6285139555353151e-04 to 5.6285139555353248e-04 seconds.
Warning: Simulation tolerance relaxed to achieve convergence from 5.6285139555355222e-04 to 5.6285139555355319e-04 seconds.
Warning: Simulation tolerance relaxed to achieve convergence from 5.6285139837697871e-04 to 5.6285139837697969e-04 seconds.
Warning: Simulation tolerance relaxed to achieve convergence from 5.6285154054055953e-04 to 5.6285154054056051e-04 seconds.
Warning: Simulation tolerance relaxed to achieve convergence from 5.6285154432777432e-04 to 5.6285154432777530e-04 seconds.
Warning: Simulation tolerance relaxed to achieve convergence from 5.6285154900338318e-04 to 5.6285154900338416e-04 seconds.
Warning: Simulation tolerance relaxed to achieve convergence from 5.6285154912616756e-04 to 5.6285154912616854e-04 seconds.
Warning: Simulation tolerance relaxed to achieve convergence from 5.6285154912619141e-04 to 5.6285154912619239e-04 seconds.
Warning: Simulation tolerance relaxed to achieve convergence from 5.6285154912623630e-04 to 5.6285154912623727e-04 seconds.
Warning: Simulation tolerance relaxed to achieve convergence from 5.6285154915876453e-04 to 5.6285154915876551e-04 seconds.
Warning: Simulation tolerance relaxed to achieve convergence from 5.6285154916122849e-04 to 5.6285154916122947e-04 seconds.
Warning: Simulation tolerance relaxed to achieve convergence from 5.6285154918145721e-04 to 5.6285154918145818e-04 seconds.
Warning: Simulation tolerance relaxed to achieve convergence from 5.6285154918148616e-04 to 5.6285154918148713e-04 seconds.
Warning: Simulation tolerance relaxed to achieve convergence from 5.6285154918152367e-04 to 5.6285154918152465e-04 seconds.
Warning: Simulation tolerance relaxed to achieve convergence from 5.6285154918167058e-04 to 5.6285154918167156e-04 seconds.
Warning: Simulation tolerance relaxed to achieve convergence from 5.6285158516745026e-04 to 5.6285158516745123e-04 seconds.
Warning: Simulation tolerance relaxed to achieve convergence from 5.6285158539053711e-04 to 5.6285158539053808e-04 seconds.
Warning: Simulation tolerance relaxed to achieve convergence from 5.6285158539055088e-04 to 5.6285158539055185e-04 seconds.
Warning: Simulation tolerance relaxed to achieve convergence from 5.6285158539058882e-04 to 5.6285158539058980e-04 seconds.
Warning: Simulation tolerance relaxed to achieve convergence from 5.6285158539060975e-04 to 5.6285158539061072e-04 seconds.
Warning: Simulation tolerance relaxed to achieve convergence from 5.6285158539061072e-04 to 5.6285158539061170e-04 seconds.
Warning: Simulation tolerance relaxed to achieve convergence from 5.6285158540703162e-04 to 5.6285158540703259e-04 seconds.
Warning: Simulation tolerance relaxed to achieve convergence from 5.6285158540703747e-04 to 5.6285158540703845e-04 seconds.
Warning: Simulation tolerance relaxed to achieve convergence from 5.6285158540704441e-04 to 5.6285158540704538e-04 seconds.
Warning: Simulation tolerance relaxed to achieve convergence from 5.6285158540707943e-04 to 5.6285158540708040e-04 seconds.
Warning: Simulation tolerance relaxed to achieve convergence from 5.6285158540708040e-04 to 5.6285158540708138e-04 seconds.
Warning: Simulation tolerance relaxed to achieve convergence from 5.6285158540708333e-04 to 5.6285158540708431e-04 seconds.
Warning: Simulation tolerance relaxed to achieve convergence from 5.6285186985973173e-04 to 5.6285186985973270e-04 seconds.
Warning: Simulation tolerance relaxed to achieve convergence from 5.6285186986493655e-04 to 5.6285186986493752e-04 seconds.
Warning: Simulation tolerance relaxed to achieve convergence from 5.6285186986493752e-04 to 5.6285186986493850e-04 seconds.
Warning: Simulation tolerance relaxed to achieve convergence from 5.6285186986505429e-04 to 5.6285186986505527e-04 seconds.
Warning: Simulation tolerance relaxed to achieve convergence from 5.6285197568346843e-04 to 5.6285197568346941e-04 seconds.
Warning: Simulation tolerance relaxed to achieve convergence from 5.6285197568351234e-04 to 5.6285197568351332e-04 seconds.
Warning: Simulation tolerance relaxed to achieve convergence from 5.6285197568351928e-04 to 5.6285197568352026e-04 seconds.
Warning: Simulation tolerance relaxed to achieve convergence from 5.6285197614488840e-04 to 5.6285197614488938e-04 seconds.
Warning: Simulation tolerance relaxed to achieve convergence from 5.6285197614494131e-04 to 5.6285197614494228e-04 seconds.
Warning: Simulation tolerance relaxed to achieve convergence from 5.6285197614494326e-04 to 5.6285197614494424e-04 seconds.
Warning: Simulation tolerance relaxed to achieve convergence from 5.6285197614495822e-04 to 5.6285197614495920e-04 seconds.
Warning: Simulation tolerance relaxed to achieve convergence from 5.6285197614499010e-04 to 5.6285197614499107e-04 seconds.
Warning: Simulation tolerance relaxed to achieve convergence from 5.6285197614499498e-04 to 5.6285197614499595e-04 seconds.
Warning: Simulation tolerance relaxed to achieve convergence from 5.6285201414088505e-04 to 5.6285201414088602e-04 seconds.
Warning: Simulation tolerance relaxed to achieve convergence from 5.6285202028396198e-04 to 5.6285202028396296e-04 seconds.
Warning: Simulation tolerance relaxed to achieve convergence from 5.6285202028396296e-04 to 5.6285202028396393e-04 seconds.
Warning: Simulation tolerance relaxed to achieve convergence from 5.6285202028396491e-04 to 5.6285202028396588e-04 seconds.
Warning: Simulation tolerance relaxed to achieve convergence from 5.6285202042355193e-04 to 5.6285202042355290e-04 seconds.
Warning: Simulation tolerance relaxed to achieve convergence from 5.6285202046312541e-04 to 5.6285202046312639e-04 seconds.
Warning: Simulation tolerance relaxed to achieve convergence from 5.6285202049723290e-04 to 5.6285202049723387e-04 seconds.
Warning: Simulation tolerance relaxed to achieve convergence from 5.6285202049723582e-04 to 5.6285202049723680e-04 seconds.
Warning: Simulation tolerance relaxed to achieve convergence from 5.6285202074120668e-04 to 5.6285202074120766e-04 seconds.
Warning: Simulation tolerance relaxed to achieve convergence from 5.6285202294142401e-04 to 5.6285202294142499e-04 seconds.
Warning: Simulation tolerance relaxed to achieve convergence from 5.6285203072857959e-04 to 5.6285203072858057e-04 seconds.
Warning: Simulation tolerance relaxed to achieve convergence from 5.6285203564374585e-04 to 5.6285203564374682e-04 seconds.
Warning: Simulation tolerance relaxed to achieve convergence from 5.6285205854519264e-04 to 5.6285205854519362e-04 seconds.
Warning: Simulation tolerance relaxed to achieve convergence from 5.6285205854519655e-04 to 5.6285205854519752e-04 seconds.
Warning: Simulation tolerance relaxed to achieve convergence from 5.6285208748934582e-04 to 5.6285208748934679e-04 seconds.
Warning: Simulation tolerance relaxed to achieve convergence from 5.6285208748935471e-04 to 5.6285208748935568e-04 seconds.
Warning: Simulation tolerance relaxed to achieve convergence from 5.6285208748951365e-04 to 5.6285208748951463e-04 seconds.
Warning: Simulation tolerance relaxed to achieve convergence from 5.6285208884924737e-04 to 5.6285208884924835e-04 seconds.
Warning: Simulation tolerance relaxed to achieve convergence from 5.6285208885051134e-04 to 5.6285208885051231e-04 seconds.
Warning: Simulation tolerance relaxed to achieve convergence from 5.6285209768434496e-04 to 5.6285209768434593e-04 seconds.
Warning: Simulation tolerance relaxed to achieve convergence from 5.6285209768435190e-04 to 5.6285209768435287e-04 seconds.
Warning: Simulation tolerance relaxed to achieve convergence from 5.6285210237823151e-04 to 5.6285210237823249e-04 seconds.
Warning: Simulation tolerance relaxed to achieve convergence from 5.6285210237829841e-04 to 5.6285210237829938e-04 seconds.
Warning: Simulation tolerance relaxed to achieve convergence from 5.6285210300668713e-04 to 5.6285210300668811e-04 seconds.
Warning: Simulation tolerance relaxed to achieve convergence from 5.6285210300668811e-04 to 5.6285210300668909e-04 seconds.
Warning: Simulation tolerance relaxed to achieve convergence from 5.6285210300668909e-04 to 5.6285210300669006e-04 seconds.
Warning: Simulation tolerance relaxed to achieve convergence from 5.6285210300728789e-04 to 5.6285210300728887e-04 seconds.
Warning: Simulation tolerance relaxed to achieve convergence from 5.6285210300729277e-04 to 5.6285210300729375e-04 seconds.
Warning: Simulation tolerance relaxed to achieve convergence from 5.6285210300731359e-04 to 5.6285210300731456e-04 seconds.
Warning: Simulation tolerance relaxed to achieve convergence from 5.6285210300731456e-04 to 5.6285210300731554e-04 seconds.
Warning: Simulation tolerance relaxed to achieve convergence from 5.6285213524471123e-04 to 5.6285213524471221e-04 seconds.
Warning: Simulation tolerance relaxed to achieve convergence from 5.6285213524471221e-04 to 5.6285213524471319e-04 seconds.
Warning: Simulation tolerance relaxed to achieve convergence from 5.6285213886583655e-04 to 5.6285213886583753e-04 seconds.
Warning: Simulation tolerance relaxed to achieve convergence from 5.6285213886648772e-04 to 5.6285213886648870e-04 seconds.
Warning: Simulation tolerance relaxed to achieve convergence from 5.6285213886649466e-04 to 5.6285213886649564e-04 seconds.
Warning: Simulation tolerance relaxed to achieve convergence from 5.6285213886649564e-04 to 5.6285213886649661e-04 seconds.
Warning: Simulation tolerance relaxed to achieve convergence from 5.6285213886649661e-04 to 5.6285213886649759e-04 seconds.
Warning: Simulation tolerance relaxed to achieve convergence from 5.6285213886650453e-04 to 5.6285213886650550e-04 seconds.
Warning: Simulation tolerance relaxed to achieve convergence from 5.6285214401604711e-04 to 5.6285214401604808e-04 seconds.
Warning: Simulation tolerance relaxed to achieve convergence from 5.6285214401755599e-04 to 5.6285214401755696e-04 seconds.
Warning: Simulation tolerance relaxed to achieve convergence from 5.6285214401763579e-04 to 5.6285214401763676e-04 seconds.
Warning: Simulation tolerance relaxed to achieve convergence from 5.7785876126742865e-04 to 5.7785876126742962e-04 seconds.
Warning: Simulation tolerance relaxed to achieve convergence from 5.7785876126742962e-04 to 5.7785876126743060e-04 seconds.
Warning: Simulation tolerance relaxed to achieve convergence from 5.7785876203834041e-04 to 5.7785876203834139e-04 seconds.
Warning: Simulation tolerance relaxed to achieve convergence from 5.7785876457495131e-04 to 5.7785876457495228e-04 seconds.
Warning: Simulation tolerance relaxed to achieve convergence from 5.7785876457616843e-04 to 5.7785876457616941e-04 seconds.
Warning: Simulation tolerance relaxed to achieve convergence from 5.7785877226698159e-04 to 5.7785877226698256e-04 seconds.
Warning: Simulation tolerance relaxed to achieve convergence from 5.7785886850947159e-04 to 5.7785886850947256e-04 seconds.
Warning: Simulation tolerance relaxed to achieve convergence from 5.7785912039375390e-04 to 5.7785912039375487e-04 seconds.
Warning: Simulation tolerance relaxed to achieve convergence from 5.8535647598455590e-04 to 5.8535647598455687e-04 seconds.
Warning: Simulation tolerance relaxed to achieve convergence from 5.8535650353538742e-04 to 5.8535650353538839e-04 seconds.
Warning: Simulation tolerance relaxed to achieve convergence from 5.8535650353538839e-04 to 5.8535650353538937e-04 seconds.
Warning: Simulation tolerance relaxed to achieve convergence from 5.8535650353538937e-04 to 5.8535650353539034e-04 seconds.
Warning: Simulation tolerance relaxed to achieve convergence from 5.8535650406446723e-04 to 5.8535650406446821e-04 seconds.
Warning: Simulation tolerance relaxed to achieve convergence from 5.8535650414913356e-04 to 5.8535650414913453e-04 seconds.
Warning: Simulation tolerance relaxed to achieve convergence from 5.8535650776039849e-04 to 5.8535650776039947e-04 seconds.
Warning: Simulation tolerance relaxed to achieve convergence from 5.8535650776041128e-04 to 5.8535650776041226e-04 seconds.
Warning: Simulation tolerance relaxed to achieve convergence from 5.8535650776041323e-04 to 5.8535650776041421e-04 seconds.
Warning: Simulation tolerance relaxed to achieve convergence from 5.8535650776073416e-04 to 5.8535650776073513e-04 seconds.
Warning: Simulation tolerance relaxed to achieve convergence from 5.8535650776187702e-04 to 5.8535650776187799e-04 seconds.
Warning: Simulation tolerance relaxed to achieve convergence from 5.8535651994809129e-04 to 5.8535651994809227e-04 seconds.
Warning: Simulation tolerance relaxed to achieve convergence from 5.8535652620287390e-04 to 5.8535652620287488e-04 seconds.
Warning: Simulation tolerance relaxed to achieve convergence from 5.8535652620666492e-04 to 5.8535652620666590e-04 seconds.
Warning: Simulation tolerance relaxed to achieve convergence from 5.8535652620666590e-04 to 5.8535652620666687e-04 seconds.
Warning: Simulation tolerance relaxed to achieve convergence from 5.8535652620670287e-04 to 5.8535652620670385e-04 seconds.
Warning: Simulation tolerance relaxed to achieve convergence from 5.8535652620671165e-04 to 5.8535652620671263e-04 seconds.
Warning: Simulation tolerance relaxed to achieve convergence from 5.8535717916224515e-04 to 5.8535717916224613e-04 seconds.
Warning: Simulation tolerance relaxed to achieve convergence from 5.8535717916246904e-04 to 5.8535717916247002e-04 seconds.
Warning: Simulation tolerance relaxed to achieve convergence from 5.8535717933886722e-04 to 5.8535717933886819e-04 seconds.
Warning: Simulation tolerance relaxed to achieve convergence from 5.8535718702650019e-04 to 5.8535718702650117e-04 seconds.
Warning: Simulation tolerance relaxed to achieve convergence from 5.8535718702650713e-04 to 5.8535718702650810e-04 seconds.
Warning: Simulation tolerance relaxed to achieve convergence from 5.8535718703500077e-04 to 5.8535718703500174e-04 seconds.
Warning: Simulation tolerance relaxed to achieve convergence from 5.8535719334010369e-04 to 5.8535719334010467e-04 seconds.
Warning: Simulation tolerance relaxed to achieve convergence from 5.8535724654226328e-04 to 5.8535724654226425e-04 seconds.
Warning: Simulation tolerance relaxed to achieve convergence from 5.9283078594673600e-04 to 5.9283078594673697e-04 seconds.
Warning: Simulation tolerance relaxed to achieve convergence from 5.9283078594674294e-04 to 5.9283078594674391e-04 seconds.
Warning: Simulation tolerance relaxed to achieve convergence from 5.9283078988509930e-04 to 5.9283078988510028e-04 seconds.
Warning: Simulation tolerance relaxed to achieve convergence from 5.9283078988625257e-04 to 5.9283078988625355e-04 seconds.
Warning: Simulation tolerance relaxed to achieve convergence from 5.9283078988625550e-04 to 5.9283078988625647e-04 seconds.
Warning: Simulation tolerance relaxed to achieve convergence from 5.9283079017686396e-04 to 5.9283079017686494e-04 seconds.
Warning: Simulation tolerance relaxed to achieve convergence from 5.9283079017687893e-04 to 5.9283079017687990e-04 seconds.
Warning: Simulation tolerance relaxed to achieve convergence from 5.9283079027282193e-04 to 5.9283079027282290e-04 seconds.
Warning: Simulation tolerance relaxed to achieve convergence from 5.9283079027282486e-04 to 5.9283079027282583e-04 seconds.
Warning: Simulation tolerance relaxed to achieve convergence from 5.9283079027283277e-04 to 5.9283079027283375e-04 seconds.
Warning: Simulation tolerance relaxed to achieve convergence from 5.9283079027450298e-04 to 5.9283079027450396e-04 seconds.
Warning: Simulation tolerance relaxed to achieve convergence from 5.9283079090900769e-04 to 5.9283079090900867e-04 seconds.
Warning: Simulation tolerance relaxed to achieve convergence from 5.9283079093089351e-04 to 5.9283079093089448e-04 seconds.
Warning: Simulation tolerance relaxed to achieve convergence from 5.9283079135769641e-04 to 5.9283079135769739e-04 seconds.
Warning: Simulation tolerance relaxed to achieve convergence from 5.9283081170726209e-04 to 5.9283081170726306e-04 seconds.
Warning: Simulation tolerance relaxed to achieve convergence from 5.9283081172657390e-04 to 5.9283081172657487e-04 seconds.
Warning: Simulation tolerance relaxed to achieve convergence from 5.9283081173188161e-04 to 5.9283081173188258e-04 seconds.
Warning: Simulation tolerance relaxed to achieve convergence from 5.9283081173188454e-04 to 5.9283081173188551e-04 seconds.
Warning: Simulation tolerance relaxed to achieve convergence from 5.9283081173196238e-04 to 5.9283081173196336e-04 seconds.
Warning: Simulation tolerance relaxed to achieve convergence from 5.9283088434294699e-04 to 5.9283088434294797e-04 seconds.
Warning: Simulation tolerance relaxed to achieve convergence from 5.9283088450140346e-04 to 5.9283088450140444e-04 seconds.
Warning: Simulation tolerance relaxed to achieve convergence from 5.9283088451469502e-04 to 5.9283088451469600e-04 seconds.
Warning: Simulation tolerance relaxed to achieve convergence from 5.9283088451470684e-04 to 5.9283088451470782e-04 seconds.
Warning: Simulation tolerance relaxed to achieve convergence from 5.9283088451470977e-04 to 5.9283088451471074e-04 seconds.
Warning: Simulation tolerance relaxed to achieve convergence from 5.9283088451471074e-04 to 5.9283088451471172e-04 seconds.
Warning: Simulation tolerance relaxed to achieve convergence from 5.9283088451471172e-04 to 5.9283088451471270e-04 seconds.
Warning: Simulation tolerance relaxed to achieve convergence from 5.9283088451471270e-04 to 5.9283088451471367e-04 seconds.
Warning: Simulation tolerance relaxed to achieve convergence from 5.9283088535533920e-04 to 5.9283088535534018e-04 seconds.
Warning: Simulation tolerance relaxed to achieve convergence from 5.9283088993410159e-04 to 5.9283088993410257e-04 seconds.
Warning: Simulation tolerance relaxed to achieve convergence from 5.9283165742415986e-04 to 5.9283165742416084e-04 seconds.
Warning: Simulation tolerance relaxed to achieve convergence from 5.9283165969330079e-04 to 5.9283165969330177e-04 seconds.
Warning: Simulation tolerance relaxed to achieve convergence from 5.9283165969949267e-04 to 5.9283165969949364e-04 seconds.
Warning: Simulation tolerance relaxed to achieve convergence from 5.9283165969951153e-04 to 5.9283165969951251e-04 seconds.
Warning: Simulation tolerance relaxed to achieve convergence from 5.9283165969951847e-04 to 5.9283165969951945e-04 seconds.
Warning: Simulation tolerance relaxed to achieve convergence from 5.9283165969952639e-04 to 5.9283165969952736e-04 seconds.
Warning: Simulation tolerance relaxed to achieve convergence from 5.9283165969952931e-04 to 5.9283165969953029e-04 seconds.
Warning: Simulation tolerance relaxed to achieve convergence from 5.9283165969953224e-04 to 5.9283165969953322e-04 seconds.
Warning: Simulation tolerance relaxed to achieve convergence from 5.9283165969954211e-04 to 5.9283165969954308e-04 seconds.
Warning: Simulation tolerance relaxed to achieve convergence from 5.9283165969954308e-04 to 5.9283165969954406e-04 seconds.
Warning: Simulation tolerance relaxed to achieve convergence from 5.9283165969954601e-04 to 5.9283165969954699e-04 seconds.
Warning: Simulation tolerance relaxed to achieve convergence from 5.9283165969955284e-04 to 5.9283165969955382e-04 seconds.
Warning: Simulation tolerance relaxed to achieve convergence from 5.9283165969955382e-04 to 5.9283165969955479e-04 seconds.
Warning: Simulation tolerance relaxed to achieve convergence from 5.9283165969955479e-04 to 5.9283165969955577e-04 seconds.
Warning: Simulation tolerance relaxed to achieve convergence from 5.9283165969970073e-04 to 5.9283165969970170e-04 seconds.
Warning: Simulation tolerance relaxed to achieve convergence from 5.9283165969971862e-04 to 5.9283165969971959e-04 seconds.
Warning: Simulation tolerance relaxed to achieve convergence from 5.9283165969973726e-04 to 5.9283165969973824e-04 seconds.
Warning: Simulation tolerance relaxed to achieve convergence from 5.9283165970148034e-04 to 5.9283165970148131e-04 seconds.
Warning: Simulation tolerance relaxed to achieve convergence from 5.9283165970148521e-04 to 5.9283165970148619e-04 seconds.
Warning: Simulation tolerance relaxed to achieve convergence from 5.9283165970148619e-04 to 5.9283165970148717e-04 seconds.
Warning: Simulation tolerance relaxed to achieve convergence from 5.9283165989222890e-04 to 5.9283165989222988e-04 seconds.
Warning: Simulation tolerance relaxed to achieve convergence from 5.9283165989222988e-04 to 5.9283165989223085e-04 seconds.
Warning: Simulation tolerance relaxed to achieve convergence from 5.9283166000744859e-04 to 5.9283166000744956e-04 seconds.
Warning: Simulation tolerance relaxed to achieve convergence from 5.9283166000748361e-04 to 5.9283166000748458e-04 seconds.
Warning: Simulation tolerance relaxed to achieve convergence from 5.9283166000754660e-04 to 5.9283166000754757e-04 seconds.
Warning: Simulation tolerance relaxed to achieve convergence from 5.9283166000755050e-04 to 5.9283166000755148e-04 seconds.
Warning: Simulation tolerance relaxed to achieve convergence from 5.9283166000755343e-04 to 5.9283166000755440e-04 seconds.
Warning: Simulation tolerance relaxed to achieve convergence from 5.9283166000756037e-04 to 5.9283166000756134e-04 seconds.
Warning: Simulation tolerance relaxed to achieve convergence from 5.9283166000756817e-04 to 5.9283166000756915e-04 seconds.
Warning: Simulation tolerance relaxed to achieve convergence from 5.9283166379582304e-04 to 5.9283166379582402e-04 seconds.
Warning: Simulation tolerance relaxed to achieve convergence from 5.9283166379679795e-04 to 5.9283166379679893e-04 seconds.
Warning: Simulation tolerance relaxed to achieve convergence from 5.9283166431591634e-04 to 5.9283166431591732e-04 seconds.
Warning: Simulation tolerance relaxed to achieve convergence from 5.9283166431592816e-04 to 5.9283166431592913e-04 seconds.
Warning: Simulation tolerance relaxed to achieve convergence from 6.0034984711724952e-04 to 6.0034984711725050e-04 seconds.
Warning: Simulation tolerance relaxed to achieve convergence from 6.0034984711734938e-04 to 6.0034984711735035e-04 seconds.
Warning: Simulation tolerance relaxed to achieve convergence from 6.0034984711736629e-04 to 6.0034984711736727e-04 seconds.
Warning: Simulation tolerance relaxed to achieve convergence from 6.0034984742202504e-04 to 6.0034984742202602e-04 seconds.
Warning: Simulation tolerance relaxed to achieve convergence from 6.0034985729539962e-04 to 6.0034985729540060e-04 seconds.
Warning: Simulation tolerance relaxed to achieve convergence from 6.0034985852077890e-04 to 6.0034985852077988e-04 seconds.
Warning: Simulation tolerance relaxed to achieve convergence from 6.0034986106731827e-04 to 6.0034986106731925e-04 seconds.
Warning: Simulation tolerance relaxed to achieve convergence from 6.0034986234907910e-04 to 6.0034986234908008e-04 seconds.
Warning: Simulation tolerance relaxed to achieve convergence from 6.0034986234908008e-04 to 6.0034986234908105e-04 seconds.
Warning: Simulation tolerance relaxed to achieve convergence from 6.0034986235076699e-04 to 6.0034986235076796e-04 seconds.
Warning: Simulation tolerance relaxed to achieve convergence from 6.0034986390635424e-04 to 6.0034986390635522e-04 seconds.
Warning: Simulation tolerance relaxed to achieve convergence from 6.0034986390635522e-04 to 6.0034986390635620e-04 seconds.
Warning: Simulation tolerance relaxed to achieve convergence from 6.0034986390636107e-04 to 6.0034986390636205e-04 seconds.
Warning: Simulation tolerance relaxed to achieve convergence from 6.0034986390636205e-04 to 6.0034986390636303e-04 seconds.
Warning: Simulation tolerance relaxed to achieve convergence from 6.0034986390636303e-04 to 6.0034986390636400e-04 seconds.
Warning: Simulation tolerance relaxed to achieve convergence from 6.0034986390636400e-04 to 6.0034986390636498e-04 seconds.
Warning: Simulation tolerance relaxed to achieve convergence from 6.0034990056761486e-04 to 6.0034990056761584e-04 seconds.
Warning: Simulation tolerance relaxed to achieve convergence from 6.0034990056768967e-04 to 6.0034990056769065e-04 seconds.
Warning: Simulation tolerance relaxed to achieve convergence from 6.0034990056769260e-04 to 6.0034990056769357e-04 seconds.
Warning: Simulation tolerance relaxed to achieve convergence from 6.0034990063514396e-04 to 6.0034990063514493e-04 seconds.
Warning: Simulation tolerance relaxed to achieve convergence from 6.0034990063515578e-04 to 6.0034990063515675e-04 seconds.
Warning: Simulation tolerance relaxed to achieve convergence from 6.0034990760173066e-04 to 6.0034990760173164e-04 seconds.
Warning: Simulation tolerance relaxed to achieve convergence from 6.0034990760302282e-04 to 6.0034990760302379e-04 seconds.
Warning: Simulation tolerance relaxed to achieve convergence from 6.0035081284608291e-04 to 6.0035081284608388e-04 seconds.
Warning: Simulation tolerance relaxed to achieve convergence from 6.0035081286390752e-04 to 6.0035081286390849e-04 seconds.
Warning: Simulation tolerance relaxed to achieve convergence from 6.0035081286456454e-04 to 6.0035081286456552e-04 seconds.
Warning: Simulation tolerance relaxed to achieve convergence from 6.0035081286457940e-04 to 6.0035081286458037e-04 seconds.
Warning: Simulation tolerance relaxed to achieve convergence from 6.0035081535616121e-04 to 6.0035081535616218e-04 seconds.
Warning: Simulation tolerance relaxed to achieve convergence from 6.0035081535616218e-04 to 6.0035081535616316e-04 seconds.
Warning: Simulation tolerance relaxed to achieve convergence from 6.0035081535631592e-04 to 6.0035081535631690e-04 seconds.
Warning: Simulation tolerance relaxed to achieve convergence from 6.0035081535631885e-04 to 6.0035081535631982e-04 seconds.
Warning: Simulation tolerance relaxed to achieve convergence from 6.0035081535696590e-04 to 6.0035081535696688e-04 seconds.
Warning: Simulation tolerance relaxed to achieve convergence from 6.0035081542739860e-04 to 6.0035081542739958e-04 seconds.
Warning: Simulation tolerance relaxed to achieve convergence from 6.0035081542748946e-04 to 6.0035081542749043e-04 seconds.
Warning: Simulation tolerance relaxed to achieve convergence from 6.0035081542749336e-04 to 6.0035081542749434e-04 seconds.
Warning: Simulation tolerance relaxed to achieve convergence from 6.0035081542749922e-04 to 6.0035081542750019e-04 seconds.
Warning: Simulation tolerance relaxed to achieve convergence from 6.0035081542751797e-04 to 6.0035081542751895e-04 seconds.
Warning: Simulation tolerance relaxed to achieve convergence from 6.0035081845644968e-04 to 6.0035081845645065e-04 seconds.
Warning: Simulation tolerance relaxed to achieve convergence from 6.0035081845649456e-04 to 6.0035081845649554e-04 seconds.
Warning: Simulation tolerance relaxed to achieve convergence from 6.0035081845652926e-04 to 6.0035081845653023e-04 seconds.
Warning: Simulation tolerance relaxed to achieve convergence from 6.0035081845653219e-04 to 6.0035081845653316e-04 seconds.
Warning: Simulation tolerance relaxed to achieve convergence from 6.0035085729984812e-04 to 6.0035085729984910e-04 seconds.
Warning: Simulation tolerance relaxed to achieve convergence from 6.0035085730509512e-04 to 6.0035085730509609e-04 seconds.
Warning: Simulation tolerance relaxed to achieve convergence from 6.0035087040820247e-04 to 6.0035087040820345e-04 seconds.
Warning: Simulation tolerance relaxed to achieve convergence from 6.0035087041647472e-04 to 6.0035087041647570e-04 seconds.
Warning: Simulation tolerance relaxed to achieve convergence from 6.0035088023188200e-04 to 6.0035088023188297e-04 seconds.
Warning: Simulation tolerance relaxed to achieve convergence from 6.0035088023188395e-04 to 6.0035088023188492e-04 seconds.
Warning: Simulation tolerance relaxed to achieve convergence from 6.0035088023190064e-04 to 6.0035088023190162e-04 seconds.
Warning: Simulation tolerance relaxed to achieve convergence from 6.0035088023190455e-04 to 6.0035088023190552e-04 seconds.
Warning: Simulation tolerance relaxed to achieve convergence from 6.0035088349743757e-04 to 6.0035088349743855e-04 seconds.
Warning: Simulation tolerance relaxed to achieve convergence from 6.0035088374034754e-04 to 6.0035088374034852e-04 seconds.
Warning: Simulation tolerance relaxed to achieve convergence from 6.0035088451882096e-04 to 6.0035088451882194e-04 seconds.
Warning: Simulation tolerance relaxed to achieve convergence from 6.0035088532246587e-04 to 6.0035088532246685e-04 seconds.
Warning: Simulation tolerance relaxed to achieve convergence from 6.0035088532246783e-04 to 6.0035088532246880e-04 seconds.
Warning: Simulation tolerance relaxed to achieve convergence from 6.0035088532246880e-04 to 6.0035088532246978e-04 seconds.
Warning: Simulation tolerance relaxed to achieve convergence from 6.0035088532247173e-04 to 6.0035088532247270e-04 seconds.
Warning: Simulation tolerance relaxed to achieve convergence from 6.0035092933720142e-04 to 6.0035092933720239e-04 seconds.
Warning: Simulation tolerance relaxed to achieve convergence from 6.0035092933720239e-04 to 6.0035092933720337e-04 seconds.
Warning: Simulation tolerance relaxed to achieve convergence from 6.0035093165709081e-04 to 6.0035093165709179e-04 seconds.
Warning: Simulation tolerance relaxed to achieve convergence from 6.0035093170103548e-04 to 6.0035093170103645e-04 seconds.
Warning: Simulation tolerance relaxed to achieve convergence from 6.0035093170165163e-04 to 6.0035093170165261e-04 seconds.
Warning: Simulation tolerance relaxed to achieve convergence from 6.0035093172511301e-04 to 6.0035093172511398e-04 seconds.
Warning: Simulation tolerance relaxed to achieve convergence from 6.0035094112391061e-04 to 6.0035094112391159e-04 seconds.
Warning: Simulation tolerance relaxed to achieve convergence from 6.1535002680167142e-04 to 6.1535002680167239e-04 seconds.
Warning: Simulation tolerance relaxed to achieve convergence from 6.1535002680596724e-04 to 6.1535002680596822e-04 seconds.
Warning: Simulation tolerance relaxed to achieve convergence from 6.1535002686519786e-04 to 6.1535002686519884e-04 seconds.
Warning: Simulation tolerance relaxed to achieve convergence from 6.1535004633457395e-04 to 6.1535004633457493e-04 seconds.
Warning: Simulation tolerance relaxed to achieve convergence from 6.1535004633460995e-04 to 6.1535004633461092e-04 seconds.
Warning: Simulation tolerance relaxed to achieve convergence from 6.1535005242129600e-04 to 6.1535005242129698e-04 seconds.
Warning: Simulation tolerance relaxed to achieve convergence from 6.1535005242129698e-04 to 6.1535005242129796e-04 seconds.
Warning: Simulation tolerance relaxed to achieve convergence from 6.1535005315456210e-04 to 6.1535005315456308e-04 seconds.
Warning: Simulation tolerance relaxed to achieve convergence from 6.1535005315456600e-04 to 6.1535005315456698e-04 seconds.
Warning: Simulation tolerance relaxed to achieve convergence from 6.1535005346529824e-04 to 6.1535005346529921e-04 seconds.
Warning: Simulation tolerance relaxed to achieve convergence from 6.1535005346531515e-04 to 6.1535005346531613e-04 seconds.
Warning: Simulation tolerance relaxed to achieve convergence from 6.1535005346535993e-04 to 6.1535005346536090e-04 seconds.
Warning: Simulation tolerance relaxed to achieve convergence from 6.1535005346576705e-04 to 6.1535005346576802e-04 seconds.
Warning: Simulation tolerance relaxed to achieve convergence from 6.1535005399735332e-04 to 6.1535005399735430e-04 seconds.
Warning: Simulation tolerance relaxed to achieve convergence from 6.1535005400889032e-04 to 6.1535005400889129e-04 seconds.
Warning: Simulation tolerance relaxed to achieve convergence from 6.1535005402047090e-04 to 6.1535005402047187e-04 seconds.
Warning: Simulation tolerance relaxed to achieve convergence from 6.1535005405282739e-04 to 6.1535005405282837e-04 seconds.
Warning: Simulation tolerance relaxed to achieve convergence from 6.1535005407165218e-04 to 6.1535005407165316e-04 seconds.
Warning: Simulation tolerance relaxed to achieve convergence from 6.1535005407165316e-04 to 6.1535005407165413e-04 seconds.
Warning: Simulation tolerance relaxed to achieve convergence from 6.1535005407165511e-04 to 6.1535005407165608e-04 seconds.
Warning: Simulation tolerance relaxed to achieve convergence from 6.1535005407165608e-04 to 6.1535005407165706e-04 seconds.
Warning: Simulation tolerance relaxed to achieve convergence from 6.1535007620175234e-04 to 6.1535007620175332e-04 seconds.
Warning: Simulation tolerance relaxed to achieve convergence from 6.1535007620176026e-04 to 6.1535007620176123e-04 seconds.
Warning: Simulation tolerance relaxed to achieve convergence from 6.1535007620178411e-04 to 6.1535007620178508e-04 seconds.
Warning: Simulation tolerance relaxed to achieve convergence from 6.1535007620178508e-04 to 6.1535007620178606e-04 seconds.
Warning: Simulation tolerance relaxed to achieve convergence from 6.1535007620179202e-04 to 6.1535007620179300e-04 seconds.
Warning: Simulation tolerance relaxed to achieve convergence from 6.1535007860073385e-04 to 6.1535007860073483e-04 seconds.
Warning: Simulation tolerance relaxed to achieve convergence from 6.1535007864472742e-04 to 6.1535007864472839e-04 seconds.
Warning: Simulation tolerance relaxed to achieve convergence from 6.1535007969434332e-04 to 6.1535007969434430e-04 seconds.
Warning: Simulation tolerance relaxed to achieve convergence from 6.1535007986160699e-04 to 6.1535007986160796e-04 seconds.
Warning: Simulation tolerance relaxed to achieve convergence from 6.1535007986160796e-04 to 6.1535007986160894e-04 seconds.
Warning: Simulation tolerance relaxed to achieve convergence from 6.1535008123529092e-04 to 6.1535008123529190e-04 seconds.
Warning: Simulation tolerance relaxed to achieve convergence from 6.1535008123529190e-04 to 6.1535008123529287e-04 seconds.
Warning: Simulation tolerance relaxed to achieve convergence from 6.1535008141627397e-04 to 6.1535008141627495e-04 seconds.
Warning: Simulation tolerance relaxed to achieve convergence from 6.1535008141629772e-04 to 6.1535008141629869e-04 seconds.
Warning: Simulation tolerance relaxed to achieve convergence from 6.1535008141693067e-04 to 6.1535008141693165e-04 seconds.
Warning: Simulation tolerance relaxed to achieve convergence from 6.1535008141693360e-04 to 6.1535008141693458e-04 seconds.
Warning: Simulation tolerance relaxed to achieve convergence from 6.1535008141694152e-04 to 6.1535008141694249e-04 seconds.
Warning: Simulation tolerance relaxed to achieve convergence from 6.1535008141700115e-04 to 6.1535008141700212e-04 seconds.
Warning: Simulation tolerance relaxed to achieve convergence from 6.1535008141703812e-04 to 6.1535008141703909e-04 seconds.
Warning: Simulation tolerance relaxed to achieve convergence from 6.1535008141718112e-04 to 6.1535008141718210e-04 seconds.
Warning: Simulation tolerance relaxed to achieve convergence from 6.1535008704128734e-04 to 6.1535008704128832e-04 seconds.
Warning: Simulation tolerance relaxed to achieve convergence from 6.1535008704128832e-04 to 6.1535008704128929e-04 seconds.
Warning: Simulation tolerance relaxed to achieve convergence from 6.1535008704128929e-04 to 6.1535008704129027e-04 seconds.
Warning: Simulation tolerance relaxed to achieve convergence from 6.1535008704129320e-04 to 6.1535008704129417e-04 seconds.
Warning: Simulation tolerance relaxed to achieve convergence from 6.1535008704129417e-04 to 6.1535008704129515e-04 seconds.
Warning: Simulation tolerance relaxed to achieve convergence from 6.1535008704144000e-04 to 6.1535008704144097e-04 seconds.
Warning: Simulation tolerance relaxed to achieve convergence from 6.1535008704144097e-04 to 6.1535008704144195e-04 seconds.
Warning: Simulation tolerance relaxed to achieve convergence from 6.1535008704145572e-04 to 6.1535008704145669e-04 seconds.
Warning: Simulation tolerance relaxed to achieve convergence from 6.1535008704145864e-04 to 6.1535008704145962e-04 seconds.
Warning: Simulation tolerance relaxed to achieve convergence from 6.1535008797063931e-04 to 6.1535008797064029e-04 seconds.
Warning: Simulation tolerance relaxed to achieve convergence from 6.1535038128083955e-04 to 6.1535038128084053e-04 seconds.
Warning: Simulation tolerance relaxed to achieve convergence from 6.1535038170674333e-04 to 6.1535038170674431e-04 seconds.
Warning: Simulation tolerance relaxed to achieve convergence from 6.1535038170674431e-04 to 6.1535038170674528e-04 seconds.
Warning: Simulation tolerance relaxed to achieve convergence from 6.1535038189280706e-04 to 6.1535038189280804e-04 seconds.
Warning: Simulation tolerance relaxed to achieve convergence from 6.1535057535779761e-04 to 6.1535057535779859e-04 seconds.
Warning: Simulation tolerance relaxed to achieve convergence from 6.1535057535780553e-04 to 6.1535057535780651e-04 seconds.
Warning: Simulation tolerance relaxed to achieve convergence from 6.1535057535780651e-04 to 6.1535057535780748e-04 seconds.
Warning: Simulation tolerance relaxed to achieve convergence from 6.1535057535866270e-04 to 6.1535057535866368e-04 seconds.
Warning: Simulation tolerance relaxed to achieve convergence from 6.1535057537060757e-04 to 6.1535057537060855e-04 seconds.
Warning: Simulation tolerance relaxed to achieve convergence from 6.1535057537061549e-04 to 6.1535057537061646e-04 seconds.
Warning: Simulation tolerance relaxed to achieve convergence from 6.1535057546298463e-04 to 6.1535057546298561e-04 seconds.
Warning: Simulation tolerance relaxed to achieve convergence from 6.1535057546298854e-04 to 6.1535057546298951e-04 seconds.
Warning: Simulation tolerance relaxed to achieve convergence from 6.1535057592149460e-04 to 6.1535057592149557e-04 seconds.
Warning: Simulation tolerance relaxed to achieve convergence from 6.1535057594170716e-04 to 6.1535057594170814e-04 seconds.
Warning: Simulation tolerance relaxed to achieve convergence from 6.1535057594182816e-04 to 6.1535057594182914e-04 seconds.
Warning: Simulation tolerance relaxed to achieve convergence from 6.1535067999735136e-04 to 6.1535067999735234e-04 seconds.
Warning: Simulation tolerance relaxed to achieve convergence from 6.1535067999735917e-04 to 6.1535067999736015e-04 seconds.
Warning: Simulation tolerance relaxed to achieve convergence from 6.1535067999736015e-04 to 6.1535067999736112e-04 seconds.
Warning: Simulation tolerance relaxed to achieve convergence from 6.1535068910161309e-04 to 6.1535068910161406e-04 seconds.
Warning: Simulation tolerance relaxed to achieve convergence from 6.1535068910165277e-04 to 6.1535068910165375e-04 seconds.
Warning: Simulation tolerance relaxed to achieve convergence from 6.1535068910167456e-04 to 6.1535068910167554e-04 seconds.
Warning: Simulation tolerance relaxed to achieve convergence from 6.1535068910171338e-04 to 6.1535068910171435e-04 seconds.
Warning: Simulation tolerance relaxed to achieve convergence from 6.1535068910176206e-04 to 6.1535068910176303e-04 seconds.
Warning: Simulation tolerance relaxed to achieve convergence from 6.1535069206431208e-04 to 6.1535069206431305e-04 seconds.
Warning: Simulation tolerance relaxed to achieve convergence from 6.1535069206431500e-04 to 6.1535069206431598e-04 seconds.
Warning: Simulation tolerance relaxed to achieve convergence from 6.1535069206443145e-04 to 6.1535069206443242e-04 seconds.
Warning: Simulation tolerance relaxed to achieve convergence from 6.1535069206443437e-04 to 6.1535069206443535e-04 seconds.
Warning: Simulation tolerance relaxed to achieve convergence from 6.1535069206686093e-04 to 6.1535069206686190e-04 seconds.
Warning: Simulation tolerance relaxed to achieve convergence from 6.1535069237726064e-04 to 6.1535069237726161e-04 seconds.
Warning: Simulation tolerance relaxed to achieve convergence from 6.1535069238625550e-04 to 6.1535069238625648e-04 seconds.
Warning: Simulation tolerance relaxed to achieve convergence from 6.2280602539771437e-04 to 6.2280602539771534e-04 seconds.
Warning: Simulation tolerance relaxed to achieve convergence from 6.2280603930330220e-04 to 6.2280603930330318e-04 seconds.
Warning: Simulation tolerance relaxed to achieve convergence from 6.2280603930330318e-04 to 6.2280603930330415e-04 seconds.
Warning: Simulation tolerance relaxed to achieve convergence from 6.2280604001489553e-04 to 6.2280604001489651e-04 seconds.
Warning: Simulation tolerance relaxed to achieve convergence from 6.2280604001489748e-04 to 6.2280604001489846e-04 seconds.
Warning: Simulation tolerance relaxed to achieve convergence from 6.2280604001490540e-04 to 6.2280604001490637e-04 seconds.
Warning: Simulation tolerance relaxed to achieve convergence from 6.2280604001544446e-04 to 6.2280604001544544e-04 seconds.
Warning: Simulation tolerance relaxed to achieve convergence from 6.2280606302993473e-04 to 6.2280606302993571e-04 seconds.
Warning: Simulation tolerance relaxed to achieve convergence from 6.2280606302997778e-04 to 6.2280606302997875e-04 seconds.
Warning: Simulation tolerance relaxed to achieve convergence from 6.2280606302997875e-04 to 6.2280606302997973e-04 seconds.
Warning: Simulation tolerance relaxed to achieve convergence from 6.2280606303000553e-04 to 6.2280606303000651e-04 seconds.
Warning: Simulation tolerance relaxed to achieve convergence from 6.2280607164186350e-04 to 6.2280607164186448e-04 seconds.
Warning: Simulation tolerance relaxed to achieve convergence from 6.2280609676418385e-04 to 6.2280609676418483e-04 seconds.
Warning: Simulation tolerance relaxed to achieve convergence from 6.2280610287366342e-04 to 6.2280610287366439e-04 seconds.
Warning: Simulation tolerance relaxed to achieve convergence from 6.2280610291125596e-04 to 6.2280610291125694e-04 seconds.
Warning: Simulation tolerance relaxed to achieve convergence from 6.2280610291136492e-04 to 6.2280610291136590e-04 seconds.
Warning: Simulation tolerance relaxed to achieve convergence from 6.2280610292829571e-04 to 6.2280610292829669e-04 seconds.
Warning: Simulation tolerance relaxed to achieve convergence from 6.2280610612089197e-04 to 6.2280610612089294e-04 seconds.
Warning: Simulation tolerance relaxed to achieve convergence from 6.2280610612089988e-04 to 6.2280610612090086e-04 seconds.
Warning: Simulation tolerance relaxed to achieve convergence from 6.2280610612090780e-04 to 6.2280610612090877e-04 seconds.
Warning: Simulation tolerance relaxed to achieve convergence from 6.2280613242852892e-04 to 6.2280613242852989e-04 seconds.
Warning: Simulation tolerance relaxed to achieve convergence from 6.2280613242854388e-04 to 6.2280613242854486e-04 seconds.
Warning: Simulation tolerance relaxed to achieve convergence from 6.2280613492062843e-04 to 6.2280613492062941e-04 seconds.
Warning: Simulation tolerance relaxed to achieve convergence from 6.2281865286586133e-04 to 6.2281865286586231e-04 seconds.
Warning: Simulation tolerance relaxed to achieve convergence from 6.2281866333260805e-04 to 6.2281866333260903e-04 seconds.
Warning: Simulation tolerance relaxed to achieve convergence from 6.3033641231998762e-04 to 6.3033641231998859e-04 seconds.
Warning: Simulation tolerance relaxed to achieve convergence from 6.3033641231998859e-04 to 6.3033641231998957e-04 seconds.
Warning: Simulation tolerance relaxed to achieve convergence from 6.3033641231998957e-04 to 6.3033641231999055e-04 seconds.
Warning: Simulation tolerance relaxed to achieve convergence from 6.3033641232380802e-04 to 6.3033641232380900e-04 seconds.
Warning: Simulation tolerance relaxed to achieve convergence from 6.3033641232381691e-04 to 6.3033641232381789e-04 seconds.
Warning: Simulation tolerance relaxed to achieve convergence from 6.3033641232435598e-04 to 6.3033641232435695e-04 seconds.
Warning: Simulation tolerance relaxed to achieve convergence from 6.3033641232436780e-04 to 6.3033641232436877e-04 seconds.
Warning: Simulation tolerance relaxed to achieve convergence from 6.3033641438973369e-04 to 6.3033641438973466e-04 seconds.
Warning: Simulation tolerance relaxed to achieve convergence from 6.3033641443755362e-04 to 6.3033641443755459e-04 seconds.
Warning: Simulation tolerance relaxed to achieve convergence from 6.3033641547084870e-04 to 6.3033641547084968e-04 seconds.
Warning: Simulation tolerance relaxed to achieve convergence from 6.3033641625040090e-04 to 6.3033641625040188e-04 seconds.
Warning: Simulation tolerance relaxed to achieve convergence from 6.3033641659152441e-04 to 6.3033641659152539e-04 seconds.
Warning: Simulation tolerance relaxed to achieve convergence from 6.3033641659152539e-04 to 6.3033641659152636e-04 seconds.
Warning: Simulation tolerance relaxed to achieve convergence from 6.3033641659181617e-04 to 6.3033641659181714e-04 seconds.
Warning: Simulation tolerance relaxed to achieve convergence from 6.3033641786541664e-04 to 6.3033641786541762e-04 seconds.
Warning: Simulation tolerance relaxed to achieve convergence from 6.4538944636958638e-04 to 6.4538944636958735e-04 seconds.
Warning: Simulation tolerance relaxed to achieve convergence from 6.4538944636959722e-04 to 6.4538944636959820e-04 seconds.
Warning: Simulation tolerance relaxed to achieve convergence from 6.4538944661056712e-04 to 6.4538944661056809e-04 seconds.
Warning: Simulation tolerance relaxed to achieve convergence from 6.4538944661066112e-04 to 6.4538944661066209e-04 seconds.
Warning: Simulation tolerance relaxed to achieve convergence from 6.4538944662793983e-04 to 6.4538944662794080e-04 seconds.
Warning: Simulation tolerance relaxed to achieve convergence from 6.4538944662798287e-04 to 6.4538944662798385e-04 seconds.
Warning: Simulation tolerance relaxed to achieve convergence from 6.4538944727583866e-04 to 6.4538944727583964e-04 seconds.
Warning: Simulation tolerance relaxed to achieve convergence from 6.4538944822241763e-04 to 6.4538944822241861e-04 seconds.
Warning: Simulation tolerance relaxed to achieve convergence from 6.4538944822243541e-04 to 6.4538944822243639e-04 seconds.
Warning: Simulation tolerance relaxed to achieve convergence from 6.4538944822245222e-04 to 6.4538944822245320e-04 seconds.
Warning: Simulation tolerance relaxed to achieve convergence from 6.4538944822245320e-04 to 6.4538944822245417e-04 seconds.
Warning: Simulation tolerance relaxed to achieve convergence from 6.4538945840582080e-04 to 6.4538945840582178e-04 seconds.
Warning: Simulation tolerance relaxed to achieve convergence from 6.4538945957424803e-04 to 6.4538945957424900e-04 seconds.
Warning: Simulation tolerance relaxed to achieve convergence from 6.4538945958362041e-04 to 6.4538945958362139e-04 seconds.
Warning: Simulation tolerance relaxed to achieve convergence from 6.4538945958362139e-04 to 6.4538945958362236e-04 seconds.
Warning: Simulation tolerance relaxed to achieve convergence from 6.4538945958728707e-04 to 6.4538945958728805e-04 seconds.
Warning: Simulation tolerance relaxed to achieve convergence from 6.4538950588366450e-04 to 6.4538950588366548e-04 seconds.
Warning: Simulation tolerance relaxed to achieve convergence from 6.4538957619957374e-04 to 6.4538957619957472e-04 seconds.
Warning: Simulation tolerance relaxed to achieve convergence from 6.4538957620162072e-04 to 6.4538957620162169e-04 seconds.
Warning: Simulation tolerance relaxed to achieve convergence from 6.4538957620162267e-04 to 6.4538957620162364e-04 seconds.
Warning: Simulation tolerance relaxed to achieve convergence from 6.5284288069334089e-04 to 6.5284288069334187e-04 seconds.
Warning: Simulation tolerance relaxed to achieve convergence from 6.5284288069336182e-04 to 6.5284288069336280e-04 seconds.
Warning: Simulation tolerance relaxed to achieve convergence from 6.5284288069336280e-04 to 6.5284288069336377e-04 seconds.
Warning: Simulation tolerance relaxed to achieve convergence from 6.5284288069337169e-04 to 6.5284288069337266e-04 seconds.
Warning: Simulation tolerance relaxed to achieve convergence from 6.5284288069338350e-04 to 6.5284288069338448e-04 seconds.
Warning: Simulation tolerance relaxed to achieve convergence from 6.5284288069338448e-04 to 6.5284288069338546e-04 seconds.
Warning: Simulation tolerance relaxed to achieve convergence from 6.5284288208841831e-04 to 6.5284288208841928e-04 seconds.
Warning: Simulation tolerance relaxed to achieve convergence from 6.5284288208854917e-04 to 6.5284288208855015e-04 seconds.
Warning: Simulation tolerance relaxed to achieve convergence from 6.5284288208855795e-04 to 6.5284288208855893e-04 seconds.
Warning: Simulation tolerance relaxed to achieve convergence from 6.5284288264701022e-04 to 6.5284288264701119e-04 seconds.
Warning: Simulation tolerance relaxed to achieve convergence from 6.5284288264701412e-04 to 6.5284288264701510e-04 seconds.
Warning: Simulation tolerance relaxed to achieve convergence from 6.5284288264701510e-04 to 6.5284288264701607e-04 seconds.
Warning: Simulation tolerance relaxed to achieve convergence from 6.5284288264701802e-04 to 6.5284288264701900e-04 seconds.
Warning: Simulation tolerance relaxed to achieve convergence from 6.5284288264702095e-04 to 6.5284288264702193e-04 seconds.
Warning: Simulation tolerance relaxed to achieve convergence from 6.5284288264702290e-04 to 6.5284288264702388e-04 seconds.
Warning: Simulation tolerance relaxed to achieve convergence from 6.5284288264702388e-04 to 6.5284288264702485e-04 seconds.
Warning: Simulation tolerance relaxed to achieve convergence from 6.5284288264702485e-04 to 6.5284288264702583e-04 seconds.
Warning: Simulation tolerance relaxed to achieve convergence from 6.6038122565790049e-04 to 6.6038122565790147e-04 seconds.
Warning: Simulation tolerance relaxed to achieve convergence from 6.6038122565791133e-04 to 6.6038122565791231e-04 seconds.
Warning: Simulation tolerance relaxed to achieve convergence from 6.6038122876095563e-04 to 6.6038122876095661e-04 seconds.
Warning: Simulation tolerance relaxed to achieve convergence from 6.6038123048776888e-04 to 6.6038123048776985e-04 seconds.
Warning: Simulation tolerance relaxed to achieve convergence from 6.6038123048777083e-04 to 6.6038123048777180e-04 seconds.
Warning: Simulation tolerance relaxed to achieve convergence from 6.6038123048778069e-04 to 6.6038123048778167e-04 seconds.
Warning: Simulation tolerance relaxed to achieve convergence from 6.6038125133965799e-04 to 6.6038125133965897e-04 seconds.
Warning: Simulation tolerance relaxed to achieve convergence from 6.6038125133967296e-04 to 6.6038125133967393e-04 seconds.
Warning: Simulation tolerance relaxed to achieve convergence from 6.6038125133968076e-04 to 6.6038125133968174e-04 seconds.
Warning: Simulation tolerance relaxed to achieve convergence from 6.6038125133969063e-04 to 6.6038125133969160e-04 seconds.
Warning: Simulation tolerance relaxed to achieve convergence from 6.6038125133969160e-04 to 6.6038125133969258e-04 seconds.
Warning: Simulation tolerance relaxed to achieve convergence from 6.6782217780728700e-04 to 6.6782217780728798e-04 seconds.
Warning: Simulation tolerance relaxed to achieve convergence from 6.6782217780734089e-04 to 6.6782217780734187e-04 seconds.
Warning: Simulation tolerance relaxed to achieve convergence from 6.6782217780737190e-04 to 6.6782217780737287e-04 seconds.
Warning: Simulation tolerance relaxed to achieve convergence from 6.6782220053539340e-04 to 6.6782220053539438e-04 seconds.
Warning: Simulation tolerance relaxed to achieve convergence from 6.6782220053539438e-04 to 6.6782220053539535e-04 seconds.
Warning: Simulation tolerance relaxed to achieve convergence from 6.6782220064505742e-04 to 6.6782220064505839e-04 seconds.
Warning: Simulation tolerance relaxed to achieve convergence from 6.6782220064505839e-04 to 6.6782220064505937e-04 seconds.
Warning: Simulation tolerance relaxed to achieve convergence from 6.6782220064510328e-04 to 6.6782220064510425e-04 seconds.
Warning: Simulation tolerance relaxed to achieve convergence from 6.6782220064510425e-04 to 6.6782220064510523e-04 seconds.
Warning: Simulation tolerance relaxed to achieve convergence from 6.6782220064511705e-04 to 6.6782220064511802e-04 seconds.
Warning: Simulation tolerance relaxed to achieve convergence from 6.7533304294453364e-04 to 6.7533304294453461e-04 seconds.
Warning: Simulation tolerance relaxed to achieve convergence from 6.7533304294453656e-04 to 6.7533304294453754e-04 seconds.
Warning: Simulation tolerance relaxed to achieve convergence from 6.7533306105270084e-04 to 6.7533306105270181e-04 seconds.
Warning: Simulation tolerance relaxed to achieve convergence from 6.7533306105506375e-04 to 6.7533306105506472e-04 seconds.
Warning: Simulation tolerance relaxed to achieve convergence from 6.7533306131545799e-04 to 6.7533306131545897e-04 seconds.
Warning: Simulation tolerance relaxed to achieve convergence from 6.7533306229912101e-04 to 6.7533306229912199e-04 seconds.
Warning: Simulation tolerance relaxed to achieve convergence from 6.7533306229951772e-04 to 6.7533306229951870e-04 seconds.
Warning: Simulation tolerance relaxed to achieve convergence from 6.7533306229951870e-04 to 6.7533306229951968e-04 seconds.
Warning: Simulation tolerance relaxed to achieve convergence from 6.7533306229953551e-04 to 6.7533306229953648e-04 seconds.
Warning: Simulation tolerance relaxed to achieve convergence from 6.7533306229954342e-04 to 6.7533306229954440e-04 seconds.
Warning: Simulation tolerance relaxed to achieve convergence from 6.7533306229955133e-04 to 6.7533306229955231e-04 seconds.
Warning: Simulation tolerance relaxed to achieve convergence from 6.7533306231300021e-04 to 6.7533306231300119e-04 seconds.
Warning: Simulation tolerance relaxed to achieve convergence from 6.7533306231300216e-04 to 6.7533306231300314e-04 seconds.
Warning: Simulation tolerance relaxed to achieve convergence from 6.7533306231312793e-04 to 6.7533306231312891e-04 seconds.
Warning: Simulation tolerance relaxed to achieve convergence from 6.7533306231313487e-04 to 6.7533306231313585e-04 seconds.
Warning: Simulation tolerance relaxed to achieve convergence from 6.7533306236063875e-04 to 6.7533306236063973e-04 seconds.
Warning: Simulation tolerance relaxed to achieve convergence from 6.7533306236075650e-04 to 6.7533306236075747e-04 seconds.
Warning: Simulation tolerance relaxed to achieve convergence from 6.7533307616347231e-04 to 6.7533307616347328e-04 seconds.
Warning: Simulation tolerance relaxed to achieve convergence from 6.7533307616348022e-04 to 6.7533307616348120e-04 seconds.
Warning: Simulation tolerance relaxed to achieve convergence from 6.7533307650910772e-04 to 6.7533307650910869e-04 seconds.
Warning: Simulation tolerance relaxed to achieve convergence from 6.8287940866505281e-04 to 6.8287940866505379e-04 seconds.
Warning: Simulation tolerance relaxed to achieve convergence from 6.8287940866507265e-04 to 6.8287940866507363e-04 seconds.
Warning: Simulation tolerance relaxed to achieve convergence from 6.8287940866507461e-04 to 6.8287940866507558e-04 seconds.
Warning: Simulation tolerance relaxed to achieve convergence from 6.8287940866594110e-04 to 6.8287940866594208e-04 seconds.
Warning: Simulation tolerance relaxed to achieve convergence from 6.8287940866594403e-04 to 6.8287940866594500e-04 seconds.
Warning: Simulation tolerance relaxed to achieve convergence from 6.8287940866594500e-04 to 6.8287940866594598e-04 seconds.
Warning: Simulation tolerance relaxed to achieve convergence from 6.8287940866594695e-04 to 6.8287940866594793e-04 seconds.
Warning: Simulation tolerance relaxed to achieve convergence from 6.8287940866594793e-04 to 6.8287940866594891e-04 seconds.
Warning: Simulation tolerance relaxed to achieve convergence from 6.8287940866595086e-04 to 6.8287940866595183e-04 seconds.
Warning: Simulation tolerance relaxed to achieve convergence from 6.8287940866595378e-04 to 6.8287940866595476e-04 seconds.
Warning: Simulation tolerance relaxed to achieve convergence from 6.8287940866595574e-04 to 6.8287940866595671e-04 seconds.
Warning: Simulation tolerance relaxed to achieve convergence from 6.8287941700116109e-04 to 6.8287941700116207e-04 seconds.
Warning: Simulation tolerance relaxed to achieve convergence from 6.8287941716284784e-04 to 6.8287941716284881e-04 seconds.
Warning: Simulation tolerance relaxed to achieve convergence from 6.8287941716293989e-04 to 6.8287941716294086e-04 seconds.
Warning: Simulation tolerance relaxed to achieve convergence from 6.8287945266081417e-04 to 6.8287945266081514e-04 seconds.
Warning: Simulation tolerance relaxed to achieve convergence from 6.8287945266087217e-04 to 6.8287945266087315e-04 seconds.
Warning: Simulation tolerance relaxed to achieve convergence from 6.8287945266087802e-04 to 6.8287945266087900e-04 seconds.
Warning: Simulation tolerance relaxed to achieve convergence from 6.8287945274008073e-04 to 6.8287945274008170e-04 seconds.
Warning: Simulation tolerance relaxed to achieve convergence from 6.8287945274020823e-04 to 6.8287945274020921e-04 seconds.
Warning: Simulation tolerance relaxed to achieve convergence from 6.8287945422058839e-04 to 6.8287945422058937e-04 seconds.
Warning: Simulation tolerance relaxed to achieve convergence from 6.8287945423727470e-04 to 6.8287945423727567e-04 seconds.
Warning: Simulation tolerance relaxed to achieve convergence from 6.8287945423736599e-04 to 6.8287945423736696e-04 seconds.
Warning: Simulation tolerance relaxed to achieve convergence from 6.8287946647115733e-04 to 6.8287946647115831e-04 seconds.
Warning: Simulation tolerance relaxed to achieve convergence from 6.8287946647116026e-04 to 6.8287946647116124e-04 seconds.
Warning: Simulation tolerance relaxed to achieve convergence from 6.8287946647146427e-04 to 6.8287946647146525e-04 seconds.
Warning: Simulation tolerance relaxed to achieve convergence from 6.8287946651286280e-04 to 6.8287946651286377e-04 seconds.
Warning: Simulation tolerance relaxed to achieve convergence from 6.8287946776710224e-04 to 6.8287946776710321e-04 seconds.
Warning: Simulation tolerance relaxed to achieve convergence from 6.8287947981443434e-04 to 6.8287947981443531e-04 seconds.
Warning: Simulation tolerance relaxed to achieve convergence from 6.8287948324039459e-04 to 6.8287948324039557e-04 seconds.
Warning: Simulation tolerance relaxed to achieve convergence from 6.8287948324045758e-04 to 6.8287948324045856e-04 seconds.
Warning: Simulation tolerance relaxed to achieve convergence from 6.8287948529026138e-04 to 6.8287948529026235e-04 seconds.
Warning: Simulation tolerance relaxed to achieve convergence from 6.8287948535162527e-04 to 6.8287948535162625e-04 seconds.
Warning: Simulation tolerance relaxed to achieve convergence from 6.8287948535162625e-04 to 6.8287948535162722e-04 seconds.
Warning: Simulation tolerance relaxed to achieve convergence from 6.8287948535164717e-04 to 6.8287948535164815e-04 seconds.
Warning: Simulation tolerance relaxed to achieve convergence from 6.8287948535164815e-04 to 6.8287948535164912e-04 seconds.
Warning: Simulation tolerance relaxed to achieve convergence from 6.8287949149623299e-04 to 6.8287949149623396e-04 seconds.
Warning: Simulation tolerance relaxed to achieve convergence from 6.8287949149623396e-04 to 6.8287949149623494e-04 seconds.
Warning: Simulation tolerance relaxed to achieve convergence from 6.8287949149637372e-04 to 6.8287949149637469e-04 seconds.
Warning: Simulation tolerance relaxed to achieve convergence from 6.8287950994814800e-04 to 6.8287950994814898e-04 seconds.
Warning: Simulation tolerance relaxed to achieve convergence from 6.8287950994815386e-04 to 6.8287950994815484e-04 seconds.
Warning: Simulation tolerance relaxed to achieve convergence from 6.8287952211762903e-04 to 6.8287952211763001e-04 seconds.
Warning: Simulation tolerance relaxed to achieve convergence from 6.8287952211764399e-04 to 6.8287952211764497e-04 seconds.
Warning: Simulation tolerance relaxed to achieve convergence from 6.8287953865741322e-04 to 6.8287953865741420e-04 seconds.
Warning: Simulation tolerance relaxed to achieve convergence from 6.8287953865741420e-04 to 6.8287953865741517e-04 seconds.
Warning: Simulation tolerance relaxed to achieve convergence from 6.8287953889654865e-04 to 6.8287953889654962e-04 seconds.
Warning: Simulation tolerance relaxed to achieve convergence from 6.8287953889654962e-04 to 6.8287953889655060e-04 seconds.
Warning: Simulation tolerance relaxed to achieve convergence from 6.8287953889656838e-04 to 6.8287953889656936e-04 seconds.
Warning: Simulation tolerance relaxed to achieve convergence from 6.8287954863372130e-04 to 6.8287954863372228e-04 seconds.
Warning: Simulation tolerance relaxed to achieve convergence from 6.8287955086831999e-04 to 6.8287955086832096e-04 seconds.
Warning: Simulation tolerance relaxed to achieve convergence from 6.8287955086832096e-04 to 6.8287955086832194e-04 seconds.
Warning: Simulation tolerance relaxed to achieve convergence from 6.8287955086832194e-04 to 6.8287955086832291e-04 seconds.
Warning: Simulation tolerance relaxed to achieve convergence from 6.8287955086832888e-04 to 6.8287955086832985e-04 seconds.
Warning: Simulation tolerance relaxed to achieve convergence from 6.8287955086841995e-04 to 6.8287955086842093e-04 seconds.
Warning: Simulation tolerance relaxed to achieve convergence from 6.8287955213776992e-04 to 6.8287955213777089e-04 seconds.
Warning: Simulation tolerance relaxed to achieve convergence from 6.8287955213777089e-04 to 6.8287955213777187e-04 seconds.
Warning: Simulation tolerance relaxed to achieve convergence from 6.8287955225746974e-04 to 6.8287955225747072e-04 seconds.
Warning: Simulation tolerance relaxed to achieve convergence from 6.8287955225747072e-04 to 6.8287955225747169e-04 seconds.
Warning: Simulation tolerance relaxed to achieve convergence from 6.8287955225747169e-04 to 6.8287955225747267e-04 seconds.
Warning: Simulation tolerance relaxed to achieve convergence from 6.8287955225753956e-04 to 6.8287955225754054e-04 seconds.
Warning: Simulation tolerance relaxed to achieve convergence from 6.8287955227186610e-04 to 6.8287955227186708e-04 seconds.
Warning: Simulation tolerance relaxed to achieve convergence from 6.8287955228239717e-04 to 6.8287955228239815e-04 seconds.
Warning: Simulation tolerance relaxed to achieve convergence from 6.8287955234329172e-04 to 6.8287955234329269e-04 seconds.
Warning: Simulation tolerance relaxed to achieve convergence from 6.8287955234444422e-04 to 6.8287955234444520e-04 seconds.
Warning: Simulation tolerance relaxed to achieve convergence from 6.8287959965742122e-04 to 6.8287959965742219e-04 seconds.
Warning: Simulation tolerance relaxed to achieve convergence from 6.8287959965743000e-04 to 6.8287959965743098e-04 seconds.
Warning: Simulation tolerance relaxed to achieve convergence from 6.8287959965743195e-04 to 6.8287959965743293e-04 seconds.
Warning: Simulation tolerance relaxed to achieve convergence from 6.8287959965744182e-04 to 6.8287959965744279e-04 seconds.
Warning: Simulation tolerance relaxed to achieve convergence from 6.8287960028308827e-04 to 6.8287960028308925e-04 seconds.
Warning: Simulation tolerance relaxed to achieve convergence from 6.8287960028308925e-04 to 6.8287960028309022e-04 seconds.
Warning: Simulation tolerance relaxed to achieve convergence from 6.8287960028309022e-04 to 6.8287960028309120e-04 seconds.
Warning: Simulation tolerance relaxed to achieve convergence from 6.8287960183512661e-04 to 6.8287960183512758e-04 seconds.
Warning: Simulation tolerance relaxed to achieve convergence from 6.8287960183517529e-04 to 6.8287960183517626e-04 seconds.
Warning: Simulation tolerance relaxed to achieve convergence from 6.8287961421169957e-04 to 6.8287961421170055e-04 seconds.
Warning: Simulation tolerance relaxed to achieve convergence from 6.8287961421183835e-04 to 6.8287961421183933e-04 seconds.
Warning: Simulation tolerance relaxed to achieve convergence from 6.8287961421184030e-04 to 6.8287961421184128e-04 seconds.
Warning: Simulation tolerance relaxed to achieve convergence from 6.8287961429585654e-04 to 6.8287961429585751e-04 seconds.
Warning: Simulation tolerance relaxed to achieve convergence from 6.8287961429586445e-04 to 6.8287961429586543e-04 seconds.
Warning: Simulation tolerance relaxed to achieve convergence from 6.8287961429586543e-04 to 6.8287961429586640e-04 seconds.
Warning: Simulation tolerance relaxed to achieve convergence from 6.8287961429604855e-04 to 6.8287961429604953e-04 seconds.
Warning: Simulation tolerance relaxed to achieve convergence from 6.8287961456312614e-04 to 6.8287961456312712e-04 seconds.
Warning: Simulation tolerance relaxed to achieve convergence from 6.8287961456318003e-04 to 6.8287961456318100e-04 seconds.
Warning: Simulation tolerance relaxed to achieve convergence from 6.8287961456318100e-04 to 6.8287961456318198e-04 seconds.
Warning: Simulation tolerance relaxed to achieve convergence from 6.8287961456557698e-04 to 6.8287961456557796e-04 seconds.
Warning: Simulation tolerance relaxed to achieve convergence from 6.8287961456558685e-04 to 6.8287961456558782e-04 seconds.
Warning: Simulation tolerance relaxed to achieve convergence from 6.8287961456569277e-04 to 6.8287961456569375e-04 seconds.
Warning: Simulation tolerance relaxed to achieve convergence from 6.9032104869191913e-04 to 6.9032104869192010e-04 seconds.
Warning: Simulation tolerance relaxed to achieve convergence from 6.9032104869193301e-04 to 6.9032104869193398e-04 seconds.
Warning: Simulation tolerance relaxed to achieve convergence from 6.9032104892835207e-04 to 6.9032104892835305e-04 seconds.
Warning: Simulation tolerance relaxed to achieve convergence from 6.9032104893289878e-04 to 6.9032104893289976e-04 seconds.
Warning: Simulation tolerance relaxed to achieve convergence from 6.9032104893292068e-04 to 6.9032104893292166e-04 seconds.
Warning: Simulation tolerance relaxed to achieve convergence from 6.9032106174402898e-04 to 6.9032106174402995e-04 seconds.
Warning: Simulation tolerance relaxed to achieve convergence from 6.9032106174403288e-04 to 6.9032106174403386e-04 seconds.
Warning: Simulation tolerance relaxed to achieve convergence from 6.9032106174403971e-04 to 6.9032106174404069e-04 seconds.
Warning: Simulation tolerance relaxed to achieve convergence from 6.9032106222264677e-04 to 6.9032106222264775e-04 seconds.
Warning: Simulation tolerance relaxed to achieve convergence from 6.9032106222915936e-04 to 6.9032106222916033e-04 seconds.
Warning: Simulation tolerance relaxed to achieve convergence from 6.9032106224818819e-04 to 6.9032106224818917e-04 seconds.
Warning: Simulation tolerance relaxed to achieve convergence from 6.9032106224910532e-04 to 6.9032106224910629e-04 seconds.
Warning: Simulation tolerance relaxed to achieve convergence from 6.9032106225022194e-04 to 6.9032106225022291e-04 seconds.
Warning: Simulation tolerance relaxed to achieve convergence from 6.9032106278930710e-04 to 6.9032106278930807e-04 seconds.
Warning: Simulation tolerance relaxed to achieve convergence from 6.9032106282882963e-04 to 6.9032106282883060e-04 seconds.
Warning: Simulation tolerance relaxed to achieve convergence from 6.9032106282885934e-04 to 6.9032106282886031e-04 seconds.
Warning: Simulation tolerance relaxed to achieve convergence from 6.9032106282891300e-04 to 6.9032106282891398e-04 seconds.
Warning: Simulation tolerance relaxed to achieve convergence from 6.9032106443340732e-04 to 6.9032106443340830e-04 seconds.
Warning: Simulation tolerance relaxed to achieve convergence from 6.9032106443506398e-04 to 6.9032106443506496e-04 seconds.
Warning: Simulation tolerance relaxed to achieve convergence from 6.9032106443507287e-04 to 6.9032106443507385e-04 seconds.
Warning: Simulation tolerance relaxed to achieve convergence from 6.9032106447467054e-04 to 6.9032106447467151e-04 seconds.
Warning: Simulation tolerance relaxed to achieve convergence from 6.9032106447467748e-04 to 6.9032106447467845e-04 seconds.
Warning: Simulation tolerance relaxed to achieve convergence from 7.1281546770974712e-04 to 7.1281546770974810e-04 seconds.
Warning: Simulation tolerance relaxed to achieve convergence from 7.1281546770974907e-04 to 7.1281546770975005e-04 seconds.
Warning: Simulation tolerance relaxed to achieve convergence from 7.1281546771000267e-04 to 7.1281546771000365e-04 seconds.
Warning: Simulation tolerance relaxed to achieve convergence from 7.1281546771002446e-04 to 7.1281546771002544e-04 seconds.
Warning: Simulation tolerance relaxed to achieve convergence from 7.1281548169813168e-04 to 7.1281548169813266e-04 seconds.
Warning: Simulation tolerance relaxed to achieve convergence from 7.2030821859763491e-04 to 7.2030821859763589e-04 seconds.
Warning: Simulation tolerance relaxed to achieve convergence from 7.2030821859763784e-04 to 7.2030821859763881e-04 seconds.
Warning: Simulation tolerance relaxed to achieve convergence from 7.2030821859785132e-04 to 7.2030821859785229e-04 seconds.
Warning: Simulation tolerance relaxed to achieve convergence from 7.2030821859785923e-04 to 7.2030821859786021e-04 seconds.
Warning: Simulation tolerance relaxed to achieve convergence from 7.2030821859790108e-04 to 7.2030821859790206e-04 seconds.
Warning: Simulation tolerance relaxed to achieve convergence from 7.2030821859790791e-04 to 7.2030821859790889e-04 seconds.
Warning: Simulation tolerance relaxed to achieve convergence from 7.2030821859793176e-04 to 7.2030821859793274e-04 seconds.
Warning: Simulation tolerance relaxed to achieve convergence from 7.2030821859795963e-04 to 7.2030821859796060e-04 seconds.
Warning: Simulation tolerance relaxed to achieve convergence from 7.2030821859805547e-04 to 7.2030821859805645e-04 seconds.
Warning: Simulation tolerance relaxed to achieve convergence from 7.2030821859806241e-04 to 7.2030821859806339e-04 seconds.
Warning: Simulation tolerance relaxed to achieve convergence from 7.2030821985890052e-04 to 7.2030821985890150e-04 seconds.
Warning: Simulation tolerance relaxed to achieve convergence from 7.2030821989582737e-04 to 7.2030821989582834e-04 seconds.
Warning: Simulation tolerance relaxed to achieve convergence from 7.2030821989584818e-04 to 7.2030821989584916e-04 seconds.
Warning: Simulation tolerance relaxed to achieve convergence from 7.2030821989585696e-04 to 7.2030821989585794e-04 seconds.
Warning: Simulation tolerance relaxed to achieve convergence from 7.2030821989587670e-04 to 7.2030821989587767e-04 seconds.
Warning: Simulation tolerance relaxed to achieve convergence from 7.2030821989587767e-04 to 7.2030821989587865e-04 seconds.
Warning: Simulation tolerance relaxed to achieve convergence from 7.2030823410814283e-04 to 7.2030823410814380e-04 seconds.
Warning: Simulation tolerance relaxed to achieve convergence from 7.2030823450803844e-04 to 7.2030823450803941e-04 seconds.
Warning: Simulation tolerance relaxed to achieve convergence from 7.2030823547483398e-04 to 7.2030823547483496e-04 seconds.
Warning: Simulation tolerance relaxed to achieve convergence from 7.2030823547679476e-04 to 7.2030823547679574e-04 seconds.
Warning: Simulation tolerance relaxed to achieve convergence from 7.2030826291506875e-04 to 7.2030826291506972e-04 seconds.
Warning: Simulation tolerance relaxed to achieve convergence from 7.2030829648886744e-04 to 7.2030829648886841e-04 seconds.
Warning: Simulation tolerance relaxed to achieve convergence from 7.2030829648910509e-04 to 7.2030829648910607e-04 seconds.
Warning: Simulation tolerance relaxed to achieve convergence from 7.2030829658425609e-04 to 7.2030829658425706e-04 seconds.
Warning: Simulation tolerance relaxed to achieve convergence from 7.2030830694042828e-04 to 7.2030830694042925e-04 seconds.
Warning: Simulation tolerance relaxed to achieve convergence from 7.2030830694043413e-04 to 7.2030830694043511e-04 seconds.
Warning: Simulation tolerance relaxed to achieve convergence from 7.2030843063195893e-04 to 7.2030843063195990e-04 seconds.
Warning: Simulation tolerance relaxed to achieve convergence from 7.2030843130342702e-04 to 7.2030843130342799e-04 seconds.
Warning: Simulation tolerance relaxed to achieve convergence from 7.2030843130342799e-04 to 7.2030843130342897e-04 seconds.
Warning: Simulation tolerance relaxed to achieve convergence from 7.2030843130853589e-04 to 7.2030843130853686e-04 seconds.
Warning: Simulation tolerance relaxed to achieve convergence from 7.2030843130853784e-04 to 7.2030843130853881e-04 seconds.
Warning: Simulation tolerance relaxed to achieve convergence from 7.2030843146858104e-04 to 7.2030843146858202e-04 seconds.
Warning: Simulation tolerance relaxed to achieve convergence from 7.2030843169848362e-04 to 7.2030843169848459e-04 seconds.
Warning: Simulation tolerance relaxed to achieve convergence from 7.2030843169850346e-04 to 7.2030843169850443e-04 seconds.
Warning: Simulation tolerance relaxed to achieve convergence from 7.2030843283660848e-04 to 7.2030843283660945e-04 seconds.
Warning: Simulation tolerance relaxed to achieve convergence from 7.2030844524000536e-04 to 7.2030844524000634e-04 seconds.
Warning: Simulation tolerance relaxed to achieve convergence from 7.2030845459376889e-04 to 7.2030845459376987e-04 seconds.
Warning: Simulation tolerance relaxed to achieve convergence from 7.2030845459377681e-04 to 7.2030845459377778e-04 seconds.
Warning: Simulation tolerance relaxed to achieve convergence from 7.2030845459377778e-04 to 7.2030845459377876e-04 seconds.
Warning: Simulation tolerance relaxed to achieve convergence from 7.2030852176982452e-04 to 7.2030852176982550e-04 seconds.
Warning: Simulation tolerance relaxed to achieve convergence from 7.2030852176982550e-04 to 7.2030852176982647e-04 seconds.
Warning: Simulation tolerance relaxed to achieve convergence from 7.2030852613362529e-04 to 7.2030852613362627e-04 seconds.
Warning: Simulation tolerance relaxed to achieve convergence from 7.2030852613371322e-04 to 7.2030852613371419e-04 seconds.
Warning: Simulation tolerance relaxed to achieve convergence from 7.2030852613374824e-04 to 7.2030852613374921e-04 seconds.
Warning: Simulation tolerance relaxed to achieve convergence from 7.2030852613374921e-04 to 7.2030852613375019e-04 seconds.
Warning: Simulation tolerance relaxed to achieve convergence from 7.2030860292003802e-04 to 7.2030860292003900e-04 seconds.
Warning: Simulation tolerance relaxed to achieve convergence from 7.2030860292008302e-04 to 7.2030860292008399e-04 seconds.
Warning: Simulation tolerance relaxed to achieve convergence from 7.2030860292017366e-04 to 7.2030860292017463e-04 seconds.
Warning: Simulation tolerance relaxed to achieve convergence from 7.2030860292028457e-04 to 7.2030860292028554e-04 seconds.
Warning: Simulation tolerance relaxed to achieve convergence from 7.2030860384373967e-04 to 7.2030860384374065e-04 seconds.
Warning: Simulation tolerance relaxed to achieve convergence from 7.2030860384374260e-04 to 7.2030860384374358e-04 seconds.
Warning: Simulation tolerance relaxed to achieve convergence from 7.2030860384374358e-04 to 7.2030860384374455e-04 seconds.
Warning: Simulation tolerance relaxed to achieve convergence from 7.2030860384376147e-04 to 7.2030860384376244e-04 seconds.
Warning: Simulation tolerance relaxed to achieve convergence from 7.2030860384376244e-04 to 7.2030860384376342e-04 seconds.
Warning: Simulation tolerance relaxed to achieve convergence from 7.2030860384376537e-04 to 7.2030860384376635e-04 seconds.
Warning: Simulation tolerance relaxed to achieve convergence from 7.2030860384376635e-04 to 7.2030860384376732e-04 seconds.
Warning: Simulation tolerance relaxed to achieve convergence from 7.2030860384376732e-04 to 7.2030860384376830e-04 seconds.
Warning: Simulation tolerance relaxed to achieve convergence from 7.2030860384376830e-04 to 7.2030860384376927e-04 seconds.
Warning: Simulation tolerance relaxed to achieve convergence from 7.2030860384377025e-04 to 7.2030860384377123e-04 seconds.
Warning: Simulation tolerance relaxed to achieve convergence from 7.2030860384377123e-04 to 7.2030860384377220e-04 seconds.
Warning: Simulation tolerance relaxed to achieve convergence from 7.2030860384377220e-04 to 7.2030860384377318e-04 seconds.
Warning: Simulation tolerance relaxed to achieve convergence from 7.2030860384389331e-04 to 7.2030860384389428e-04 seconds.
Warning: Simulation tolerance relaxed to achieve convergence from 7.2030860386846100e-04 to 7.2030860386846198e-04 seconds.
Warning: Simulation tolerance relaxed to achieve convergence from 7.2030860386846783e-04 to 7.2030860386846881e-04 seconds.
Warning: Simulation tolerance relaxed to achieve convergence from 7.2030860411836841e-04 to 7.2030860411836939e-04 seconds.
Warning: Simulation tolerance relaxed to achieve convergence from 7.2030860411843140e-04 to 7.2030860411843238e-04 seconds.
Warning: Simulation tolerance relaxed to achieve convergence from 7.2030860440171587e-04 to 7.2030860440171684e-04 seconds.
Warning: Simulation tolerance relaxed to achieve convergence from 7.2030864788344320e-04 to 7.2030864788344418e-04 seconds.
Warning: Simulation tolerance relaxed to achieve convergence from 7.2030864788344710e-04 to 7.2030864788344808e-04 seconds.
Warning: Simulation tolerance relaxed to achieve convergence from 7.2030866556918344e-04 to 7.2030866556918442e-04 seconds.
Warning: Simulation tolerance relaxed to achieve convergence from 7.2030866556921445e-04 to 7.2030866556921543e-04 seconds.
Warning: Simulation tolerance relaxed to achieve convergence from 7.2030866948890259e-04 to 7.2030866948890357e-04 seconds.
Warning: Simulation tolerance relaxed to achieve convergence from 7.2030866948895550e-04 to 7.2030866948895648e-04 seconds.
Warning: Simulation tolerance relaxed to achieve convergence from 7.2030866950562717e-04 to 7.2030866950562814e-04 seconds.
Warning: Simulation tolerance relaxed to achieve convergence from 7.2030867212325778e-04 to 7.2030867212325876e-04 seconds.
Warning: Simulation tolerance relaxed to achieve convergence from 7.2030867248588459e-04 to 7.2030867248588557e-04 seconds.
Warning: Simulation tolerance relaxed to achieve convergence from 7.2030867559168027e-04 to 7.2030867559168125e-04 seconds.
Warning: Simulation tolerance relaxed to achieve convergence from 7.2030867570834303e-04 to 7.2030867570834400e-04 seconds.
Warning: Simulation tolerance relaxed to achieve convergence from 7.2030867570849991e-04 to 7.2030867570850089e-04 seconds.
Warning: Simulation tolerance relaxed to achieve convergence from 7.2030867605173132e-04 to 7.2030867605173230e-04 seconds.
Warning: Simulation tolerance relaxed to achieve convergence from 7.2030867605173230e-04 to 7.2030867605173327e-04 seconds.
Warning: Simulation tolerance relaxed to achieve convergence from 7.2030867605173327e-04 to 7.2030867605173425e-04 seconds.
Warning: Simulation tolerance relaxed to achieve convergence from 7.2030867605173718e-04 to 7.2030867605173815e-04 seconds.
Warning: Simulation tolerance relaxed to achieve convergence from 7.2030867605175897e-04 to 7.2030867605175995e-04 seconds.
Warning: Simulation tolerance relaxed to achieve convergence from 7.2030867605176786e-04 to 7.2030867605176884e-04 seconds.
Warning: Simulation tolerance relaxed to achieve convergence from 7.2030867615529963e-04 to 7.2030867615530060e-04 seconds.
Warning: Simulation tolerance relaxed to achieve convergence from 7.2030867615530060e-04 to 7.2030867615530158e-04 seconds.
Warning: Simulation tolerance relaxed to achieve convergence from 7.2030867655075684e-04 to 7.2030867655075782e-04 seconds.
Warning: Simulation tolerance relaxed to achieve convergence from 7.2030867655075782e-04 to 7.2030867655075879e-04 seconds.
Warning: Simulation tolerance relaxed to achieve convergence from 7.2030867655077473e-04 to 7.2030867655077570e-04 seconds.
Warning: Simulation tolerance relaxed to achieve convergence from 7.2362525026885001e-04 to 7.2362525026885098e-04 seconds.
Warning: Simulation tolerance relaxed to achieve convergence from 7.2787085041033062e-04 to 7.2787085041033160e-04 seconds.
Warning: Simulation tolerance relaxed to achieve convergence from 7.2787085041066163e-04 to 7.2787085041066261e-04 seconds.
Warning: Simulation tolerance relaxed to achieve convergence from 7.2787085065673411e-04 to 7.2787085065673508e-04 seconds.
Warning: Simulation tolerance relaxed to achieve convergence from 7.2787089500538505e-04 to 7.2787089500538603e-04 seconds.
Warning: Simulation tolerance relaxed to achieve convergence from 7.2787089574237148e-04 to 7.2787089574237246e-04 seconds.
Warning: Simulation tolerance relaxed to achieve convergence from 7.2787089574237939e-04 to 7.2787089574238037e-04 seconds.
Warning: Simulation tolerance relaxed to achieve convergence from 7.2787089577539888e-04 to 7.2787089577539986e-04 seconds.
Warning: Simulation tolerance relaxed to achieve convergence from 7.2787095461859645e-04 to 7.2787095461859742e-04 seconds.
Warning: Simulation tolerance relaxed to achieve convergence from 7.2787095461863147e-04 to 7.2787095461863244e-04 seconds.
Warning: Simulation tolerance relaxed to achieve convergence from 7.2787095461867830e-04 to 7.2787095461867928e-04 seconds.
Warning: Simulation tolerance relaxed to achieve convergence from 7.2787095467184498e-04 to 7.2787095467184595e-04 seconds.
Warning: Simulation tolerance relaxed to achieve convergence from 7.2787095467206464e-04 to 7.2787095467206561e-04 seconds.
Warning: Simulation tolerance relaxed to achieve convergence from 7.2787095475037515e-04 to 7.2787095475037613e-04 seconds.
Warning: Simulation tolerance relaxed to achieve convergence from 7.2787095475037808e-04 to 7.2787095475037905e-04 seconds.
Warning: Simulation tolerance relaxed to achieve convergence from 7.3534214007299112e-04 to 7.3534214007299210e-04 seconds.
Warning: Simulation tolerance relaxed to achieve convergence from 7.3534214007304989e-04 to 7.3534214007305086e-04 seconds.
Warning: Simulation tolerance relaxed to achieve convergence from 7.3534214034297145e-04 to 7.3534214034297243e-04 seconds.
Warning: Simulation tolerance relaxed to achieve convergence from 7.3534218473747168e-04 to 7.3534218473747266e-04 seconds.
Warning: Simulation tolerance relaxed to achieve convergence from 7.3534218473747266e-04 to 7.3534218473747363e-04 seconds.
Warning: Simulation tolerance relaxed to achieve convergence from 7.3534218510807779e-04 to 7.3534218510807876e-04 seconds.
Warning: Simulation tolerance relaxed to achieve convergence from 7.3534218583084241e-04 to 7.3534218583084338e-04 seconds.
Warning: Simulation tolerance relaxed to achieve convergence from 7.3534218583084338e-04 to 7.3534218583084436e-04 seconds.
Warning: Simulation tolerance relaxed to achieve convergence from 7.3534218583085119e-04 to 7.3534218583085217e-04 seconds.
Warning: Simulation tolerance relaxed to achieve convergence from 7.3534218583085217e-04 to 7.3534218583085314e-04 seconds.
Warning: Simulation tolerance relaxed to achieve convergence from 7.3534219071537204e-04 to 7.3534219071537301e-04 seconds.
Warning: Simulation tolerance relaxed to achieve convergence from 7.3534219073100190e-04 to 7.3534219073100287e-04 seconds.
Warning: Simulation tolerance relaxed to achieve convergence from 7.3534219086655980e-04 to 7.3534219086656078e-04 seconds.
Warning: Simulation tolerance relaxed to achieve convergence from 7.3534219086663765e-04 to 7.3534219086663862e-04 seconds.
Warning: Simulation tolerance relaxed to achieve convergence from 7.3534219091347529e-04 to 7.3534219091347627e-04 seconds.
Warning: Simulation tolerance relaxed to achieve convergence from 7.3534219091347627e-04 to 7.3534219091347724e-04 seconds.
Warning: Simulation tolerance relaxed to achieve convergence from 7.3534221028114877e-04 to 7.3534221028114975e-04 seconds.
Warning: Simulation tolerance relaxed to achieve convergence from 7.3534221028274374e-04 to 7.3534221028274472e-04 seconds.
Warning: Simulation tolerance relaxed to achieve convergence from 7.3534221028274667e-04 to 7.3534221028274764e-04 seconds.
Warning: Simulation tolerance relaxed to achieve convergence from 7.3534221071082687e-04 to 7.3534221071082785e-04 seconds.
Warning: Simulation tolerance relaxed to achieve convergence from 7.3534221071083479e-04 to 7.3534221071083576e-04 seconds.
Warning: Simulation tolerance relaxed to achieve convergence from 7.3534221071083576e-04 to 7.3534221071083674e-04 seconds.
Warning: Simulation tolerance relaxed to achieve convergence from 7.3534221080112996e-04 to 7.3534221080113094e-04 seconds.
Warning: Simulation tolerance relaxed to achieve convergence from 7.3534221080121388e-04 to 7.3534221080121486e-04 seconds.
Warning: Simulation tolerance relaxed to achieve convergence from 7.3534221111612214e-04 to 7.3534221111612311e-04 seconds.
Warning: Simulation tolerance relaxed to achieve convergence from 7.3534221111612409e-04 to 7.3534221111612506e-04 seconds.
Warning: Simulation tolerance relaxed to achieve convergence from 7.3534221111614198e-04 to 7.3534221111614295e-04 seconds.
Warning: Simulation tolerance relaxed to achieve convergence from 7.3534221111616865e-04 to 7.3534221111616963e-04 seconds.
Warning: Simulation tolerance relaxed to achieve convergence from 7.3534221111616963e-04 to 7.3534221111617060e-04 seconds.
Warning: Simulation tolerance relaxed to achieve convergence from 7.3534221111617158e-04 to 7.3534221111617255e-04 seconds.
Warning: Simulation tolerance relaxed to achieve convergence from 7.3534221111617852e-04 to 7.3534221111617949e-04 seconds.
Warning: Simulation tolerance relaxed to achieve convergence from 7.3534221148640808e-04 to 7.3534221148640905e-04 seconds.
Warning: Simulation tolerance relaxed to achieve convergence from 7.3534221151925084e-04 to 7.3534221151925182e-04 seconds.
Warning: Simulation tolerance relaxed to achieve convergence from 7.3534221151926071e-04 to 7.3534221151926168e-04 seconds.
Warning: Simulation tolerance relaxed to achieve convergence from 7.3534221163669238e-04 to 7.3534221163669335e-04 seconds.
Warning: Simulation tolerance relaxed to achieve convergence from 7.3534221163672631e-04 to 7.3534221163672729e-04 seconds.
Warning: Simulation tolerance relaxed to achieve convergence from 7.3534221163673716e-04 to 7.3534221163673813e-04 seconds.
Warning: Simulation tolerance relaxed to achieve convergence from 7.3534221233986113e-04 to 7.3534221233986210e-04 seconds.
Warning: Simulation tolerance relaxed to achieve convergence from 7.3534221233986210e-04 to 7.3534221233986308e-04 seconds.
Warning: Simulation tolerance relaxed to achieve convergence from 7.3534221233986308e-04 to 7.3534221233986406e-04 seconds.
Warning: Simulation tolerance relaxed to achieve convergence from 7.3534221233986406e-04 to 7.3534221233986503e-04 seconds.
Warning: Simulation tolerance relaxed to achieve convergence from 7.3534221233986601e-04 to 7.3534221233986698e-04 seconds.
Warning: Simulation tolerance relaxed to achieve convergence from 7.3534221233986698e-04 to 7.3534221233986796e-04 seconds.
Warning: Simulation tolerance relaxed to achieve convergence from 7.3534221233986796e-04 to 7.3534221233986894e-04 seconds.
Warning: Simulation tolerance relaxed to achieve convergence from 7.3534221233987685e-04 to 7.3534221233987783e-04 seconds.
Warning: Simulation tolerance relaxed to achieve convergence from 7.3534221233988075e-04 to 7.3534221233988173e-04 seconds.
Warning: Simulation tolerance relaxed to achieve convergence from 7.3534221234102665e-04 to 7.3534221234102762e-04 seconds.
Warning: Simulation tolerance relaxed to achieve convergence from 7.3534221234103055e-04 to 7.3534221234103153e-04 seconds.
Warning: Simulation tolerance relaxed to achieve convergence from 7.3534221234103640e-04 to 7.3534221234103738e-04 seconds.
Warning: Simulation tolerance relaxed to achieve convergence from 7.3534221239865806e-04 to 7.3534221239865904e-04 seconds.
Warning: Simulation tolerance relaxed to achieve convergence from 7.3534221244189475e-04 to 7.3534221244189572e-04 seconds.
Warning: Simulation tolerance relaxed to achieve convergence from 7.3534221776001775e-04 to 7.3534221776001872e-04 seconds.
Warning: Simulation tolerance relaxed to achieve convergence from 7.4285563716924223e-04 to 7.4285563716924320e-04 seconds.
Warning: Simulation tolerance relaxed to achieve convergence from 7.4285563736449295e-04 to 7.4285563736449392e-04 seconds.
Warning: Simulation tolerance relaxed to achieve convergence from 7.4285563968053603e-04 to 7.4285563968053700e-04 seconds.
Warning: Simulation tolerance relaxed to achieve convergence from 7.4285563968054394e-04 to 7.4285563968054492e-04 seconds.
Warning: Simulation tolerance relaxed to achieve convergence from 7.4285563968056151e-04 to 7.4285563968056248e-04 seconds.
Warning: Simulation tolerance relaxed to achieve convergence from 7.4285566223982131e-04 to 7.4285566223982228e-04 seconds.
Warning: Simulation tolerance relaxed to achieve convergence from 7.4285589369308227e-04 to 7.4285589369308324e-04 seconds.
Warning: Simulation tolerance relaxed to achieve convergence from 7.4285589374722884e-04 to 7.4285589374722982e-04 seconds.
Warning: Simulation tolerance relaxed to achieve convergence from 7.4285589375139066e-04 to 7.4285589375139164e-04 seconds.
Warning: Simulation tolerance relaxed to achieve convergence from 7.5037708694630659e-04 to 7.5037708694630756e-04 seconds.
Warning: Simulation tolerance relaxed to achieve convergence from 7.5037710234424082e-04 to 7.5037710234424179e-04 seconds.
Warning: Simulation tolerance relaxed to achieve convergence from 7.5037710288661773e-04 to 7.5037710288661870e-04 seconds.
Warning: Simulation tolerance relaxed to achieve convergence from 7.5037711079522292e-04 to 7.5037711079522390e-04 seconds.
Warning: Simulation tolerance relaxed to achieve convergence from 7.5037711090877141e-04 to 7.5037711090877239e-04 seconds.
Warning: Simulation tolerance relaxed to achieve convergence from 7.5037711224726280e-04 to 7.5037711224726377e-04 seconds.
Warning: Simulation tolerance relaxed to achieve convergence from 7.5037711224726974e-04 to 7.5037711224727071e-04 seconds.
Warning: Simulation tolerance relaxed to achieve convergence from 7.5037711996403880e-04 to 7.5037711996403978e-04 seconds.
Warning: Simulation tolerance relaxed to achieve convergence from 7.5037712076080835e-04 to 7.5037712076080933e-04 seconds.
Warning: Simulation tolerance relaxed to achieve convergence from 7.5037712076095201e-04 to 7.5037712076095298e-04 seconds.
Warning: Simulation tolerance relaxed to achieve convergence from 7.5037712149531401e-04 to 7.5037712149531499e-04 seconds.
Warning: Simulation tolerance relaxed to achieve convergence from 7.5037712149531987e-04 to 7.5037712149532085e-04 seconds.
Warning: Simulation tolerance relaxed to achieve convergence from 7.5037712149974515e-04 to 7.5037712149974612e-04 seconds.
Warning: Simulation tolerance relaxed to achieve convergence from 7.5037712149975502e-04 to 7.5037712149975599e-04 seconds.
Warning: Simulation tolerance relaxed to achieve convergence from 7.5037712149975794e-04 to 7.5037712149975892e-04 seconds.
Warning: Simulation tolerance relaxed to achieve convergence from 7.5037712186610238e-04 to 7.5037712186610335e-04 seconds.
Warning: Simulation tolerance relaxed to achieve convergence from 7.5037712235623266e-04 to 7.5037712235623364e-04 seconds.
Warning: Simulation tolerance relaxed to achieve convergence from 7.5037712235729226e-04 to 7.5037712235729323e-04 seconds.
Warning: Simulation tolerance relaxed to achieve convergence from 7.5037712247032380e-04 to 7.5037712247032478e-04 seconds.
Warning: Simulation tolerance relaxed to achieve convergence from 7.5037712247032478e-04 to 7.5037712247032575e-04 seconds.
Warning: Simulation tolerance relaxed to achieve convergence from 7.5037712247034462e-04 to 7.5037712247034559e-04 seconds.
Warning: Simulation tolerance relaxed to achieve convergence from 7.5037713567029920e-04 to 7.5037713567030018e-04 seconds.
Warning: Simulation tolerance relaxed to achieve convergence from 7.5037713567033205e-04 to 7.5037713567033303e-04 seconds.
Warning: Simulation tolerance relaxed to achieve convergence from 7.5037713567511783e-04 to 7.5037713567511881e-04 seconds.
Warning: Simulation tolerance relaxed to achieve convergence from 7.5037713568173482e-04 to 7.5037713568173580e-04 seconds.
Warning: Simulation tolerance relaxed to achieve convergence from 7.5037713927862844e-04 to 7.5037713927862942e-04 seconds.
Warning: Simulation tolerance relaxed to achieve convergence from 7.5037713927948767e-04 to 7.5037713927948865e-04 seconds.
Warning: Simulation tolerance relaxed to achieve convergence from 7.5037714140746938e-04 to 7.5037714140747036e-04 seconds.
Warning: Simulation tolerance relaxed to achieve convergence from 7.5037714144542307e-04 to 7.5037714144542405e-04 seconds.
Warning: Simulation tolerance relaxed to achieve convergence from 7.5037714144542405e-04 to 7.5037714144542502e-04 seconds.
Warning: Simulation tolerance relaxed to achieve convergence from 7.5037714144542502e-04 to 7.5037714144542600e-04 seconds.
Warning: Simulation tolerance relaxed to achieve convergence from 7.5037770786143135e-04 to 7.5037770786143233e-04 seconds.
Warning: Simulation tolerance relaxed to achieve convergence from 7.5037770819021393e-04 to 7.5037770819021490e-04 seconds.
Warning: Simulation tolerance relaxed to achieve convergence from 7.5037770819022086e-04 to 7.5037770819022184e-04 seconds.
Warning: Simulation tolerance relaxed to achieve convergence from 7.5037771257141267e-04 to 7.5037771257141365e-04 seconds.
Warning: Simulation tolerance relaxed to achieve convergence from 7.5037771265182556e-04 to 7.5037771265182654e-04 seconds.
Warning: Simulation tolerance relaxed to achieve convergence from 7.5037772428230025e-04 to 7.5037772428230122e-04 seconds.
Warning: Simulation tolerance relaxed to achieve convergence from 7.5037772428239620e-04 to 7.5037772428239718e-04 seconds.
Warning: Simulation tolerance relaxed to achieve convergence from 7.5037772433353281e-04 to 7.5037772433353379e-04 seconds.
Warning: Simulation tolerance relaxed to achieve convergence from 7.5788648580323243e-04 to 7.5788648580323340e-04 seconds.
Warning: Simulation tolerance relaxed to achieve convergence from 7.5788648580326571e-04 to 7.5788648580326669e-04 seconds.
Warning: Simulation tolerance relaxed to achieve convergence from 7.5788648580326864e-04 to 7.5788648580326962e-04 seconds.
Warning: Simulation tolerance relaxed to achieve convergence from 7.5788648580327157e-04 to 7.5788648580327254e-04 seconds.
Warning: Simulation tolerance relaxed to achieve convergence from 7.5788648580327547e-04 to 7.5788648580327645e-04 seconds.
Warning: Simulation tolerance relaxed to achieve convergence from 7.5788648644239519e-04 to 7.5788648644239617e-04 seconds.
Warning: Simulation tolerance relaxed to achieve convergence from 7.5788648644240007e-04 to 7.5788648644240105e-04 seconds.
Warning: Simulation tolerance relaxed to achieve convergence from 7.5788648644240701e-04 to 7.5788648644240799e-04 seconds.
Warning: Simulation tolerance relaxed to achieve convergence from 7.5788648644243076e-04 to 7.5788648644243173e-04 seconds.
Warning: Simulation tolerance relaxed to achieve convergence from 7.5788648644243368e-04 to 7.5788648644243466e-04 seconds.
Warning: Simulation tolerance relaxed to achieve convergence from 7.5788648644243564e-04 to 7.5788648644243661e-04 seconds.
Warning: Simulation tolerance relaxed to achieve convergence from 7.5788648644243661e-04 to 7.5788648644243759e-04 seconds.
Warning: Simulation tolerance relaxed to achieve convergence from 7.5788648644244648e-04 to 7.5788648644244745e-04 seconds.
Warning: Simulation tolerance relaxed to achieve convergence from 7.5788648644246729e-04 to 7.5788648644246827e-04 seconds.
Warning: Simulation tolerance relaxed to achieve convergence from 7.5788648644247716e-04 to 7.5788648644247814e-04 seconds.
Warning: Simulation tolerance relaxed to achieve convergence from 7.5788648644254818e-04 to 7.5788648644254915e-04 seconds.
Warning: Simulation tolerance relaxed to achieve convergence from 7.5788649815684600e-04 to 7.5788649815684698e-04 seconds.
Warning: Simulation tolerance relaxed to achieve convergence from 7.6533986560745385e-04 to 7.6533986560745483e-04 seconds.
Warning: Simulation tolerance relaxed to achieve convergence from 7.6533986560745678e-04 to 7.6533986560745775e-04 seconds.
Warning: Simulation tolerance relaxed to achieve convergence from 7.6533986560751673e-04 to 7.6533986560751771e-04 seconds.
Warning: Simulation tolerance relaxed to achieve convergence from 7.6533986560765074e-04 to 7.6533986560765172e-04 seconds.
Warning: Simulation tolerance relaxed to achieve convergence from 7.6533986563892770e-04 to 7.6533986563892867e-04 seconds.
Warning: Simulation tolerance relaxed to achieve convergence from 7.6533986563892867e-04 to 7.6533986563892965e-04 seconds.
Warning: Simulation tolerance relaxed to achieve convergence from 7.6533986563912220e-04 to 7.6533986563912318e-04 seconds.
Warning: Simulation tolerance relaxed to achieve convergence from 7.6533986563913012e-04 to 7.6533986563913109e-04 seconds.
Warning: Simulation tolerance relaxed to achieve convergence from 7.6533986690165872e-04 to 7.6533986690165970e-04 seconds.
Warning: Simulation tolerance relaxed to achieve convergence from 7.6533986690183371e-04 to 7.6533986690183469e-04 seconds.
Warning: Simulation tolerance relaxed to achieve convergence from 7.6533986690183761e-04 to 7.6533986690183859e-04 seconds.
Warning: Simulation tolerance relaxed to achieve convergence from 7.6533986690183956e-04 to 7.6533986690184054e-04 seconds.
Warning: Simulation tolerance relaxed to achieve convergence from 7.6533986690184249e-04 to 7.6533986690184347e-04 seconds.
Warning: Simulation tolerance relaxed to achieve convergence from 7.6533986690192240e-04 to 7.6533986690192337e-04 seconds.
Warning: Simulation tolerance relaxed to achieve convergence from 7.6533986704683502e-04 to 7.6533986704683599e-04 seconds.
Warning: Simulation tolerance relaxed to achieve convergence from 7.6533986712685900e-04 to 7.6533986712685998e-04 seconds.
Warning: Simulation tolerance relaxed to achieve convergence from 7.7285776667350957e-04 to 7.7285776667351054e-04 seconds.
Warning: Simulation tolerance relaxed to achieve convergence from 7.7285776667371361e-04 to 7.7285776667371459e-04 seconds.
Warning: Simulation tolerance relaxed to achieve convergence from 7.7285781705025574e-04 to 7.7285781705025672e-04 seconds.
Warning: Simulation tolerance relaxed to achieve convergence from 7.7285794244252339e-04 to 7.7285794244252436e-04 seconds.
Warning: Simulation tolerance relaxed to achieve convergence from 7.7285794295910463e-04 to 7.7285794295910560e-04 seconds.
Warning: Simulation tolerance relaxed to achieve convergence from 7.7285794295913856e-04 to 7.7285794295913954e-04 seconds.
Warning: Simulation tolerance relaxed to achieve convergence from 7.7285794295914247e-04 to 7.7285794295914344e-04 seconds.
Warning: Simulation tolerance relaxed to achieve convergence from 7.7285794295914442e-04 to 7.7285794295914540e-04 seconds.
Warning: Simulation tolerance relaxed to achieve convergence from 7.7285794467487072e-04 to 7.7285794467487170e-04 seconds.
Warning: Simulation tolerance relaxed to achieve convergence from 7.7285794613237021e-04 to 7.7285794613237118e-04 seconds.
Warning: Simulation tolerance relaxed to achieve convergence from 7.7285794833275114e-04 to 7.7285794833275212e-04 seconds.
Warning: Simulation tolerance relaxed to achieve convergence from 7.7285794833276394e-04 to 7.7285794833276491e-04 seconds.
Warning: Simulation tolerance relaxed to achieve convergence from 7.7285794833276491e-04 to 7.7285794833276589e-04 seconds.
Warning: Simulation tolerance relaxed to achieve convergence from 7.7285794833276882e-04 to 7.7285794833276979e-04 seconds.
Warning: Simulation tolerance relaxed to achieve convergence from 7.7285794833283983e-04 to 7.7285794833284081e-04 seconds.
Warning: Simulation tolerance relaxed to achieve convergence from 7.7285795277878789e-04 to 7.7285795277878887e-04 seconds.
Warning: Simulation tolerance relaxed to achieve convergence from 7.7285795277880480e-04 to 7.7285795277880578e-04 seconds.
Warning: Simulation tolerance relaxed to achieve convergence from 7.7285795277889382e-04 to 7.7285795277889479e-04 seconds.
Warning: Simulation tolerance relaxed to achieve convergence from 7.7285795277889674e-04 to 7.7285795277889772e-04 seconds.
Warning: Simulation tolerance relaxed to achieve convergence from 7.7285795277891268e-04 to 7.7285795277891366e-04 seconds.
Warning: Simulation tolerance relaxed to achieve convergence from 7.7285795277894748e-04 to 7.7285795277894846e-04 seconds.
Warning: Simulation tolerance relaxed to achieve convergence from 7.7285795277894846e-04 to 7.7285795277894944e-04 seconds.
Warning: Simulation tolerance relaxed to achieve convergence from 7.7285795277895638e-04 to 7.7285795277895735e-04 seconds.
Warning: Simulation tolerance relaxed to achieve convergence from 7.7285796106096589e-04 to 7.7285796106096687e-04 seconds.
Warning: Simulation tolerance relaxed to achieve convergence from 7.7285796106099159e-04 to 7.7285796106099256e-04 seconds.
Warning: Simulation tolerance relaxed to achieve convergence from 7.7285796106100937e-04 to 7.7285796106101035e-04 seconds.
Warning: Simulation tolerance relaxed to achieve convergence from 7.7285796106105241e-04 to 7.7285796106105339e-04 seconds.
Warning: Simulation tolerance relaxed to achieve convergence from 7.7285796106133940e-04 to 7.7285796106134038e-04 seconds.
Warning: Simulation tolerance relaxed to achieve convergence from 7.7285796106136716e-04 to 7.7285796106136813e-04 seconds.
Warning: Simulation tolerance relaxed to achieve convergence from 7.7285796106136911e-04 to 7.7285796106137008e-04 seconds.
Warning: Simulation tolerance relaxed to achieve convergence from 7.7285796106137008e-04 to 7.7285796106137106e-04 seconds.
Warning: Simulation tolerance relaxed to achieve convergence from 7.7285796107679394e-04 to 7.7285796107679492e-04 seconds.
Warning: Simulation tolerance relaxed to achieve convergence from 7.7285796129134574e-04 to 7.7285796129134671e-04 seconds.
Warning: Simulation tolerance relaxed to achieve convergence from 7.7285796499908320e-04 to 7.7285796499908417e-04 seconds.
Warning: Simulation tolerance relaxed to achieve convergence from 7.7285796499908417e-04 to 7.7285796499908515e-04 seconds.
Warning: Simulation tolerance relaxed to achieve convergence from 7.7285796500509108e-04 to 7.7285796500509206e-04 seconds.
Warning: Simulation tolerance relaxed to achieve convergence from 7.7285797888085176e-04 to 7.7285797888085274e-04 seconds.
Warning: Simulation tolerance relaxed to achieve convergence from 7.7285797896327053e-04 to 7.7285797896327151e-04 seconds.
Warning: Simulation tolerance relaxed to achieve convergence from 7.7285798390012202e-04 to 7.7285798390012300e-04 seconds.
Warning: Simulation tolerance relaxed to achieve convergence from 7.7285798390018979e-04 to 7.7285798390019076e-04 seconds.
Warning: Simulation tolerance relaxed to achieve convergence from 7.7285798390046767e-04 to 7.7285798390046864e-04 seconds.
Warning: Simulation tolerance relaxed to achieve convergence from 7.7285798390046864e-04 to 7.7285798390046962e-04 seconds.
Warning: Simulation tolerance relaxed to achieve convergence from 7.7285798857594046e-04 to 7.7285798857594143e-04 seconds.
Warning: Simulation tolerance relaxed to achieve convergence from 7.7285798890654211e-04 to 7.7285798890654308e-04 seconds.
Warning: Simulation tolerance relaxed to achieve convergence from 7.7285798890654601e-04 to 7.7285798890654699e-04 seconds.
Warning: Simulation tolerance relaxed to achieve convergence from 7.7285798890657875e-04 to 7.7285798890657973e-04 seconds.
Warning: Simulation tolerance relaxed to achieve convergence from 7.7285799691256341e-04 to 7.7285799691256438e-04 seconds.
Warning: Simulation tolerance relaxed to achieve convergence from 7.7285799691257132e-04 to 7.7285799691257230e-04 seconds.
Warning: Simulation tolerance relaxed to achieve convergence from 7.7285800281493152e-04 to 7.7285800281493250e-04 seconds.
Warning: Simulation tolerance relaxed to achieve convergence from 7.7285800281493250e-04 to 7.7285800281493347e-04 seconds.
Warning: Simulation tolerance relaxed to achieve convergence from 7.7285800281502650e-04 to 7.7285800281502747e-04 seconds.
Warning: Simulation tolerance relaxed to achieve convergence from 7.7285800281505751e-04 to 7.7285800281505848e-04 seconds.
Warning: Simulation tolerance relaxed to achieve convergence from 7.7285800281506141e-04 to 7.7285800281506238e-04 seconds.
Warning: Simulation tolerance relaxed to achieve convergence from 7.7285800325204519e-04 to 7.7285800325204617e-04 seconds.
Warning: Simulation tolerance relaxed to achieve convergence from 7.7285800325204617e-04 to 7.7285800325204714e-04 seconds.
Warning: Simulation tolerance relaxed to achieve convergence from 7.7285800325204909e-04 to 7.7285800325205007e-04 seconds.
Warning: Simulation tolerance relaxed to achieve convergence from 7.7285800325211610e-04 to 7.7285800325211707e-04 seconds.
Warning: Simulation tolerance relaxed to achieve convergence from 7.7285800325211707e-04 to 7.7285800325211805e-04 seconds.
Warning: Simulation tolerance relaxed to achieve convergence from 7.7285800325211805e-04 to 7.7285800325211903e-04 seconds.
Warning: Simulation tolerance relaxed to achieve convergence from 7.7285804075285960e-04 to 7.7285804075286058e-04 seconds.
Warning: Simulation tolerance relaxed to achieve convergence from 7.7285804078656311e-04 to 7.7285804078656409e-04 seconds.
Warning: Simulation tolerance relaxed to achieve convergence from 7.7285804080576878e-04 to 7.7285804080576975e-04 seconds.
Warning: Simulation tolerance relaxed to achieve convergence from 7.7285804329381793e-04 to 7.7285804329381891e-04 seconds.
Warning: Simulation tolerance relaxed to achieve convergence from 7.7285804329399682e-04 to 7.7285804329399780e-04 seconds.
Warning: Simulation tolerance relaxed to achieve convergence from 7.7285804575447157e-04 to 7.7285804575447255e-04 seconds.
Warning: Simulation tolerance relaxed to achieve convergence from 7.7285804575448654e-04 to 7.7285804575448751e-04 seconds.
Warning: Simulation tolerance relaxed to achieve convergence from 7.7285804575482654e-04 to 7.7285804575482752e-04 seconds.
Warning: Simulation tolerance relaxed to achieve convergence from 7.7285805249004819e-04 to 7.7285805249004916e-04 seconds.
Warning: Simulation tolerance relaxed to achieve convergence from 7.7285805249013720e-04 to 7.7285805249013818e-04 seconds.
Warning: Simulation tolerance relaxed to achieve convergence from 7.7285805249013818e-04 to 7.7285805249013915e-04 seconds.
Warning: Simulation tolerance relaxed to achieve convergence from 7.7285844200068862e-04 to 7.7285844200068959e-04 seconds.
Warning: Simulation tolerance relaxed to achieve convergence from 7.7285844200069057e-04 to 7.7285844200069155e-04 seconds.
Warning: Simulation tolerance relaxed to achieve convergence from 7.7285844207181217e-04 to 7.7285844207181315e-04 seconds.
Warning: Simulation tolerance relaxed to achieve convergence from 7.7285844207801413e-04 to 7.7285844207801511e-04 seconds.
Warning: Simulation tolerance relaxed to achieve convergence from 7.7285844212709456e-04 to 7.7285844212709553e-04 seconds.
Warning: Simulation tolerance relaxed to achieve convergence from 7.7285844428339552e-04 to 7.7285844428339650e-04 seconds.
Warning: Simulation tolerance relaxed to achieve convergence from 7.7285844428339845e-04 to 7.7285844428339942e-04 seconds.
Warning: Simulation tolerance relaxed to achieve convergence from 7.7285844428340625e-04 to 7.7285844428340723e-04 seconds.
Warning: Simulation tolerance relaxed to achieve convergence from 7.7285844428340821e-04 to 7.7285844428340918e-04 seconds.
Warning: Simulation tolerance relaxed to achieve convergence from 7.7285844428344409e-04 to 7.7285844428344507e-04 seconds.
Warning: Simulation tolerance relaxed to achieve convergence from 7.7285844428345103e-04 to 7.7285844428345201e-04 seconds.
Warning: Simulation tolerance relaxed to achieve convergence from 7.7285846402554723e-04 to 7.7285846402554820e-04 seconds.
Warning: Simulation tolerance relaxed to achieve convergence from 8.1031507479244983e-04 to 8.1031507479245081e-04 seconds.
Warning: Simulation tolerance relaxed to achieve convergence from 8.1031507479245373e-04 to 8.1031507479245471e-04 seconds.
Warning: Simulation tolerance relaxed to achieve convergence from 8.1031507479245471e-04 to 8.1031507479245569e-04 seconds.
Warning: Simulation tolerance relaxed to achieve convergence from 8.1031507479245569e-04 to 8.1031507479245666e-04 seconds.
Warning: Simulation tolerance relaxed to achieve convergence from 8.1031507479264781e-04 to 8.1031507479264878e-04 seconds.
Warning: Simulation tolerance relaxed to achieve convergence from 8.1031508213124498e-04 to 8.1031508213124596e-04 seconds.
Warning: Simulation tolerance relaxed to achieve convergence from 8.1031527945903082e-04 to 8.1031527945903180e-04 seconds.
Warning: Simulation tolerance relaxed to achieve convergence from 8.1031528107826758e-04 to 8.1031528107826855e-04 seconds.
Warning: Simulation tolerance relaxed to achieve convergence from 8.1031528107827452e-04 to 8.1031528107827549e-04 seconds.
Warning: Simulation tolerance relaxed to achieve convergence from 8.1031528107827549e-04 to 8.1031528107827647e-04 seconds.
Warning: Simulation tolerance relaxed to achieve convergence from 8.1031528107827842e-04 to 8.1031528107827940e-04 seconds.
Warning: Simulation tolerance relaxed to achieve convergence from 8.1785365773134953e-04 to 8.1785365773135051e-04 seconds.
Warning: Simulation tolerance relaxed to achieve convergence from 8.1785365773135246e-04 to 8.1785365773135344e-04 seconds.
Warning: Simulation tolerance relaxed to achieve convergence from 8.1785365773144646e-04 to 8.1785365773144744e-04 seconds.
Warning: Simulation tolerance relaxed to achieve convergence from 8.1785365773173236e-04 to 8.1785365773173334e-04 seconds.
Warning: Simulation tolerance relaxed to achieve convergence from 8.1785365773174028e-04 to 8.1785365773174125e-04 seconds.
Warning: Simulation tolerance relaxed to achieve convergence from 8.1785366397947134e-04 to 8.1785366397947232e-04 seconds.
Warning: Simulation tolerance relaxed to achieve convergence from 8.1785366397948631e-04 to 8.1785366397948728e-04 seconds.
Warning: Simulation tolerance relaxed to achieve convergence from 8.1785366747486130e-04 to 8.1785366747486228e-04 seconds.
Warning: Simulation tolerance relaxed to achieve convergence from 8.1785366994541393e-04 to 8.1785366994541490e-04 seconds.
Warning: Simulation tolerance relaxed to achieve convergence from 8.1785366994541490e-04 to 8.1785366994541588e-04 seconds.
Warning: Simulation tolerance relaxed to achieve convergence from 8.1785366994541588e-04 to 8.1785366994541686e-04 seconds.
Warning: Simulation tolerance relaxed to achieve convergence from 8.1785366995186287e-04 to 8.1785366995186385e-04 seconds.
Warning: Simulation tolerance relaxed to achieve convergence from 8.1785366995502657e-04 to 8.1785366995502755e-04 seconds.
Warning: Simulation tolerance relaxed to achieve convergence from 8.1785367815571919e-04 to 8.1785367815572017e-04 seconds.
Warning: Simulation tolerance relaxed to achieve convergence from 8.1785367893889643e-04 to 8.1785367893889740e-04 seconds.
Warning: Simulation tolerance relaxed to achieve convergence from 8.1785367893889935e-04 to 8.1785367893890033e-04 seconds.
Warning: Simulation tolerance relaxed to achieve convergence from 8.1785367893890033e-04 to 8.1785367893890131e-04 seconds.
Warning: Simulation tolerance relaxed to achieve convergence from 8.1785367893890131e-04 to 8.1785367893890228e-04 seconds.
Warning: Simulation tolerance relaxed to achieve convergence from 8.1785368068203537e-04 to 8.1785368068203635e-04 seconds.
Warning: Simulation tolerance relaxed to achieve convergence from 8.1785368068203928e-04 to 8.1785368068204025e-04 seconds.
Warning: Simulation tolerance relaxed to achieve convergence from 8.1785368068221123e-04 to 8.1785368068221221e-04 seconds.
Warning: Simulation tolerance relaxed to achieve convergence from 8.1785368177971212e-04 to 8.1785368177971309e-04 seconds.
Warning: Simulation tolerance relaxed to achieve convergence from 8.1785369431590122e-04 to 8.1785369431590219e-04 seconds.
Warning: Simulation tolerance relaxed to achieve convergence from 8.1785369431595120e-04 to 8.1785369431595218e-04 seconds.
Warning: Simulation tolerance relaxed to achieve convergence from 8.1785369431596616e-04 to 8.1785369431596714e-04 seconds.
Warning: Simulation tolerance relaxed to achieve convergence from 8.1785369590206265e-04 to 8.1785369590206363e-04 seconds.
Warning: Simulation tolerance relaxed to achieve convergence from 8.1785369908601586e-04 to 8.1785369908601684e-04 seconds.
Warning: Simulation tolerance relaxed to achieve convergence from 8.1785369908615366e-04 to 8.1785369908615464e-04 seconds.
Warning: Simulation tolerance relaxed to achieve convergence from 8.1785375525216030e-04 to 8.1785375525216127e-04 seconds.
Warning: Simulation tolerance relaxed to achieve convergence from 8.1785375639149924e-04 to 8.1785375639150022e-04 seconds.
Warning: Simulation tolerance relaxed to achieve convergence from 8.1785375639150217e-04 to 8.1785375639150315e-04 seconds.
Warning: Simulation tolerance relaxed to achieve convergence from 8.1785375639157611e-04 to 8.1785375639157709e-04 seconds.
Warning: Simulation tolerance relaxed to achieve convergence from 8.1785375971909872e-04 to 8.1785375971909970e-04 seconds.
Warning: Simulation tolerance relaxed to achieve convergence from 8.1785375971911260e-04 to 8.1785375971911358e-04 seconds.
Warning: Simulation tolerance relaxed to achieve convergence from 8.1785376047007147e-04 to 8.1785376047007244e-04 seconds.
Warning: Simulation tolerance relaxed to achieve convergence from 8.1785376047198129e-04 to 8.1785376047198227e-04 seconds.
Warning: Simulation tolerance relaxed to achieve convergence from 8.1785376047198823e-04 to 8.1785376047198920e-04 seconds.
Warning: Simulation tolerance relaxed to achieve convergence from 8.1785376071091787e-04 to 8.1785376071091885e-04 seconds.
Warning: Simulation tolerance relaxed to achieve convergence from 8.1785376082997487e-04 to 8.1785376082997585e-04 seconds.
Warning: Simulation tolerance relaxed to achieve convergence from 8.1785376082997585e-04 to 8.1785376082997682e-04 seconds.
Warning: Simulation tolerance relaxed to achieve convergence from 8.1785376249497710e-04 to 8.1785376249497808e-04 seconds.
Warning: Simulation tolerance relaxed to achieve convergence from 8.1785376252843038e-04 to 8.1785376252843135e-04 seconds.
Warning: Simulation tolerance relaxed to achieve convergence from 8.1785386872378714e-04 to 8.1785386872378811e-04 seconds.
Warning: Simulation tolerance relaxed to achieve convergence from 8.1785386888473185e-04 to 8.1785386888473283e-04 seconds.
Warning: Simulation tolerance relaxed to achieve convergence from 8.1785386888473576e-04 to 8.1785386888473673e-04 seconds.
Warning: Simulation tolerance relaxed to achieve convergence from 8.1785386888474270e-04 to 8.1785386888474367e-04 seconds.
Warning: Simulation tolerance relaxed to achieve convergence from 8.1785386888474465e-04 to 8.1785386888474562e-04 seconds.
Warning: Simulation tolerance relaxed to achieve convergence from 8.1785386892442352e-04 to 8.1785386892442450e-04 seconds.
Warning: Simulation tolerance relaxed to achieve convergence from 8.1785386892459038e-04 to 8.1785386892459136e-04 seconds.
Warning: Simulation tolerance relaxed to achieve convergence from 8.1785386892461217e-04 to 8.1785386892461315e-04 seconds.
Warning: Simulation tolerance relaxed to achieve convergence from 8.1785553955212936e-04 to 8.1785553955213033e-04 seconds.
Warning: Simulation tolerance relaxed to achieve convergence from 8.1785553955216535e-04 to 8.1785553955216633e-04 seconds.
Warning: Simulation tolerance relaxed to achieve convergence from 8.1785553955216633e-04 to 8.1785553955216730e-04 seconds.
Warning: Simulation tolerance relaxed to achieve convergence from 8.1785553955221924e-04 to 8.1785553955222021e-04 seconds.
Warning: Simulation tolerance relaxed to achieve convergence from 8.1785553955222021e-04 to 8.1785553955222119e-04 seconds.
Warning: Simulation tolerance relaxed to achieve convergence from 8.1785553955251208e-04 to 8.1785553955251306e-04 seconds.
Warning: Simulation tolerance relaxed to achieve convergence from 8.1785553955251306e-04 to 8.1785553955251403e-04 seconds.
Warning: Simulation tolerance relaxed to achieve convergence from 8.1785554004828835e-04 to 8.1785554004828933e-04 seconds.
Warning: Simulation tolerance relaxed to achieve convergence from 8.1785554004835828e-04 to 8.1785554004835926e-04 seconds.
Warning: Simulation tolerance relaxed to achieve convergence from 8.1785554004838018e-04 to 8.1785554004838116e-04 seconds.
Warning: Simulation tolerance relaxed to achieve convergence from 8.1785554004839103e-04 to 8.1785554004839200e-04 seconds.
Warning: Simulation tolerance relaxed to achieve convergence from 8.1785554004846085e-04 to 8.1785554004846182e-04 seconds.
Warning: Simulation tolerance relaxed to achieve convergence from 8.1785554004846280e-04 to 8.1785554004846378e-04 seconds.
Warning: Simulation tolerance relaxed to achieve convergence from 8.1785554041731456e-04 to 8.1785554041731553e-04 seconds.
Warning: Simulation tolerance relaxed to achieve convergence from 8.1785554041732735e-04 to 8.1785554041732833e-04 seconds.
Warning: Simulation tolerance relaxed to achieve convergence from 8.1785554041734427e-04 to 8.1785554041734524e-04 seconds.
Warning: Simulation tolerance relaxed to achieve convergence from 8.1785554048862720e-04 to 8.1785554048862817e-04 seconds.
Warning: Simulation tolerance relaxed to achieve convergence from 8.1785554048986991e-04 to 8.1785554048987089e-04 seconds.
Warning: Simulation tolerance relaxed to achieve convergence from 8.1785554048988661e-04 to 8.1785554048988758e-04 seconds.
Warning: Simulation tolerance relaxed to achieve convergence from 8.1785554097130522e-04 to 8.1785554097130620e-04 seconds.
Warning: Simulation tolerance relaxed to achieve convergence from 8.2536796410402505e-04 to 8.2536796410402602e-04 seconds.
Warning: Simulation tolerance relaxed to achieve convergence from 8.2536796413449959e-04 to 8.2536796413450056e-04 seconds.
Warning: Simulation tolerance relaxed to achieve convergence from 8.2536798951546580e-04 to 8.2536798951546677e-04 seconds.
Warning: Simulation tolerance relaxed to achieve convergence from 8.2536802510431938e-04 to 8.2536802510432036e-04 seconds.
Warning: Simulation tolerance relaxed to achieve convergence from 8.2536802515197809e-04 to 8.2536802515197907e-04 seconds.
Warning: Simulation tolerance relaxed to achieve convergence from 8.2536817886692815e-04 to 8.2536817886692912e-04 seconds.
Warning: Simulation tolerance relaxed to achieve convergence from 8.2536817886709219e-04 to 8.2536817886709316e-04 seconds.
Warning: Simulation tolerance relaxed to achieve convergence from 8.2536817886709316e-04 to 8.2536817886709414e-04 seconds.
Warning: Simulation tolerance relaxed to achieve convergence from 8.2536817887303286e-04 to 8.2536817887303383e-04 seconds.
Warning: Simulation tolerance relaxed to achieve convergence from 8.2536817926347141e-04 to 8.2536817926347238e-04 seconds.
Warning: Simulation tolerance relaxed to achieve convergence from 8.2536817926349819e-04 to 8.2536817926349916e-04 seconds.
Warning: Simulation tolerance relaxed to achieve convergence from 8.3288588486091317e-04 to 8.3288588486091415e-04 seconds.
Warning: Simulation tolerance relaxed to achieve convergence from 8.3288588560196330e-04 to 8.3288588560196427e-04 seconds.
Warning: Simulation tolerance relaxed to achieve convergence from 8.3288588560196720e-04 to 8.3288588560196818e-04 seconds.
Warning: Simulation tolerance relaxed to achieve convergence from 8.3288588560197110e-04 to 8.3288588560197208e-04 seconds.
Warning: Simulation tolerance relaxed to achieve convergence from 8.3288588560198097e-04 to 8.3288588560198194e-04 seconds.
Warning: Simulation tolerance relaxed to achieve convergence from 8.3288588672766851e-04 to 8.3288588672766949e-04 seconds.
Warning: Simulation tolerance relaxed to achieve convergence from 8.3288588672766949e-04 to 8.3288588672767046e-04 seconds.
Warning: Simulation tolerance relaxed to achieve convergence from 8.3288588672767437e-04 to 8.3288588672767534e-04 seconds.
Warning: Simulation tolerance relaxed to achieve convergence from 8.3288589350321066e-04 to 8.3288589350321164e-04 seconds.
Warning: Simulation tolerance relaxed to achieve convergence from 8.3288589350321554e-04 to 8.3288589350321652e-04 seconds.
Warning: Simulation tolerance relaxed to achieve convergence from 8.3288589350323148e-04 to 8.3288589350323245e-04 seconds.
Warning: Simulation tolerance relaxed to achieve convergence from 8.3288589350323343e-04 to 8.3288589350323441e-04 seconds.
Warning: Simulation tolerance relaxed to achieve convergence from 8.3288589350339096e-04 to 8.3288589350339194e-04 seconds.
Warning: Simulation tolerance relaxed to achieve convergence from 8.3288589350340777e-04 to 8.3288589350340874e-04 seconds.
Warning: Simulation tolerance relaxed to achieve convergence from 8.3288589371462748e-04 to 8.3288589371462846e-04 seconds.
Warning: Simulation tolerance relaxed to achieve convergence from 8.3288589371463540e-04 to 8.3288589371463637e-04 seconds.
Warning: Simulation tolerance relaxed to achieve convergence from 8.5533761417843236e-04 to 8.5533761417843333e-04 seconds.
Warning: Simulation tolerance relaxed to achieve convergence from 8.5533761417849914e-04 to 8.5533761417850012e-04 seconds.
Warning: Simulation tolerance relaxed to achieve convergence from 8.5533761429655174e-04 to 8.5533761429655271e-04 seconds.
Warning: Simulation tolerance relaxed to achieve convergence from 8.5533761429656659e-04 to 8.5533761429656757e-04 seconds.
Warning: Simulation tolerance relaxed to achieve convergence from 8.5533761429656757e-04 to 8.5533761429656854e-04 seconds.
Warning: Simulation tolerance relaxed to achieve convergence from 8.5533761429656952e-04 to 8.5533761429657049e-04 seconds.
Warning: Simulation tolerance relaxed to achieve convergence from 8.5533761429659337e-04 to 8.5533761429659435e-04 seconds.
Warning: Simulation tolerance relaxed to achieve convergence from 8.5533761429659630e-04 to 8.5533761429659727e-04 seconds.
Warning: Simulation tolerance relaxed to achieve convergence from 8.5533761429660313e-04 to 8.5533761429660410e-04 seconds.
Warning: Simulation tolerance relaxed to achieve convergence from 8.5533761429661007e-04 to 8.5533761429661104e-04 seconds.
Warning: Simulation tolerance relaxed to achieve convergence from 8.5533761429664606e-04 to 8.5533761429664704e-04 seconds.
Warning: Simulation tolerance relaxed to achieve convergence from 8.5533761432109797e-04 to 8.5533761432109894e-04 seconds.
Warning: Simulation tolerance relaxed to achieve convergence from 8.5533761432110089e-04 to 8.5533761432110187e-04 seconds.
Warning: Simulation tolerance relaxed to achieve convergence from 8.5533761432116074e-04 to 8.5533761432116172e-04 seconds.
Warning: Simulation tolerance relaxed to achieve convergence from 8.5533761432116172e-04 to 8.5533761432116269e-04 seconds.
Warning: Simulation tolerance relaxed to achieve convergence from 8.5534956701298576e-04 to 8.5534956701298673e-04 seconds.
Warning: Simulation tolerance relaxed to achieve convergence from 8.5534958512334782e-04 to 8.5534958512334879e-04 seconds.
Warning: Simulation tolerance relaxed to achieve convergence from 8.5534958512335172e-04 to 8.5534958512335270e-04 seconds.
Warning: Simulation tolerance relaxed to achieve convergence from 8.5534958512335270e-04 to 8.5534958512335367e-04 seconds.
Warning: Simulation tolerance relaxed to achieve convergence from 8.5534958512335562e-04 to 8.5534958512335660e-04 seconds.
Warning: Simulation tolerance relaxed to achieve convergence from 8.6286370658314611e-04 to 8.6286370658314709e-04 seconds.
Warning: Simulation tolerance relaxed to achieve convergence from 8.6286370658315099e-04 to 8.6286370658315197e-04 seconds.
Warning: Simulation tolerance relaxed to achieve convergence from 8.6286372032462423e-04 to 8.6286372032462521e-04 seconds.
Warning: Simulation tolerance relaxed to achieve convergence from 8.6286372032463312e-04 to 8.6286372032463410e-04 seconds.
Warning: Simulation tolerance relaxed to achieve convergence from 8.6286372420156662e-04 to 8.6286372420156759e-04 seconds.
Warning: Simulation tolerance relaxed to achieve convergence from 8.6286372420162766e-04 to 8.6286372420162863e-04 seconds.
Warning: Simulation tolerance relaxed to achieve convergence from 8.6286372420162863e-04 to 8.6286372420162961e-04 seconds.
Warning: Simulation tolerance relaxed to achieve convergence from 8.6286372420164360e-04 to 8.6286372420164457e-04 seconds.
Warning: Simulation tolerance relaxed to achieve convergence from 8.6286372420167558e-04 to 8.6286372420167656e-04 seconds.
Warning: Simulation tolerance relaxed to achieve convergence from 8.6286373295664856e-04 to 8.6286373295664954e-04 seconds.
Warning: Simulation tolerance relaxed to achieve convergence from 8.7032944760473332e-04 to 8.7032944760473429e-04 seconds.
Warning: Simulation tolerance relaxed to achieve convergence from 8.7032944760474611e-04 to 8.7032944760474708e-04 seconds.
Warning: Simulation tolerance relaxed to achieve convergence from 8.7032944760474708e-04 to 8.7032944760474806e-04 seconds.
Warning: Simulation tolerance relaxed to achieve convergence from 8.7032944760478894e-04 to 8.7032944760478991e-04 seconds.
Warning: Simulation tolerance relaxed to achieve convergence from 8.7032944760478991e-04 to 8.7032944760479089e-04 seconds.
Warning: Simulation tolerance relaxed to achieve convergence from 8.7032944760479089e-04 to 8.7032944760479186e-04 seconds.
Warning: Simulation tolerance relaxed to achieve convergence from 8.7032944760479783e-04 to 8.7032944760479880e-04 seconds.
Warning: Simulation tolerance relaxed to achieve convergence from 8.7032944760480368e-04 to 8.7032944760480466e-04 seconds.
Warning: Simulation tolerance relaxed to achieve convergence from 8.7032944760865444e-04 to 8.7032944760865542e-04 seconds.
Warning: Simulation tolerance relaxed to achieve convergence from 8.7032944928984782e-04 to 8.7032944928984880e-04 seconds.
Warning: Simulation tolerance relaxed to achieve convergence from 8.7032944929203032e-04 to 8.7032944929203129e-04 seconds.
Warning: Simulation tolerance relaxed to achieve convergence from 8.7032944929203129e-04 to 8.7032944929203227e-04 seconds.
Warning: Simulation tolerance relaxed to achieve convergence from 8.7032944929203227e-04 to 8.7032944929203325e-04 seconds.
Warning: Simulation tolerance relaxed to achieve convergence from 8.7032944929203325e-04 to 8.7032944929203422e-04 seconds.
Warning: Simulation tolerance relaxed to achieve convergence from 8.7032944929203422e-04 to 8.7032944929203520e-04 seconds.
Warning: Simulation tolerance relaxed to achieve convergence from 8.7032944929203520e-04 to 8.7032944929203617e-04 seconds.
Warning: Simulation tolerance relaxed to achieve convergence from 8.7032944929205807e-04 to 8.7032944929205905e-04 seconds.
Warning: Simulation tolerance relaxed to achieve convergence from 8.7032944929205905e-04 to 8.7032944929206003e-04 seconds.
Warning: Simulation tolerance relaxed to achieve convergence from 8.7032944929207293e-04 to 8.7032944929207390e-04 seconds.
Warning: Simulation tolerance relaxed to achieve convergence from 8.7032944929207586e-04 to 8.7032944929207683e-04 seconds.
Warning: Simulation tolerance relaxed to achieve convergence from 8.7032944929207878e-04 to 8.7032944929207976e-04 seconds.
Warning: Simulation tolerance relaxed to achieve convergence from 8.7032944929208572e-04 to 8.7032944929208670e-04 seconds.
Warning: Simulation tolerance relaxed to achieve convergence from 8.7032945029123462e-04 to 8.7032945029123559e-04 seconds.
Warning: Simulation tolerance relaxed to achieve convergence from 8.7032945524186925e-04 to 8.7032945524187022e-04 seconds.
Warning: Simulation tolerance relaxed to achieve convergence from 8.7032945524187619e-04 to 8.7032945524187716e-04 seconds.
Warning: Simulation tolerance relaxed to achieve convergence from 8.7032945524187716e-04 to 8.7032945524187814e-04 seconds.
Warning: Simulation tolerance relaxed to achieve convergence from 8.7032946241332571e-04 to 8.7032946241332669e-04 seconds.
Warning: Simulation tolerance relaxed to achieve convergence from 8.7032946241332864e-04 to 8.7032946241332961e-04 seconds.
Warning: Simulation tolerance relaxed to achieve convergence from 8.7032946248343835e-04 to 8.7032946248343933e-04 seconds.
Warning: Simulation tolerance relaxed to achieve convergence from 8.7032946249983919e-04 to 8.7032946249984016e-04 seconds.
Warning: Simulation tolerance relaxed to achieve convergence from 8.7032947388241268e-04 to 8.7032947388241365e-04 seconds.
Warning: Simulation tolerance relaxed to achieve convergence from 8.7032947871274130e-04 to 8.7032947871274228e-04 seconds.
Warning: Simulation tolerance relaxed to achieve convergence from 8.7032948317999730e-04 to 8.7032948317999827e-04 seconds.
Warning: Simulation tolerance relaxed to achieve convergence from 8.7032950245283073e-04 to 8.7032950245283171e-04 seconds.
Warning: Simulation tolerance relaxed to achieve convergence from 8.7032950245284765e-04 to 8.7032950245284862e-04 seconds.
Warning: Simulation tolerance relaxed to achieve convergence from 8.7032950245284862e-04 to 8.7032950245284960e-04 seconds.
Warning: Simulation tolerance relaxed to achieve convergence from 8.7032950245303164e-04 to 8.7032950245303261e-04 seconds.
Warning: Simulation tolerance relaxed to achieve convergence from 8.7032950292841862e-04 to 8.7032950292841959e-04 seconds.
Warning: Simulation tolerance relaxed to achieve convergence from 8.7032950292854146e-04 to 8.7032950292854243e-04 seconds.
Warning: Simulation tolerance relaxed to achieve convergence from 8.7032950292855935e-04 to 8.7032950292856032e-04 seconds.
Warning: Simulation tolerance relaxed to achieve convergence from 8.7032950292856325e-04 to 8.7032950292856423e-04 seconds.
Warning: Simulation tolerance relaxed to achieve convergence from 8.7032950292856423e-04 to 8.7032950292856520e-04 seconds.
Warning: Simulation tolerance relaxed to achieve convergence from 8.7032950318632267e-04 to 8.7032950318632364e-04 seconds.
Warning: Simulation tolerance relaxed to achieve convergence from 8.7032950318632364e-04 to 8.7032950318632462e-04 seconds.
Warning: Simulation tolerance relaxed to achieve convergence from 8.7032950427469100e-04 to 8.7032950427469197e-04 seconds.
Warning: Simulation tolerance relaxed to achieve convergence from 8.7032950492100646e-04 to 8.7032950492100744e-04 seconds.
Warning: Simulation tolerance relaxed to achieve convergence from 8.7032950494347222e-04 to 8.7032950494347319e-04 seconds.
Warning: Simulation tolerance relaxed to achieve convergence from 8.7032950587416079e-04 to 8.7032950587416177e-04 seconds.
Warning: Simulation tolerance relaxed to achieve convergence from 8.7032950590612611e-04 to 8.7032950590612708e-04 seconds.
Warning: Simulation tolerance relaxed to achieve convergence from 8.7032950590614107e-04 to 8.7032950590614205e-04 seconds.
Warning: Simulation tolerance relaxed to achieve convergence from 8.7032950707348767e-04 to 8.7032950707348865e-04 seconds.
Warning: Simulation tolerance relaxed to achieve convergence from 8.9285071948444570e-04 to 8.9285071948444668e-04 seconds.
Warning: Simulation tolerance relaxed to achieve convergence from 8.9285178963644950e-04 to 8.9285178963645047e-04 seconds.
Warning: Simulation tolerance relaxed to achieve convergence from 8.9285178973410326e-04 to 8.9285178973410424e-04 seconds.
Warning: Simulation tolerance relaxed to achieve convergence from 8.9285179840401646e-04 to 8.9285179840401744e-04 seconds.
Warning: Simulation tolerance relaxed to achieve convergence from 8.9285179840411339e-04 to 8.9285179840411437e-04 seconds.
Warning: Simulation tolerance relaxed to achieve convergence from 8.9285179840413323e-04 to 8.9285179840413421e-04 seconds.
Warning: Simulation tolerance relaxed to achieve convergence from 8.9285179840415015e-04 to 8.9285179840415112e-04 seconds.
Warning: Simulation tolerance relaxed to achieve convergence from 8.9285179840416001e-04 to 8.9285179840416099e-04 seconds.
Warning: Simulation tolerance relaxed to achieve convergence from 8.9285182729737596e-04 to 8.9285182729737693e-04 seconds.
Warning: Simulation tolerance relaxed to achieve convergence from 8.9285183421842996e-04 to 8.9285183421843094e-04 seconds.
Warning: Simulation tolerance relaxed to achieve convergence from 8.9285183421843094e-04 to 8.9285183421843192e-04 seconds.
Warning: Simulation tolerance relaxed to achieve convergence from 8.9285183421852201e-04 to 8.9285183421852299e-04 seconds.
Warning: Simulation tolerance relaxed to achieve convergence from 8.9285183421853893e-04 to 8.9285183421853990e-04 seconds.
Warning: Simulation tolerance relaxed to achieve convergence from 8.9285183428567674e-04 to 8.9285183428567771e-04 seconds.
Warning: Simulation tolerance relaxed to achieve convergence from 8.9285183428581551e-04 to 8.9285183428581649e-04 seconds.
Warning: Simulation tolerance relaxed to achieve convergence from 8.9285183428610814e-04 to 8.9285183428610912e-04 seconds.
Warning: Simulation tolerance relaxed to achieve convergence from 8.9285209475863342e-04 to 8.9285209475863439e-04 seconds.
Warning: Simulation tolerance relaxed to achieve convergence from 8.9285209804323767e-04 to 8.9285209804323864e-04 seconds.
Warning: Simulation tolerance relaxed to achieve convergence from 8.9285209910276427e-04 to 8.9285209910276524e-04 seconds.
Warning: Simulation tolerance relaxed to achieve convergence from 8.9285209918965190e-04 to 8.9285209918965288e-04 seconds.
Warning: Simulation tolerance relaxed to achieve convergence from 8.9285209918965385e-04 to 8.9285209918965483e-04 seconds.
Warning: Simulation tolerance relaxed to achieve convergence from 8.9285210048314608e-04 to 8.9285210048314705e-04 seconds.
Warning: Simulation tolerance relaxed to achieve convergence from 8.9285215300701198e-04 to 8.9285215300701295e-04 seconds.
Warning: Simulation tolerance relaxed to achieve convergence from 8.9285220461342806e-04 to 8.9285220461342903e-04 seconds.
Warning: Simulation tolerance relaxed to achieve convergence from 8.9285220461367721e-04 to 8.9285220461367818e-04 seconds.
Warning: Simulation tolerance relaxed to achieve convergence from 8.9285230862984073e-04 to 8.9285230862984170e-04 seconds.
Warning: Simulation tolerance relaxed to achieve convergence from 9.0361286369843052e-04 to 9.0361286369843149e-04 seconds.
Warning: Simulation tolerance relaxed to achieve convergence from 9.1535704847374715e-04 to 9.1535704847374813e-04 seconds.
Warning: Simulation tolerance relaxed to achieve convergence from 9.1535704851885202e-04 to 9.1535704851885300e-04 seconds.
Warning: Simulation tolerance relaxed to achieve convergence from 9.1535704851885690e-04 to 9.1535704851885787e-04 seconds.
Warning: Simulation tolerance relaxed to achieve convergence from 9.1535704851893182e-04 to 9.1535704851893279e-04 seconds.
Warning: Simulation tolerance relaxed to achieve convergence from 9.1535704959557905e-04 to 9.1535704959558003e-04 seconds.
Warning: Simulation tolerance relaxed to achieve convergence from 9.1535704960326474e-04 to 9.1535704960326572e-04 seconds.
Warning: Simulation tolerance relaxed to achieve convergence from 9.1535704969095653e-04 to 9.1535704969095751e-04 seconds.
Warning: Simulation tolerance relaxed to achieve convergence from 9.1535704969096347e-04 to 9.1535704969096445e-04 seconds.
Warning: Simulation tolerance relaxed to achieve convergence from 9.1535704969096445e-04 to 9.1535704969096542e-04 seconds.
Warning: Simulation tolerance relaxed to achieve convergence from 9.1535704969096542e-04 to 9.1535704969096640e-04 seconds.
Warning: Simulation tolerance relaxed to achieve convergence from 9.1535705798624460e-04 to 9.1535705798624558e-04 seconds.
Warning: Simulation tolerance relaxed to achieve convergence from 9.1535705798624558e-04 to 9.1535705798624655e-04 seconds.
Warning: Simulation tolerance relaxed to achieve convergence from 9.1535705798632212e-04 to 9.1535705798632310e-04 seconds.
Warning: Simulation tolerance relaxed to achieve convergence from 9.1535705798659393e-04 to 9.1535705798659491e-04 seconds.
Warning: Simulation tolerance relaxed to achieve convergence from 9.1535705798665692e-04 to 9.1535705798665790e-04 seconds.
Warning: Simulation tolerance relaxed to achieve convergence from 9.1535705798665790e-04 to 9.1535705798665888e-04 seconds.
Warning: Simulation tolerance relaxed to achieve convergence from 9.1535705798666484e-04 to 9.1535705798666581e-04 seconds.
Warning: Simulation tolerance relaxed to achieve convergence from 9.1535707300182821e-04 to 9.1535707300182919e-04 seconds.
Warning: Simulation tolerance relaxed to achieve convergence from 9.1535707300203530e-04 to 9.1535707300203627e-04 seconds.
Warning: Simulation tolerance relaxed to achieve convergence from 9.2283934455052565e-04 to 9.2283934455052662e-04 seconds.
Warning: Simulation tolerance relaxed to achieve convergence from 9.2283934458032462e-04 to 9.2283934458032560e-04 seconds.
Warning: Simulation tolerance relaxed to achieve convergence from 9.2283934458039152e-04 to 9.2283934458039249e-04 seconds.
Warning: Simulation tolerance relaxed to achieve convergence from 9.2283934471853513e-04 to 9.2283934471853611e-04 seconds.
Warning: Simulation tolerance relaxed to achieve convergence from 9.2283934471853611e-04 to 9.2283934471853709e-04 seconds.
Warning: Simulation tolerance relaxed to achieve convergence from 9.2283934471853709e-04 to 9.2283934471853806e-04 seconds.
Warning: Simulation tolerance relaxed to achieve convergence from 9.2283934471853806e-04 to 9.2283934471853904e-04 seconds.
Warning: Simulation tolerance relaxed to achieve convergence from 9.2283934471853904e-04 to 9.2283934471854001e-04 seconds.
Warning: Simulation tolerance relaxed to achieve convergence from 9.2283934471854001e-04 to 9.2283934471854099e-04 seconds.
Warning: Simulation tolerance relaxed to achieve convergence from 9.2283934783933986e-04 to 9.2283934783934083e-04 seconds.
Warning: Simulation tolerance relaxed to achieve convergence from 9.2283934808810289e-04 to 9.2283934808810386e-04 seconds.
Warning: Simulation tolerance relaxed to achieve convergence from 9.2283934808977430e-04 to 9.2283934808977527e-04 seconds.
Warning: Simulation tolerance relaxed to achieve convergence from 9.2283935211045186e-04 to 9.2283935211045283e-04 seconds.
Warning: Simulation tolerance relaxed to achieve convergence from 9.2283935211045576e-04 to 9.2283935211045674e-04 seconds.
Warning: Simulation tolerance relaxed to achieve convergence from 9.2283935211321863e-04 to 9.2283935211321961e-04 seconds.
Warning: Simulation tolerance relaxed to achieve convergence from 9.2283935211359745e-04 to 9.2283935211359843e-04 seconds.
Warning: Simulation tolerance relaxed to achieve convergence from 9.2283935239164522e-04 to 9.2283935239164620e-04 seconds.
Warning: Simulation tolerance relaxed to achieve convergence from 9.2283937851929529e-04 to 9.2283937851929626e-04 seconds.
Warning: Simulation tolerance relaxed to achieve convergence from 9.2283938013938780e-04 to 9.2283938013938878e-04 seconds.
Warning: Simulation tolerance relaxed to achieve convergence from 9.2283991918807131e-04 to 9.2283991918807229e-04 seconds.
Warning: Simulation tolerance relaxed to achieve convergence from 9.2283991943111756e-04 to 9.2283991943111854e-04 seconds.
Warning: Simulation tolerance relaxed to achieve convergence from 9.2283991943114142e-04 to 9.2283991943114239e-04 seconds.
Warning: Simulation tolerance relaxed to achieve convergence from 9.2283991943115519e-04 to 9.2283991943115616e-04 seconds.
Warning: Simulation tolerance relaxed to achieve convergence from 9.2283991943117709e-04 to 9.2283991943117806e-04 seconds.
Warning: Simulation tolerance relaxed to achieve convergence from 9.2283991943118402e-04 to 9.2283991943118500e-04 seconds.
Warning: Simulation tolerance relaxed to achieve convergence from 9.2283991943120191e-04 to 9.2283991943120289e-04 seconds.
Warning: Simulation tolerance relaxed to achieve convergence from 9.2283991943120289e-04 to 9.2283991943120387e-04 seconds.
Warning: Simulation tolerance relaxed to achieve convergence from 9.2283991943120582e-04 to 9.2283991943120679e-04 seconds.
Warning: Simulation tolerance relaxed to achieve convergence from 9.2283991943120679e-04 to 9.2283991943120777e-04 seconds.
Warning: Simulation tolerance relaxed to achieve convergence from 9.2283991943120874e-04 to 9.2283991943120972e-04 seconds.
Warning: Simulation tolerance relaxed to achieve convergence from 9.2283991943121070e-04 to 9.2283991943121167e-04 seconds.
Warning: Simulation tolerance relaxed to achieve convergence from 9.2283991943127054e-04 to 9.2283991943127152e-04 seconds.
Warning: Simulation tolerance relaxed to achieve convergence from 9.2283991943215992e-04 to 9.2283991943216089e-04 seconds.
Warning: Simulation tolerance relaxed to achieve convergence from 9.2283991943217368e-04 to 9.2283991943217466e-04 seconds.
Warning: Simulation tolerance relaxed to achieve convergence from 9.2283991943330375e-04 to 9.2283991943330472e-04 seconds.
Warning: Simulation tolerance relaxed to achieve convergence from 9.2283991943357577e-04 to 9.2283991943357675e-04 seconds.
Warning: Simulation tolerance relaxed to achieve convergence from 9.2283991943372377e-04 to 9.2283991943372474e-04 seconds.
Warning: Simulation tolerance relaxed to achieve convergence from 9.2283991943375055e-04 to 9.2283991943375152e-04 seconds.
Warning: Simulation tolerance relaxed to achieve convergence from 9.2283991943480656e-04 to 9.2283991943480754e-04 seconds.
Warning: Simulation tolerance relaxed to achieve convergence from 9.2283991943481448e-04 to 9.2283991943481545e-04 seconds.
Warning: Simulation tolerance relaxed to achieve convergence from 9.2283992203555842e-04 to 9.2283992203555940e-04 seconds.
Warning: Simulation tolerance relaxed to achieve convergence from 9.2283992203556037e-04 to 9.2283992203556135e-04 seconds.
Warning: Simulation tolerance relaxed to achieve convergence from 9.2283992203556330e-04 to 9.2283992203556428e-04 seconds.
Warning: Simulation tolerance relaxed to achieve convergence from 9.2283992205630897e-04 to 9.2283992205630994e-04 seconds.
Warning: Simulation tolerance relaxed to achieve convergence from 9.2283992205631580e-04 to 9.2283992205631678e-04 seconds.
Warning: Simulation tolerance relaxed to achieve convergence from 9.2283992205634876e-04 to 9.2283992205634973e-04 seconds.
Warning: Simulation tolerance relaxed to achieve convergence from 9.2283992205634973e-04 to 9.2283992205635071e-04 seconds.
Warning: Simulation tolerance relaxed to achieve convergence from 9.2283992708410963e-04 to 9.2283992708411060e-04 seconds.
Warning: Simulation tolerance relaxed to achieve convergence from 9.2283992708411255e-04 to 9.2283992708411353e-04 seconds.
Warning: Simulation tolerance relaxed to achieve convergence from 9.2283992708424157e-04 to 9.2283992708424255e-04 seconds.
Warning: Simulation tolerance relaxed to achieve convergence from 9.2283992708424255e-04 to 9.2283992708424353e-04 seconds.
Warning: Simulation tolerance relaxed to achieve convergence from 9.2283992708424353e-04 to 9.2283992708424450e-04 seconds.
Warning: Simulation tolerance relaxed to achieve convergence from 9.2283992708425144e-04 to 9.2283992708425242e-04 seconds.
Warning: Simulation tolerance relaxed to achieve convergence from 9.2283993794790148e-04 to 9.2283993794790246e-04 seconds.
Warning: Simulation tolerance relaxed to achieve convergence from 9.2283993838416850e-04 to 9.2283993838416947e-04 seconds.
Warning: Simulation tolerance relaxed to achieve convergence from 9.2283993838993027e-04 to 9.2283993838993125e-04 seconds.
Warning: Simulation tolerance relaxed to achieve convergence from 9.2283993838993125e-04 to 9.2283993838993222e-04 seconds.
Warning: Simulation tolerance relaxed to achieve convergence from 9.2283993845336055e-04 to 9.2283993845336152e-04 seconds.
Warning: Simulation tolerance relaxed to achieve convergence from 9.2283993845336152e-04 to 9.2283993845336250e-04 seconds.
Warning: Simulation tolerance relaxed to achieve convergence from 9.2283993845336250e-04 to 9.2283993845336347e-04 seconds.
Warning: Simulation tolerance relaxed to achieve convergence from 9.2283993845338028e-04 to 9.2283993845338125e-04 seconds.
Warning: Simulation tolerance relaxed to achieve convergence from 9.2283993845703729e-04 to 9.2283993845703827e-04 seconds.
Warning: Simulation tolerance relaxed to achieve convergence from 9.2283994371313407e-04 to 9.2283994371313504e-04 seconds.
Warning: Simulation tolerance relaxed to achieve convergence from 9.2283994487172053e-04 to 9.2283994487172151e-04 seconds.
Warning: Simulation tolerance relaxed to achieve convergence from 9.2283997833417263e-04 to 9.2283997833417361e-04 seconds.
Warning: Simulation tolerance relaxed to achieve convergence from 9.2283997833417556e-04 to 9.2283997833417653e-04 seconds.
Warning: Simulation tolerance relaxed to achieve convergence from 9.2283999637233160e-04 to 9.2283999637233257e-04 seconds.
Warning: Simulation tolerance relaxed to achieve convergence from 9.2283999637233854e-04 to 9.2283999637233951e-04 seconds.
Warning: Simulation tolerance relaxed to achieve convergence from 9.2283999639392836e-04 to 9.2283999639392934e-04 seconds.
Warning: Simulation tolerance relaxed to achieve convergence from 9.2283999639393530e-04 to 9.2283999639393628e-04 seconds.
Warning: Simulation tolerance relaxed to achieve convergence from 9.2283999639473425e-04 to 9.2283999639473523e-04 seconds.
Warning: Simulation tolerance relaxed to achieve convergence from 9.2283999652089375e-04 to 9.2283999652089473e-04 seconds.
Warning: Simulation tolerance relaxed to achieve convergence from 9.2283999652090069e-04 to 9.2283999652090166e-04 seconds.
Warning: Simulation tolerance relaxed to achieve convergence from 9.2283999652090166e-04 to 9.2283999652090264e-04 seconds.
Warning: Simulation tolerance relaxed to achieve convergence from 9.2283999652090264e-04 to 9.2283999652090362e-04 seconds.
Warning: Simulation tolerance relaxed to achieve convergence from 9.2283999652090459e-04 to 9.2283999652090557e-04 seconds.
Warning: Simulation tolerance relaxed to achieve convergence from 9.2283999652093853e-04 to 9.2283999652093950e-04 seconds.
Warning: Simulation tolerance relaxed to achieve convergence from 9.4115896969404033e-04 to 9.4115896969404131e-04 seconds.
Warning: Simulation tolerance relaxed to achieve convergence from 9.4533429958062901e-04 to 9.4533429958062998e-04 seconds.
Warning: Simulation tolerance relaxed to achieve convergence from 9.4533430078032170e-04 to 9.4533430078032267e-04 seconds.
Warning: Simulation tolerance relaxed to achieve convergence from 9.4533430078032365e-04 to 9.4533430078032462e-04 seconds.
Warning: Simulation tolerance relaxed to achieve convergence from 9.4533430080526333e-04 to 9.4533430080526431e-04 seconds.
Warning: Simulation tolerance relaxed to achieve convergence from 9.4533430080526431e-04 to 9.4533430080526528e-04 seconds.
Warning: Simulation tolerance relaxed to achieve convergence from 9.4533430080527016e-04 to 9.4533430080527114e-04 seconds.
Warning: Simulation tolerance relaxed to achieve convergence from 9.4533430080527905e-04 to 9.4533430080528003e-04 seconds.
Warning: Simulation tolerance relaxed to achieve convergence from 9.4533430080530583e-04 to 9.4533430080530681e-04 seconds.
Warning: Simulation tolerance relaxed to achieve convergence from 9.4533438766348046e-04 to 9.4533438766348143e-04 seconds.
Warning: Simulation tolerance relaxed to achieve convergence from 9.4533438766349032e-04 to 9.4533438766349130e-04 seconds.
Warning: Simulation tolerance relaxed to achieve convergence from 9.4533438766352816e-04 to 9.4533438766352914e-04 seconds.
Warning: Simulation tolerance relaxed to achieve convergence from 9.4533438767537687e-04 to 9.4533438767537784e-04 seconds.
Warning: Simulation tolerance relaxed to achieve convergence from 9.4533438767538381e-04 to 9.4533438767538478e-04 seconds.
Warning: Simulation tolerance relaxed to achieve convergence from 9.4533438767538478e-04 to 9.4533438767538576e-04 seconds.
Warning: Simulation tolerance relaxed to achieve convergence from 9.4533438767538576e-04 to 9.4533438767538673e-04 seconds.
Warning: Simulation tolerance relaxed to achieve convergence from 9.4533438767538673e-04 to 9.4533438767538771e-04 seconds.
Warning: Simulation tolerance relaxed to achieve convergence from 9.4533438767538966e-04 to 9.4533438767539064e-04 seconds.
Warning: Simulation tolerance relaxed to achieve convergence from 9.4533438839734352e-04 to 9.4533438839734449e-04 seconds.
Warning: Simulation tolerance relaxed to achieve convergence from 9.4533438839734449e-04 to 9.4533438839734547e-04 seconds.
Warning: Simulation tolerance relaxed to achieve convergence from 9.4533438839735241e-04 to 9.4533438839735338e-04 seconds.
Warning: Simulation tolerance relaxed to achieve convergence from 9.4533438839740434e-04 to 9.4533438839740531e-04 seconds.
Warning: Simulation tolerance relaxed to achieve convergence from 9.4533439306112167e-04 to 9.4533439306112264e-04 seconds.
Warning: Simulation tolerance relaxed to achieve convergence from 9.4533439306113956e-04 to 9.4533439306114053e-04 seconds.
Warning: Simulation tolerance relaxed to achieve convergence from 9.4533439316372037e-04 to 9.4533439316372135e-04 seconds.
Warning: Simulation tolerance relaxed to achieve convergence from 9.4533439316372330e-04 to 9.4533439316372427e-04 seconds.
Warning: Simulation tolerance relaxed to achieve convergence from 9.4533439316372427e-04 to 9.4533439316372525e-04 seconds.
Warning: Simulation tolerance relaxed to achieve convergence from 9.4533439320766710e-04 to 9.4533439320766807e-04 seconds.
Warning: Simulation tolerance relaxed to achieve convergence from 9.5286148902034369e-04 to 9.5286148902034467e-04 seconds.
Warning: Simulation tolerance relaxed to achieve convergence from 9.5286148957568332e-04 to 9.5286148957568430e-04 seconds.
Warning: Simulation tolerance relaxed to achieve convergence from 9.5286150124012921e-04 to 9.5286150124013018e-04 seconds.
Warning: Simulation tolerance relaxed to achieve convergence from 9.5286150124013614e-04 to 9.5286150124013712e-04 seconds.
Warning: Simulation tolerance relaxed to achieve convergence from 9.5286150124015599e-04 to 9.5286150124015696e-04 seconds.
Warning: Simulation tolerance relaxed to achieve convergence from 9.5286150124070709e-04 to 9.5286150124070806e-04 seconds.
Warning: Simulation tolerance relaxed to achieve convergence from 9.5286150542286680e-04 to 9.5286150542286778e-04 seconds.
Warning: Simulation tolerance relaxed to achieve convergence from 9.5286150564298240e-04 to 9.5286150564298337e-04 seconds.
Warning: Simulation tolerance relaxed to achieve convergence from 9.5286150564301308e-04 to 9.5286150564301406e-04 seconds.
Warning: Simulation tolerance relaxed to achieve convergence from 9.5286150837793973e-04 to 9.5286150837794071e-04 seconds.
Warning: Simulation tolerance relaxed to achieve convergence from 9.5286150837794071e-04 to 9.5286150837794168e-04 seconds.
Warning: Simulation tolerance relaxed to achieve convergence from 9.5286151015129040e-04 to 9.5286151015129138e-04 seconds.
Warning: Simulation tolerance relaxed to achieve convergence from 9.5286151015129138e-04 to 9.5286151015129235e-04 seconds.
Warning: Simulation tolerance relaxed to achieve convergence from 9.5286151119728226e-04 to 9.5286151119728323e-04 seconds.
Warning: Simulation tolerance relaxed to achieve convergence from 9.5286151442898709e-04 to 9.5286151442898807e-04 seconds.
Warning: Simulation tolerance relaxed to achieve convergence from 9.5286151442898807e-04 to 9.5286151442898904e-04 seconds.
Warning: Simulation tolerance relaxed to achieve convergence from 9.5286152112368982e-04 to 9.5286152112369080e-04 seconds.
Warning: Simulation tolerance relaxed to achieve convergence from 9.5286152164309856e-04 to 9.5286152164309953e-04 seconds.
Warning: Simulation tolerance relaxed to achieve convergence from 9.5286152164309953e-04 to 9.5286152164310051e-04 seconds.
Warning: Simulation tolerance relaxed to achieve convergence from 9.5286152677870816e-04 to 9.5286152677870914e-04 seconds.
Warning: Simulation tolerance relaxed to achieve convergence from 9.6033139976886746e-04 to 9.6033139976886843e-04 seconds.
Warning: Simulation tolerance relaxed to achieve convergence from 9.6033139976892329e-04 to 9.6033139976892427e-04 seconds.
Warning: Simulation tolerance relaxed to achieve convergence from 9.6033139976892622e-04 to 9.6033139976892719e-04 seconds.
Warning: Simulation tolerance relaxed to achieve convergence from 9.6033139976893012e-04 to 9.6033139976893110e-04 seconds.
Warning: Simulation tolerance relaxed to achieve convergence from 9.6033139976895484e-04 to 9.6033139976895582e-04 seconds.
Warning: Simulation tolerance relaxed to achieve convergence from 9.6033139976896178e-04 to 9.6033139976896276e-04 seconds.
Warning: Simulation tolerance relaxed to achieve convergence from 9.6033139976896276e-04 to 9.6033139976896373e-04 seconds.
Warning: Simulation tolerance relaxed to achieve convergence from 9.6033140879755855e-04 to 9.6033140879755953e-04 seconds.
Warning: Simulation tolerance relaxed to achieve convergence from 9.6033140894723646e-04 to 9.6033140894723743e-04 seconds.
Warning: Simulation tolerance relaxed to achieve convergence from 9.6033141362771512e-04 to 9.6033141362771609e-04 seconds.
Warning: Simulation tolerance relaxed to achieve convergence from 9.6033141364616564e-04 to 9.6033141364616661e-04 seconds.
Warning: Simulation tolerance relaxed to achieve convergence from 9.6033141364640535e-04 to 9.6033141364640633e-04 seconds.
Warning: Simulation tolerance relaxed to achieve convergence from 9.6033141364640633e-04 to 9.6033141364640731e-04 seconds.
Warning: Simulation tolerance relaxed to achieve convergence from 9.6033141374781198e-04 to 9.6033141374781295e-04 seconds.
Warning: Simulation tolerance relaxed to achieve convergence from 9.6033141374785697e-04 to 9.6033141374785795e-04 seconds.
Warning: Simulation tolerance relaxed to achieve convergence from 9.6033141374789297e-04 to 9.6033141374789394e-04 seconds.
Warning: Simulation tolerance relaxed to achieve convergence from 9.6033141374790186e-04 to 9.6033141374790283e-04 seconds.
Warning: Simulation tolerance relaxed to achieve convergence from 9.6033143007299016e-04 to 9.6033143007299114e-04 seconds.
Warning: Simulation tolerance relaxed to achieve convergence from 9.6033143040595895e-04 to 9.6033143040595993e-04 seconds.
Warning: Simulation tolerance relaxed to achieve convergence from 9.6033145485601259e-04 to 9.6033145485601356e-04 seconds.
Warning: Simulation tolerance relaxed to achieve convergence from 9.6033145485627941e-04 to 9.6033145485628039e-04 seconds.
Warning: Simulation tolerance relaxed to achieve convergence from 9.6033145485628732e-04 to 9.6033145485628830e-04 seconds.
Warning: Simulation tolerance relaxed to achieve convergence from 9.6033145516244271e-04 to 9.6033145516244368e-04 seconds.
Warning: Simulation tolerance relaxed to achieve convergence from 9.6033145829830450e-04 to 9.6033145829830548e-04 seconds.
Warning: Simulation tolerance relaxed to achieve convergence from 9.6033145835185401e-04 to 9.6033145835185498e-04 seconds.
Warning: Simulation tolerance relaxed to achieve convergence from 9.6033146195143167e-04 to 9.6033146195143265e-04 seconds.
Warning: Simulation tolerance relaxed to achieve convergence from 9.6033146195143558e-04 to 9.6033146195143655e-04 seconds.
Warning: Simulation tolerance relaxed to achieve convergence from 9.6033146195255144e-04 to 9.6033146195255241e-04 seconds.
Warning: Simulation tolerance relaxed to achieve convergence from 9.6033146195255241e-04 to 9.6033146195255339e-04 seconds.
Warning: Simulation tolerance relaxed to achieve convergence from 9.6033146252588904e-04 to 9.6033146252589002e-04 seconds.
Warning: Simulation tolerance relaxed to achieve convergence from 9.6033147240814475e-04 to 9.6033147240814573e-04 seconds.
Warning: Simulation tolerance relaxed to achieve convergence from 9.6033147240814573e-04 to 9.6033147240814670e-04 seconds.
Warning: Simulation tolerance relaxed to achieve convergence from 9.6033147240814670e-04 to 9.6033147240814768e-04 seconds.
Warning: Simulation tolerance relaxed to achieve convergence from 9.7536115701544394e-04 to 9.7536115701544492e-04 seconds.
Warning: Simulation tolerance relaxed to achieve convergence from 9.7536115701547072e-04 to 9.7536115701547170e-04 seconds.
Warning: Simulation tolerance relaxed to achieve convergence from 9.7536115701547658e-04 to 9.7536115701547755e-04 seconds.
Warning: Simulation tolerance relaxed to achieve convergence from 9.7536116103257703e-04 to 9.7536116103257801e-04 seconds.
Warning: Simulation tolerance relaxed to achieve convergence from 9.7536116784863582e-04 to 9.7536116784863679e-04 seconds.
Warning: Simulation tolerance relaxed to achieve convergence from 9.7536116804373474e-04 to 9.7536116804373572e-04 seconds.
Warning: Simulation tolerance relaxed to achieve convergence from 9.7536116825521868e-04 to 9.7536116825521965e-04 seconds.
Warning: Simulation tolerance relaxed to achieve convergence from 9.7536116833539218e-04 to 9.7536116833539315e-04 seconds.
Warning: Simulation tolerance relaxed to achieve convergence from 9.7536116833562008e-04 to 9.7536116833562105e-04 seconds.
Warning: Simulation tolerance relaxed to achieve convergence from 9.7536116833567591e-04 to 9.7536116833567689e-04 seconds.
Warning: Simulation tolerance relaxed to achieve convergence from 9.7536116835632368e-04 to 9.7536116835632465e-04 seconds.
Warning: Simulation tolerance relaxed to achieve convergence from 9.7536116835632953e-04 to 9.7536116835633051e-04 seconds.
Warning: Simulation tolerance relaxed to achieve convergence from 9.7536116876644006e-04 to 9.7536116876644104e-04 seconds.
Warning: Simulation tolerance relaxed to achieve convergence from 9.7536118519966995e-04 to 9.7536118519967092e-04 seconds.
Warning: Simulation tolerance relaxed to achieve convergence from 9.7536118519967092e-04 to 9.7536118519967190e-04 seconds.
Warning: Simulation tolerance relaxed to achieve convergence from 9.7536118519967385e-04 to 9.7536118519967482e-04 seconds.
Warning: Simulation tolerance relaxed to achieve convergence from 9.7536118555532848e-04 to 9.7536118555532946e-04 seconds.
Warning: Simulation tolerance relaxed to achieve convergence from 9.7536118555532946e-04 to 9.7536118555533043e-04 seconds.
Warning: Simulation tolerance relaxed to achieve convergence from 9.7536128586210526e-04 to 9.7536128586210623e-04 seconds.
Warning: Simulation tolerance relaxed to achieve convergence from 9.7536128919507501e-04 to 9.7536128919507598e-04 seconds.
Warning: Simulation tolerance relaxed to achieve convergence from 9.7536129272950687e-04 to 9.7536129272950784e-04 seconds.
Warning: Simulation tolerance relaxed to achieve convergence from 9.7536129327960275e-04 to 9.7536129327960373e-04 seconds.
Warning: Simulation tolerance relaxed to achieve convergence from 9.7536129327960470e-04 to 9.7536129327960568e-04 seconds.
Warning: Simulation tolerance relaxed to achieve convergence from 9.7536129327960568e-04 to 9.7536129327960666e-04 seconds.
Warning: Simulation tolerance relaxed to achieve convergence from 9.7536129327960666e-04 to 9.7536129327960763e-04 seconds.
Warning: Simulation tolerance relaxed to achieve convergence from 9.7536129441138102e-04 to 9.7536129441138199e-04 seconds.
Warning: Simulation tolerance relaxed to achieve convergence from 9.7536129441178694e-04 to 9.7536129441178792e-04 seconds.
Warning: Simulation tolerance relaxed to achieve convergence from 9.7536146109367724e-04 to 9.7536146109367821e-04 seconds.
Warning: Simulation tolerance relaxed to achieve convergence from 9.7536146109401020e-04 to 9.7536146109401117e-04 seconds.
Warning: Simulation tolerance relaxed to achieve convergence from 9.7536146109401312e-04 to 9.7536146109401410e-04 seconds.
Warning: Simulation tolerance relaxed to achieve convergence from 9.7536146656133785e-04 to 9.7536146656133883e-04 seconds.
Warning: Simulation tolerance relaxed to achieve convergence from 9.7536161427230739e-04 to 9.7536161427230837e-04 seconds.
Warning: Simulation tolerance relaxed to achieve convergence from 9.7536161427245539e-04 to 9.7536161427245636e-04 seconds.
Warning: Simulation tolerance relaxed to achieve convergence from 9.7536161427322246e-04 to 9.7536161427322343e-04 seconds.
Warning: Simulation tolerance relaxed to achieve convergence from 9.7536161427322343e-04 to 9.7536161427322441e-04 seconds.
Warning: Simulation tolerance relaxed to achieve convergence from 9.7536161483632259e-04 to 9.7536161483632357e-04 seconds.
Warning: Simulation tolerance relaxed to achieve convergence from 9.7536164706730523e-04 to 9.7536164706730620e-04 seconds.
Warning: Simulation tolerance relaxed to achieve convergence from 9.7536164706736399e-04 to 9.7536164706736497e-04 seconds.
Warning: Simulation tolerance relaxed to achieve convergence from 9.7536164709657836e-04 to 9.7536164709657934e-04 seconds.
Warning: Simulation tolerance relaxed to achieve convergence from 9.7536164709658129e-04 to 9.7536164709658227e-04 seconds.
Warning: Simulation tolerance relaxed to achieve convergence from 9.7536164709659408e-04 to 9.7536164709659506e-04 seconds.
Warning: Simulation tolerance relaxed to achieve convergence from 9.7536164709659701e-04 to 9.7536164709659799e-04 seconds.
Warning: Simulation tolerance relaxed to achieve convergence from 9.7536164709881594e-04 to 9.7536164709881691e-04 seconds.
Warning: Simulation tolerance relaxed to achieve convergence from 9.7536164709881691e-04 to 9.7536164709881789e-04 seconds.
Warning: Simulation tolerance relaxed to achieve convergence from 9.7536164710287736e-04 to 9.7536164710287834e-04 seconds.
Warning: Simulation tolerance relaxed to achieve convergence from 9.7536164710288625e-04 to 9.7536164710288723e-04 seconds.
Warning: Simulation tolerance relaxed to achieve convergence from 9.7536164838596525e-04 to 9.7536164838596623e-04 seconds.
Warning: Simulation tolerance relaxed to achieve convergence from 9.7536164838597219e-04 to 9.7536164838597317e-04 seconds.
Warning: Simulation tolerance relaxed to achieve convergence from 9.7536164861086120e-04 to 9.7536164861086218e-04 seconds.
Warning: Simulation tolerance relaxed to achieve convergence from 9.7536165109697365e-04 to 9.7536165109697462e-04 seconds.
Warning: Simulation tolerance relaxed to achieve convergence from 9.7536165110311251e-04 to 9.7536165110311348e-04 seconds.
Warning: Simulation tolerance relaxed to achieve convergence from 9.7536165112336345e-04 to 9.7536165112336443e-04 seconds.
Warning: Simulation tolerance relaxed to achieve convergence from 9.7536165112336443e-04 to 9.7536165112336540e-04 seconds.
Warning: Simulation tolerance relaxed to achieve convergence from 9.7536165112337234e-04 to 9.7536165112337332e-04 seconds.
Warning: Simulation tolerance relaxed to achieve convergence from 9.7536165113029519e-04 to 9.7536165113029617e-04 seconds.
Warning: Simulation tolerance relaxed to achieve convergence from 9.7536165113030311e-04 to 9.7536165113030408e-04 seconds.
Warning: Simulation tolerance relaxed to achieve convergence from 9.7536165113061004e-04 to 9.7536165113061102e-04 seconds.
Warning: Simulation tolerance relaxed to achieve convergence from 9.7536182897874524e-04 to 9.7536182897874622e-04 seconds.
Warning: Simulation tolerance relaxed to achieve convergence from 9.7536182897874817e-04 to 9.7536182897874915e-04 seconds.
Warning: Simulation tolerance relaxed to achieve convergence from 9.7536182897875608e-04 to 9.7536182897875706e-04 seconds.
Warning: Simulation tolerance relaxed to achieve convergence from 9.7536183035582620e-04 to 9.7536183035582718e-04 seconds.
Warning: Simulation tolerance relaxed to achieve convergence from 9.7536183035588919e-04 to 9.7536183035589017e-04 seconds.
Warning: Simulation tolerance relaxed to achieve convergence from 9.7536183035593711e-04 to 9.7536183035593809e-04 seconds.
Warning: Simulation tolerance relaxed to achieve convergence from 9.7536183035596194e-04 to 9.7536183035596292e-04 seconds.
Warning: Simulation tolerance relaxed to achieve convergence from 9.7536183804818001e-04 to 9.7536183804818098e-04 seconds.
Warning: Simulation tolerance relaxed to achieve convergence from 9.7536184268824004e-04 to 9.7536184268824102e-04 seconds.
Warning: Simulation tolerance relaxed to achieve convergence from 9.7536184627377198e-04 to 9.7536184627377296e-04 seconds.
Warning: Simulation tolerance relaxed to achieve convergence from 9.7536184627387888e-04 to 9.7536184627387986e-04 seconds.
Warning: Simulation tolerance relaxed to achieve convergence from 9.7536184627389070e-04 to 9.7536184627389168e-04 seconds.
Warning: Simulation tolerance relaxed to achieve convergence from 9.7536184796106215e-04 to 9.7536184796106313e-04 seconds.
Warning: Simulation tolerance relaxed to achieve convergence from 9.7536184796109002e-04 to 9.7536184796109099e-04 seconds.
Warning: Simulation tolerance relaxed to achieve convergence from 9.7536185035162744e-04 to 9.7536185035162841e-04 seconds.
Warning: Simulation tolerance relaxed to achieve convergence from 9.7536185035627953e-04 to 9.7536185035628051e-04 seconds.
Warning: Simulation tolerance relaxed to achieve convergence from 9.7536185035628246e-04 to 9.7536185035628344e-04 seconds.
Warning: Simulation tolerance relaxed to achieve convergence from 9.7536185035634751e-04 to 9.7536185035634849e-04 seconds.
Warning: Simulation tolerance relaxed to achieve convergence from 9.7536185035635044e-04 to 9.7536185035635142e-04 seconds.
Warning: Simulation tolerance relaxed to achieve convergence from 9.7536189357510920e-04 to 9.7536189357511017e-04 seconds.
Warning: Simulation tolerance relaxed to achieve convergence from 9.7536189432154672e-04 to 9.7536189432154770e-04 seconds.
Warning: Simulation tolerance relaxed to achieve convergence from 9.7536189432154770e-04 to 9.7536189432154868e-04 seconds.
Warning: Simulation tolerance relaxed to achieve convergence from 9.7536189432155063e-04 to 9.7536189432155160e-04 seconds.
Warning: Simulation tolerance relaxed to achieve convergence from 9.7536189432376966e-04 to 9.7536189432377064e-04 seconds.
Warning: Simulation tolerance relaxed to achieve convergence from 9.7536189433844553e-04 to 9.7536189433844651e-04 seconds.
Warning: Simulation tolerance relaxed to achieve convergence from 9.7536189717433428e-04 to 9.7536189717433526e-04 seconds.
Warning: Simulation tolerance relaxed to achieve convergence from 9.7536189717433721e-04 to 9.7536189717433819e-04 seconds.
Warning: Simulation tolerance relaxed to achieve convergence from 9.7536189719362473e-04 to 9.7536189719362571e-04 seconds.
Warning: Simulation tolerance relaxed to achieve convergence from 9.7536189719362571e-04 to 9.7536189719362669e-04 seconds.
Warning: Simulation tolerance relaxed to achieve convergence from 9.7536189719362864e-04 to 9.7536189719362961e-04 seconds.
Warning: Simulation tolerance relaxed to achieve convergence from 9.7536189719363449e-04 to 9.7536189719363547e-04 seconds.
Warning: Simulation tolerance relaxed to achieve convergence from 9.7536189719494334e-04 to 9.7536189719494432e-04 seconds.
Warning: Simulation tolerance relaxed to achieve convergence from 9.7536189775809193e-04 to 9.7536189775809291e-04 seconds.
Warning: Simulation tolerance relaxed to achieve convergence from 9.7536189775839302e-04 to 9.7536189775839399e-04 seconds.
Warning: Simulation tolerance relaxed to achieve convergence from 9.7536189775878192e-04 to 9.7536189775878290e-04 seconds.
Warning: Simulation tolerance relaxed to achieve convergence from 9.7536189775878886e-04 to 9.7536189775878984e-04 seconds.
Warning: Simulation tolerance relaxed to achieve convergence from 9.7536190463457244e-04 to 9.7536190463457342e-04 seconds.
Warning: Simulation tolerance relaxed to achieve convergence from 9.7536190463515336e-04 to 9.7536190463515433e-04 seconds.
Warning: Simulation tolerance relaxed to achieve convergence from 9.7536190463527695e-04 to 9.7536190463527793e-04 seconds.
Warning: Simulation tolerance relaxed to achieve convergence from 9.7536190897927586e-04 to 9.7536190897927683e-04 seconds.
Warning: Simulation tolerance relaxed to achieve convergence from 9.8286669640990001e-04 to 9.8286669640990109e-04 seconds.
Warning: Simulation tolerance relaxed to achieve convergence from 9.8286669640990109e-04 to 9.8286669640990218e-04 seconds.
Warning: Simulation tolerance relaxed to achieve convergence from 9.8286672044296027e-04 to 9.8286672044296136e-04 seconds.
Warning: Simulation tolerance relaxed to achieve convergence from 9.8286672044327339e-04 to 9.8286672044327447e-04 seconds.
Warning: Simulation tolerance relaxed to achieve convergence from 9.8286672044377711e-04 to 9.8286672044377819e-04 seconds.
Warning: Simulation tolerance relaxed to achieve convergence from 9.8286672045641414e-04 to 9.8286672045641522e-04 seconds.
Warning: Simulation tolerance relaxed to achieve convergence from 9.8286672045644514e-04 to 9.8286672045644623e-04 seconds.
Warning: Simulation tolerance relaxed to achieve convergence from 9.8286672045648526e-04 to 9.8286672045648634e-04 seconds.
Warning: Simulation tolerance relaxed to achieve convergence from 9.8286673169878380e-04 to 9.8286673169878489e-04 seconds.
Warning: Simulation tolerance relaxed to achieve convergence from 9.8286673169881850e-04 to 9.8286673169881958e-04 seconds.
Warning: Simulation tolerance relaxed to achieve convergence from 9.8286673169885341e-04 to 9.8286673169885449e-04 seconds.
Warning: Simulation tolerance relaxed to achieve convergence from 9.8286673169888333e-04 to 9.8286673169888442e-04 seconds.
Warning: Simulation tolerance relaxed to achieve convergence from 9.8286673175164299e-04 to 9.8286673175164408e-04 seconds.
Warning: Simulation tolerance relaxed to achieve convergence from 9.8286673175165514e-04 to 9.8286673175165622e-04 seconds.
Warning: Simulation tolerance relaxed to achieve convergence from 9.8286673175166316e-04 to 9.8286673175166425e-04 seconds.
Warning: Simulation tolerance relaxed to achieve convergence from 9.8286673175167227e-04 to 9.8286673175167335e-04 seconds.
Warning: Simulation tolerance relaxed to achieve convergence from 9.8286675923299352e-04 to 9.8286675923299461e-04 seconds.
Warning: Simulation tolerance relaxed to achieve convergence from 9.8286690373787663e-04 to 9.8286690373787771e-04 seconds.
Warning: Simulation tolerance relaxed to achieve convergence from 9.8286690405081055e-04 to 9.8286690405081163e-04 seconds.
Warning: Simulation tolerance relaxed to achieve convergence from 9.8286690909703397e-04 to 9.8286690909703506e-04 seconds.
Warning: Simulation tolerance relaxed to achieve convergence from 9.8286690909703506e-04 to 9.8286690909703614e-04 seconds.
Warning: Simulation tolerance relaxed to achieve convergence from 9.8286690909718121e-04 to 9.8286690909718229e-04 seconds.
Warning: Simulation tolerance relaxed to achieve convergence from 9.8286691446692167e-04 to 9.8286691446692275e-04 seconds.
Warning: Simulation tolerance relaxed to achieve convergence from 9.8286691447393689e-04 to 9.8286691447393797e-04 seconds.
Warning: Simulation tolerance relaxed to achieve convergence from 9.8286691447398112e-04 to 9.8286691447398221e-04 seconds.
Warning: Simulation tolerance relaxed to achieve convergence from 9.8286691447399023e-04 to 9.8286691447399131e-04 seconds.
Warning: Simulation tolerance relaxed to achieve convergence from 9.8286691459158713e-04 to 9.8286691459158822e-04 seconds.
Warning: Simulation tolerance relaxed to achieve convergence from 9.8286691520063228e-04 to 9.8286691520063337e-04 seconds.
Warning: Simulation tolerance relaxed to achieve convergence from 9.8286691520069625e-04 to 9.8286691520069734e-04 seconds.
Warning: Simulation tolerance relaxed to achieve convergence from 9.8286691520069734e-04 to 9.8286691520069842e-04 seconds.
Warning: Simulation tolerance relaxed to achieve convergence from 9.8286691626180383e-04 to 9.8286691626180492e-04 seconds.
Warning: Simulation tolerance relaxed to achieve convergence from 9.8286692036589894e-04 to 9.8286692036590002e-04 seconds.
Warning: Simulation tolerance relaxed to achieve convergence from 9.8286692036707486e-04 to 9.8286692036707595e-04 seconds.
Warning: Simulation tolerance relaxed to achieve convergence from 9.8286692656849727e-04 to 9.8286692656849835e-04 seconds.
Warning: Simulation tolerance relaxed to achieve convergence from 9.8286692656999954e-04 to 9.8286692657000062e-04 seconds.
Warning: Simulation tolerance relaxed to achieve convergence from 9.8286692657164536e-04 to 9.8286692657164644e-04 seconds.
Warning: Simulation tolerance relaxed to achieve convergence from 9.8286692657165230e-04 to 9.8286692657165338e-04 seconds.
Warning: Simulation tolerance relaxed to achieve convergence from 9.8286692663438922e-04 to 9.8286692663439030e-04 seconds.
Warning: Simulation tolerance relaxed to achieve convergence from 9.8286692663439139e-04 to 9.8286692663439247e-04 seconds.
Warning: Simulation tolerance relaxed to achieve convergence from 9.8286692663439247e-04 to 9.8286692663439356e-04 seconds.
Warning: Simulation tolerance relaxed to achieve convergence from 9.8286692799573515e-04 to 9.8286692799573624e-04 seconds.
Warning: Simulation tolerance relaxed to achieve convergence from 9.8286698464119019e-04 to 9.8286698464119127e-04 seconds.
Warning: Simulation tolerance relaxed to achieve convergence from 9.8286698464119127e-04 to 9.8286698464119236e-04 seconds.
Warning: Simulation tolerance relaxed to achieve convergence from 9.8286698464119236e-04 to 9.8286698464119344e-04 seconds.
Warning: Simulation tolerance relaxed to achieve convergence from 9.8286698464122835e-04 to 9.8286698464122944e-04 seconds.
Warning: Simulation tolerance relaxed to achieve convergence from 9.8286698464122944e-04 to 9.8286698464123052e-04 seconds.
Warning: Simulation tolerance relaxed to achieve convergence from 9.8286698464124440e-04 to 9.8286698464124548e-04 seconds.
Warning: Simulation tolerance relaxed to achieve convergence from 9.8286698464124548e-04 to 9.8286698464124657e-04 seconds.
Warning: Simulation tolerance relaxed to achieve convergence from 9.8286698464125242e-04 to 9.8286698464125351e-04 seconds.
Warning: Simulation tolerance relaxed to achieve convergence from 9.8286698464125546e-04 to 9.8286698464125654e-04 seconds.
Warning: Simulation tolerance relaxed to achieve convergence from 9.8286698464130251e-04 to 9.8286698464130360e-04 seconds.
Warning: Simulation tolerance relaxed to achieve convergence from 9.8286698464197385e-04 to 9.8286698464197493e-04 seconds.
Warning: Simulation tolerance relaxed to achieve convergence from 9.8286698465455515e-04 to 9.8286698465455623e-04 seconds.
Warning: Simulation tolerance relaxed to achieve convergence from 9.8286700558706066e-04 to 9.8286700558706174e-04 seconds.
Warning: Simulation tolerance relaxed to achieve convergence from 9.8286700558709991e-04 to 9.8286700558710099e-04 seconds.
Warning: Simulation tolerance relaxed to achieve convergence from 9.8286700589418434e-04 to 9.8286700589418543e-04 seconds.
Warning: Simulation tolerance relaxed to achieve convergence from 9.8286700589419475e-04 to 9.8286700589419584e-04 seconds.
Warning: Simulation tolerance relaxed to achieve convergence from 9.8286700589437863e-04 to 9.8286700589437972e-04 seconds.
Warning: Simulation tolerance relaxed to achieve convergence from 9.8286700623492263e-04 to 9.8286700623492372e-04 seconds.
Warning: Simulation tolerance relaxed to achieve convergence from 9.8286701094371740e-04 to 9.8286701094371849e-04 seconds.
Warning: Simulation tolerance relaxed to achieve convergence from 9.8286701094372044e-04 to 9.8286701094372152e-04 seconds.
Warning: Simulation tolerance relaxed to achieve convergence from 9.8286701176316998e-04 to 9.8286701176317107e-04 seconds.
Warning: Simulation tolerance relaxed to achieve convergence from 9.8286701280998583e-04 to 9.8286701280998691e-04 seconds.
Warning: Simulation tolerance relaxed to achieve convergence from 9.8286711304181062e-04 to 9.8286711304181170e-04 seconds.
Warning: Simulation tolerance relaxed to achieve convergence from 9.8286711304181669e-04 to 9.8286711304181778e-04 seconds.
Warning: Simulation tolerance relaxed to achieve convergence from 9.8286711347151138e-04 to 9.8286711347151247e-04 seconds.
Warning: Simulation tolerance relaxed to achieve convergence from 9.8286711403607085e-04 to 9.8286711403607193e-04 seconds.
Warning: Simulation tolerance relaxed to achieve convergence from 9.8286711420353108e-04 to 9.8286711420353216e-04 seconds.
Warning: Simulation tolerance relaxed to achieve convergence from 9.8286711420357510e-04 to 9.8286711420357618e-04 seconds.
Warning: Simulation tolerance relaxed to achieve convergence from 9.8286711420357813e-04 to 9.8286711420357922e-04 seconds.
Warning: Simulation tolerance relaxed to achieve convergence from 9.8286711420357922e-04 to 9.8286711420358030e-04 seconds.
Warning: Simulation tolerance relaxed to achieve convergence from 9.8286711420361131e-04 to 9.8286711420361239e-04 seconds.
Warning: Simulation tolerance relaxed to achieve convergence from 9.8286711421859542e-04 to 9.8286711421859650e-04 seconds.
Warning: Simulation tolerance relaxed to achieve convergence from 9.8286711421869581e-04 to 9.8286711421869690e-04 seconds.
Warning: Simulation tolerance relaxed to achieve convergence from 9.8286754702473791e-04 to 9.8286754702473899e-04 seconds.
Warning: Simulation tolerance relaxed to achieve convergence from 9.8286754843877823e-04 to 9.8286754843877932e-04 seconds.
Warning: Simulation tolerance relaxed to achieve convergence from 9.9038478588454729e-04 to 9.9038478588454838e-04 seconds.
Warning: Simulation tolerance relaxed to achieve convergence from 9.9038478588455532e-04 to 9.9038478588455640e-04 seconds.
Warning: Simulation tolerance relaxed to achieve convergence from 9.9038480471902207e-04 to 9.9038480471902316e-04 seconds.
Warning: Simulation tolerance relaxed to achieve convergence from 9.9038480471902424e-04 to 9.9038480471902533e-04 seconds.
Warning: Simulation tolerance relaxed to achieve convergence from 9.9038480471902728e-04 to 9.9038480471902836e-04 seconds.
Warning: Simulation tolerance relaxed to achieve convergence from 9.9038480471931416e-04 to 9.9038480471931524e-04 seconds.
Warning: Simulation tolerance relaxed to achieve convergence from 9.9038480568147420e-04 to 9.9038480568147528e-04 seconds.
Warning: Simulation tolerance relaxed to achieve convergence from 9.9038480732406369e-04 to 9.9038480732406477e-04 seconds.
Warning: Simulation tolerance relaxed to achieve convergence from 9.9038480828667497e-04 to 9.9038480828667606e-04 seconds.
Warning: Simulation tolerance relaxed to achieve convergence from 9.9038480849442546e-04 to 9.9038480849442654e-04 seconds.
Warning: Simulation tolerance relaxed to achieve convergence from 9.9038480849443934e-04 to 9.9038480849444042e-04 seconds.
Warning: Simulation tolerance relaxed to achieve convergence from 9.9038480922356877e-04 to 9.9038480922356985e-04 seconds.
Warning: Simulation tolerance relaxed to achieve convergence from 9.9038480922485268e-04 to 9.9038480922485376e-04 seconds.
Warning: Simulation tolerance relaxed to achieve convergence from 9.9038482007837280e-04 to 9.9038482007837388e-04 seconds.
Warning: Simulation tolerance relaxed to achieve convergence from 9.9038482007838971e-04 to 9.9038482007839080e-04 seconds.
Warning: Simulation tolerance relaxed to achieve convergence from 9.9038482249835910e-04 to 9.9038482249836019e-04 seconds.
Warning: Simulation tolerance relaxed to achieve convergence from 9.9038482249842936e-04 to 9.9038482249843044e-04 seconds.
Warning: Simulation tolerance relaxed to achieve convergence from 9.9038482263330107e-04 to 9.9038482263330216e-04 seconds.
Warning: Simulation tolerance relaxed to achieve convergence from 9.9038482263330411e-04 to 9.9038482263330519e-04 seconds.
Warning: Simulation tolerance relaxed to achieve convergence from 9.9038482263330823e-04 to 9.9038482263330931e-04 seconds.
Warning: Simulation tolerance relaxed to achieve convergence from 9.9038482263331430e-04 to 9.9038482263331539e-04 seconds.
Warning: Simulation tolerance relaxed to achieve convergence from 9.9038482918321165e-04 to 9.9038482918321273e-04 seconds.
Warning: Simulation tolerance relaxed to achieve convergence from 9.9038482918321381e-04 to 9.9038482918321490e-04 seconds.
Warning: Simulation tolerance relaxed to achieve convergence from 9.9038482918814867e-04 to 9.9038482918814975e-04 seconds.
Warning: Simulation tolerance relaxed to achieve convergence from 9.9038482918815561e-04 to 9.9038482918815669e-04 seconds.
Warning: Simulation tolerance relaxed to achieve convergence from 9.9038482918816775e-04 to 9.9038482918816883e-04 seconds.
Warning: Simulation tolerance relaxed to achieve convergence from 9.9038482918819898e-04 to 9.9038482918820006e-04 seconds.
Warning: Simulation tolerance relaxed to achieve convergence from 9.9038482918825319e-04 to 9.9038482918825427e-04 seconds.
Warning: Simulation tolerance relaxed to achieve convergence from 9.9038482918825622e-04 to 9.9038482918825731e-04 seconds.
Warning: Simulation tolerance relaxed to achieve convergence from 9.9038482918825926e-04 to 9.9038482918826034e-04 seconds.
Warning: Simulation tolerance relaxed to achieve convergence from 9.9038482918826229e-04 to 9.9038482918826338e-04 seconds.
Warning: Simulation tolerance relaxed to achieve convergence from 9.9038483030557643e-04 to 9.9038483030557752e-04 seconds.
Warning: Simulation tolerance relaxed to achieve convergence from 9.9038483046013921e-04 to 9.9038483046014029e-04 seconds.
Warning: Simulation tolerance relaxed to achieve convergence from 9.9038483046014029e-04 to 9.9038483046014138e-04 seconds.
Warning: Simulation tolerance relaxed to achieve convergence from 9.9038483046020340e-04 to 9.9038483046020448e-04 seconds.
Warning: Simulation tolerance relaxed to achieve convergence from 9.9038485070178568e-04 to 9.9038485070178676e-04 seconds.
Warning: Simulation tolerance relaxed to achieve convergence from 9.9038486226655348e-04 to 9.9038486226655457e-04 seconds.
Warning: Simulation tolerance relaxed to achieve convergence from 9.9038486226656346e-04 to 9.9038486226656454e-04 seconds.
Warning: Simulation tolerance relaxed to achieve convergence from 9.9038486226657842e-04 to 9.9038486226657950e-04 seconds.
Warning: Simulation tolerance relaxed to achieve convergence from 9.9038486253729568e-04 to 9.9038486253729676e-04 seconds.
Warning: Simulation tolerance relaxed to achieve convergence from 9.9038486282774043e-04 to 9.9038486282774152e-04 seconds.
Warning: Simulation tolerance relaxed to achieve convergence from 9.9038486479377627e-04 to 9.9038486479377736e-04 seconds.
Warning: Simulation tolerance relaxed to achieve convergence from 9.9038486490244282e-04 to 9.9038486490244390e-04 seconds.
Warning: Simulation tolerance relaxed to achieve convergence from 9.9038486506493871e-04 to 9.9038486506493979e-04 seconds.
Warning: Simulation tolerance relaxed to achieve convergence from 9.9038486506495562e-04 to 9.9038486506495670e-04 seconds.
Warning: Simulation tolerance relaxed to achieve convergence from 9.9038486603612841e-04 to 9.9038486603612950e-04 seconds.
Warning: Simulation tolerance relaxed to achieve convergence from 9.9038486603614338e-04 to 9.9038486603614446e-04 seconds.
Warning: Simulation tolerance relaxed to achieve convergence from 9.9038487527398694e-04 to 9.9038487527398802e-04 seconds.
Warning: Simulation tolerance relaxed to achieve convergence from 9.9038487727091278e-04 to 9.9038487727091387e-04 seconds.
Warning: Simulation tolerance relaxed to achieve convergence from 9.9038487727091387e-04 to 9.9038487727091495e-04 seconds.
Warning: Simulation tolerance relaxed to achieve convergence from 9.9038487727091495e-04 to 9.9038487727091604e-04 seconds.
Warning: Simulation tolerance relaxed to achieve convergence from 9.9038487727091604e-04 to 9.9038487727091712e-04 seconds.
Warning: Simulation tolerance relaxed to achieve convergence from 9.9038487727091712e-04 to 9.9038487727091820e-04 seconds.
Warning: Simulation tolerance relaxed to achieve convergence from 9.9038487727099367e-04 to 9.9038487727099475e-04 seconds.
Warning: Simulation tolerance relaxed to achieve convergence from 9.9038487788146693e-04 to 9.9038487788146801e-04 seconds.
Warning: Simulation tolerance relaxed to achieve convergence from 9.9038487788147386e-04 to 9.9038487788147495e-04 seconds.
Warning: Simulation tolerance relaxed to achieve convergence from 9.9788380635086626e-04 to 9.9788380635086734e-04 seconds.
Warning: Simulation tolerance relaxed to achieve convergence from 9.9788380635088534e-04 to 9.9788380635088643e-04 seconds.
Warning: Simulation tolerance relaxed to achieve convergence from 9.9788380635089055e-04 to 9.9788380635089163e-04 seconds.
Warning: Simulation tolerance relaxed to achieve convergence from 9.9788380903468991e-04 to 9.9788380903469099e-04 seconds.
Warning: Simulation tolerance relaxed to achieve convergence from 9.9788380903469815e-04 to 9.9788380903469923e-04 seconds.
Warning: Simulation tolerance relaxed to achieve convergence from 9.9788381622816381e-04 to 9.9788381622816489e-04 seconds.
Warning: Simulation tolerance relaxed to achieve convergence from 9.9788381622836655e-04 to 9.9788381622836764e-04 seconds.
Warning: Simulation tolerance relaxed to achieve convergence from 9.9788381622840255e-04 to 9.9788381622840363e-04 seconds.
Warning: Simulation tolerance relaxed to achieve convergence from 9.9788381622843746e-04 to 9.9788381622843854e-04 seconds.
Warning: Simulation tolerance relaxed to achieve convergence from 9.9788381622843854e-04 to 9.9788381622843963e-04 seconds.
Warning: Simulation tolerance relaxed to achieve convergence from 9.9788381622843963e-04 to 9.9788381622844071e-04 seconds.
Warning: Simulation tolerance relaxed to achieve convergence from 9.9788381622844071e-04 to 9.9788381622844180e-04 seconds.
Warning: Simulation tolerance relaxed to achieve convergence from 9.9788381622849861e-04 to 9.9788381622849969e-04 seconds.
Warning: Simulation tolerance relaxed to achieve convergence from 9.9788381622857472e-04 to 9.9788381622857580e-04 seconds.
Warning: Simulation tolerance relaxed to achieve convergence from 9.9788381622864281e-04 to 9.9788381622864389e-04 seconds.
Warning: Simulation tolerance relaxed to achieve convergence from 9.9788381729565647e-04 to 9.9788381729565756e-04 seconds.
Warning: Simulation tolerance relaxed to achieve convergence from 9.9788387093861916e-04 to 9.9788387093862024e-04 seconds.
Warning: Simulation tolerance relaxed to achieve convergence from 9.9788387132837618e-04 to 9.9788387132837726e-04 seconds.
Warning: Simulation tolerance relaxed to achieve convergence from 9.9788387133735814e-04 to 9.9788387133735923e-04 seconds.
Warning: Simulation tolerance relaxed to achieve convergence from 9.9788387133741105e-04 to 9.9788387133741214e-04 seconds.
Warning: Simulation tolerance relaxed to achieve convergence from 9.9788387133742905e-04 to 9.9788387133743013e-04 seconds.
Warning: Simulation tolerance relaxed to achieve convergence from 9.9788387133745095e-04 to 9.9788387133745203e-04 seconds.
Warning: Simulation tolerance relaxed to achieve convergence from 9.9788387133745203e-04 to 9.9788387133745312e-04 seconds.
Warning: Simulation tolerance relaxed to achieve convergence from 9.9788387133745897e-04 to 9.9788387133746006e-04 seconds.
Warning: Simulation tolerance relaxed to achieve convergence from 9.9788387134981909e-04 to 9.9788387134982018e-04 seconds.
Warning: Simulation tolerance relaxed to achieve convergence from 9.9788387135915928e-04 to 9.9788387135916036e-04 seconds.
Warning: Simulation tolerance relaxed to achieve convergence from 9.9788387135916231e-04 to 9.9788387135916340e-04 seconds.
Warning: Simulation tolerance relaxed to achieve convergence from 9.9788387135925751e-04 to 9.9788387135925859e-04 seconds.
Warning: Simulation tolerance relaxed to achieve convergence from 9.9788387135933579e-04 to 9.9788387135933687e-04 seconds.
Warning: Simulation tolerance relaxed to achieve convergence from 9.9788387135934099e-04 to 9.9788387135934208e-04 seconds.
Warning: Simulation tolerance relaxed to achieve convergence from 9.9788387135979007e-04 to 9.9788387135979115e-04 seconds.
Warning: Simulation tolerance relaxed to achieve convergence from 9.9788387135992516e-04 to 9.9788387135992624e-04 seconds.
Warning: Simulation tolerance relaxed to achieve convergence from 9.9788387869584154e-04 to 9.9788387869584262e-04 seconds.
Warning: Simulation tolerance relaxed to achieve convergence from 9.9788387869584956e-04 to 9.9788387869585065e-04 seconds.
Warning: Simulation tolerance relaxed to achieve convergence from 1.0011792254036921e-03 to 1.0011792254037020e-03 seconds.
Warning: Simulation tolerance relaxed to achieve convergence from 1.0054013826859866e-03 to 1.0054013826859966e-03 seconds.
Warning: Simulation tolerance relaxed to achieve convergence from 1.0161296279900956e-03 to 1.0161296279901056e-03 seconds.
Warning: Simulation tolerance relaxed to achieve convergence from 1.0161296279933853e-03 to 1.0161296279933953e-03 seconds.
Warning: Simulation tolerance relaxed to achieve convergence from 1.0203371979857225e-03 to 1.0203371979857325e-03 seconds.
Warning: Simulation tolerance relaxed to achieve convergence from 1.0203372020933560e-03 to 1.0203372020933660e-03 seconds.
Warning: Simulation tolerance relaxed to achieve convergence from 1.0203372020935056e-03 to 1.0203372020935156e-03 seconds.
Warning: Simulation tolerance relaxed to achieve convergence from 1.0203372026173622e-03 to 1.0203372026173722e-03 seconds.
Warning: Simulation tolerance relaxed to achieve convergence from 1.0278476818952852e-03 to 1.0278476818952951e-03 seconds.
Warning: Simulation tolerance relaxed to achieve convergence from 1.0353349988771630e-03 to 1.0353349988771730e-03 seconds.
Warning: Simulation tolerance relaxed to achieve convergence from 1.0353349988772328e-03 to 1.0353349988772428e-03 seconds.
Warning: Simulation tolerance relaxed to achieve convergence from 1.0428231597535754e-03 to 1.0428231597535854e-03 seconds.
Warning: Simulation tolerance relaxed to achieve convergence from 1.0428231642403319e-03 to 1.0428231642403418e-03 seconds.
Warning: Simulation tolerance relaxed to achieve convergence from 1.0428231642405016e-03 to 1.0428231642405116e-03 seconds.
Warning: Simulation tolerance relaxed to achieve convergence from 1.0503718371883493e-03 to 1.0503718371883592e-03 seconds.
Warning: Simulation tolerance relaxed to achieve convergence from 1.0503718371883592e-03 to 1.0503718371883692e-03 seconds.
Warning: Simulation tolerance relaxed to achieve convergence from 1.0653880768129364e-03 to 1.0653880768129464e-03 seconds.
Warning: Simulation tolerance relaxed to achieve convergence from 1.0653880768865121e-03 to 1.0653880768865221e-03 seconds.
Warning: Simulation tolerance relaxed to achieve convergence from 1.0728282380043509e-03 to 1.0728282380043609e-03 seconds.
Warning: Simulation tolerance relaxed to achieve convergence from 1.0728284538721164e-03 to 1.0728284538721264e-03 seconds.
Warning: Simulation tolerance relaxed to achieve convergence from 1.0728291176182350e-03 to 1.0728291176182450e-03 seconds.
Warning: Simulation tolerance relaxed to achieve convergence from 1.0803716505469109e-03 to 1.0803716505469209e-03 seconds.
Warning: Simulation tolerance relaxed to achieve convergence from 1.0953689122946214e-03 to 1.0953689122946313e-03 seconds.
Warning: Simulation tolerance relaxed to achieve convergence from 1.0953689122946812e-03 to 1.0953689122946912e-03 seconds.
Warning: Simulation tolerance relaxed to achieve convergence from 1.0953689122947011e-03 to 1.0953689122947111e-03 seconds.
Warning: Simulation tolerance relaxed to achieve convergence from 1.0953689122947311e-03 to 1.0953689122947410e-03 seconds.
Warning: Simulation tolerance relaxed to achieve convergence from 1.0953689122947710e-03 to 1.0953689122947809e-03 seconds.
Warning: Simulation tolerance relaxed to achieve convergence from 1.0953689122948009e-03 to 1.0953689122948109e-03 seconds.
Warning: Simulation tolerance relaxed to achieve convergence from 1.0953689122948707e-03 to 1.0953689122948807e-03 seconds.
Warning: Simulation tolerance relaxed to achieve convergence from 1.0953689122949006e-03 to 1.0953689122949106e-03 seconds.
Warning: Simulation tolerance relaxed to achieve convergence from 1.0953689122949306e-03 to 1.0953689122949405e-03 seconds.
Warning: Simulation tolerance relaxed to achieve convergence from 1.0953689122949405e-03 to 1.0953689122949505e-03 seconds.
Warning: Simulation tolerance relaxed to achieve convergence from 1.0953689122949605e-03 to 1.0953689122949705e-03 seconds.
Warning: Simulation tolerance relaxed to achieve convergence from 1.0953689122949705e-03 to 1.0953689122949804e-03 seconds.
Warning: Simulation tolerance relaxed to achieve convergence from 1.0953689122949904e-03 to 1.0953689122950004e-03 seconds.
Warning: Simulation tolerance relaxed to achieve convergence from 1.0953689122950004e-03 to 1.0953689122950104e-03 seconds.
Warning: Simulation tolerance relaxed to achieve convergence from 1.1028619039215389e-03 to 1.1028619039215488e-03 seconds.
Warning: Simulation tolerance relaxed to achieve convergence from 1.1028619039215488e-03 to 1.1028619039215588e-03 seconds.
Warning: Simulation tolerance relaxed to achieve convergence from 1.1103814760168771e-03 to 1.1103814760168871e-03 seconds.
Warning: Simulation tolerance relaxed to achieve convergence from 1.1103814760169170e-03 to 1.1103814760169270e-03 seconds.
Warning: Simulation tolerance relaxed to achieve convergence from 1.1103814833791493e-03 to 1.1103814833791593e-03 seconds.
Warning: Simulation tolerance relaxed to achieve convergence from 1.1328657205046859e-03 to 1.1328657205046959e-03 seconds.
Warning: Simulation tolerance relaxed to achieve convergence from 1.1403282505524262e-03 to 1.1403282505524361e-03 seconds.
Warning: Simulation tolerance relaxed to achieve convergence from 1.1403282505524361e-03 to 1.1403282505524461e-03 seconds.
Warning: Simulation tolerance relaxed to achieve convergence from 1.1478621050571328e-03 to 1.1478621050571428e-03 seconds.
Warning: Simulation tolerance relaxed to achieve convergence from 1.1478621051311387e-03 to 1.1478621051311487e-03 seconds.
Warning: Simulation tolerance relaxed to achieve convergence from 1.1553612369572862e-03 to 1.1553612369572962e-03 seconds.
Warning: Simulation tolerance relaxed to achieve convergence from 1.1553612370319825e-03 to 1.1553612370319925e-03 seconds.
Warning: Simulation tolerance relaxed to achieve convergence from 1.1553612370320025e-03 to 1.1553612370320124e-03 seconds.
Warning: Simulation tolerance relaxed to achieve convergence from 1.1553612396843973e-03 to 1.1553612396844072e-03 seconds.
Warning: Simulation tolerance relaxed to achieve convergence from 1.1553612416167385e-03 to 1.1553612416167485e-03 seconds.
Warning: Simulation tolerance relaxed to achieve convergence from 1.1703185052143413e-03 to 1.1703185052143513e-03 seconds.
Warning: Simulation tolerance relaxed to achieve convergence from 1.1703185056481287e-03 to 1.1703185056481386e-03 seconds.
Warning: Simulation tolerance relaxed to achieve convergence from 1.1778877967737245e-03 to 1.1778877967737345e-03 seconds.
Warning: Simulation tolerance relaxed to achieve convergence from 1.1778881896182590e-03 to 1.1778881896182690e-03 seconds.
Warning: Simulation tolerance relaxed to achieve convergence from 1.1778881896209786e-03 to 1.1778881896209886e-03 seconds.
Warning: Simulation tolerance relaxed to achieve convergence from 1.1778881896217480e-03 to 1.1778881896217579e-03 seconds.
Warning: Simulation tolerance relaxed to achieve convergence from 1.1853228284811725e-03 to 1.1853228284811825e-03 seconds.
Warning: Simulation tolerance relaxed to achieve convergence from 1.1853228286352749e-03 to 1.1853228286352849e-03 seconds.
Warning: Simulation tolerance relaxed to achieve convergence from 1.1853228286353647e-03 to 1.1853228286353747e-03 seconds.
Warning: Simulation tolerance relaxed to achieve convergence from 1.1853228289002975e-03 to 1.1853228289003075e-03 seconds.
Warning: Simulation tolerance relaxed to achieve convergence from 1.1853235029655725e-03 to 1.1853235029655824e-03 seconds.
Warning: Simulation tolerance relaxed to achieve convergence from 1.1853235488161293e-03 to 1.1853235488161393e-03 seconds.
Warning: Simulation tolerance relaxed to achieve convergence from 1.1928904954446329e-03 to 1.1928904954446428e-03 seconds.
Warning: Simulation tolerance relaxed to achieve convergence from 1.2078310026244403e-03 to 1.2078310026244503e-03 seconds.
Warning: Simulation tolerance relaxed to achieve convergence from 1.2153560056252289e-03 to 1.2153560056252389e-03 seconds.
Warning: Simulation tolerance relaxed to achieve convergence from 1.2153566022509905e-03 to 1.2153566022510005e-03 seconds.
Warning: Simulation tolerance relaxed to achieve convergence from 1.2303563573455448e-03 to 1.2303563573455548e-03 seconds.
Warning: Simulation tolerance relaxed to achieve convergence from 1.2378856661964769e-03 to 1.2378856661964868e-03 seconds.
Warning: Simulation tolerance relaxed to achieve convergence from 1.2378856661965168e-03 to 1.2378856661965267e-03 seconds.
Warning: Simulation tolerance relaxed to achieve convergence from 1.2453184923943228e-03 to 1.2453184923943328e-03 seconds.
Warning: Simulation tolerance relaxed to achieve convergence from 1.2453184923943328e-03 to 1.2453184923943428e-03 seconds.
Warning: Simulation tolerance relaxed to achieve convergence from 1.2453187003703893e-03 to 1.2453187003703993e-03 seconds.
Warning: Simulation tolerance relaxed to achieve convergence from 1.2453187058272727e-03 to 1.2453187058272827e-03 seconds.
Warning: Simulation tolerance relaxed to achieve convergence from 1.2603270037461138e-03 to 1.2603270037461237e-03 seconds.
Warning: Simulation tolerance relaxed to achieve convergence from 1.2603270040361751e-03 to 1.2603270040361851e-03 seconds.
Warning: Simulation tolerance relaxed to achieve convergence from 1.2603274670935285e-03 to 1.2603274670935384e-03 seconds.
Warning: Simulation tolerance relaxed to achieve convergence from 1.2603274692226864e-03 to 1.2603274692226964e-03 seconds.
Warning: Simulation tolerance relaxed to achieve convergence from 1.2786406686367995e-03 to 1.2786406686368095e-03 seconds.
Warning: Simulation tolerance relaxed to achieve convergence from 1.2828266677068505e-03 to 1.2828266677068604e-03 seconds.
Warning: Simulation tolerance relaxed to achieve convergence from 1.2903839001987005e-03 to 1.2903839001987105e-03 seconds.
Warning: Simulation tolerance relaxed to achieve convergence from 1.2903839003133395e-03 to 1.2903839003133495e-03 seconds.
Warning: Simulation tolerance relaxed to achieve convergence from 1.2903840766414062e-03 to 1.2903840766414162e-03 seconds.
Warning: Simulation tolerance relaxed to achieve convergence from 1.2903846186801714e-03 to 1.2903846186801814e-03 seconds.
Warning: Simulation tolerance relaxed to achieve convergence from 1.2903846186813907e-03 to 1.2903846186814007e-03 seconds.
Warning: Simulation tolerance relaxed to achieve convergence from 1.2903846187087920e-03 to 1.2903846187088020e-03 seconds.
Warning: Simulation tolerance relaxed to achieve convergence from 1.2903846286195207e-03 to 1.2903846286195307e-03 seconds.
Warning: Simulation tolerance relaxed to achieve convergence from 1.2903846286337615e-03 to 1.2903846286337714e-03 seconds.
Warning: Simulation tolerance relaxed to achieve convergence from 1.2936336105009757e-03 to 1.2936336105009857e-03 seconds.
Warning: Simulation tolerance relaxed to achieve convergence from 1.3011510408628892e-03 to 1.3011510408628992e-03 seconds.
Warning: Simulation tolerance relaxed to achieve convergence from 1.3011513091316267e-03 to 1.3011513091316367e-03 seconds.
Warning: Simulation tolerance relaxed to achieve convergence from 1.3011513091335067e-03 to 1.3011513091335167e-03 seconds.
Warning: Simulation tolerance relaxed to achieve convergence from 1.3128279776510744e-03 to 1.3128279776510844e-03 seconds.
Warning: Simulation tolerance relaxed to achieve convergence from 1.3128282092950160e-03 to 1.3128282092950260e-03 seconds.
Warning: Simulation tolerance relaxed to achieve convergence from 1.3128282299824396e-03 to 1.3128282299824496e-03 seconds.
Warning: Simulation tolerance relaxed to achieve convergence from 1.3128283449291361e-03 to 1.3128283449291461e-03 seconds.
Warning: Simulation tolerance relaxed to achieve convergence from 1.3128289221661120e-03 to 1.3128289221661219e-03 seconds.
Warning: Simulation tolerance relaxed to achieve convergence from 1.3203528114669389e-03 to 1.3203528114669489e-03 seconds.
Warning: Simulation tolerance relaxed to achieve convergence from 1.3203528115087607e-03 to 1.3203528115087707e-03 seconds.
Warning: Simulation tolerance relaxed to achieve convergence from 1.3203528115151009e-03 to 1.3203528115151109e-03 seconds.
Warning: Simulation tolerance relaxed to achieve convergence from 1.3203528115151109e-03 to 1.3203528115151208e-03 seconds.
Warning: Simulation tolerance relaxed to achieve convergence from 1.3203528119895432e-03 to 1.3203528119895532e-03 seconds.
Warning: Simulation tolerance relaxed to achieve convergence from 1.3203528119896130e-03 to 1.3203528119896230e-03 seconds.
Warning: Simulation tolerance relaxed to achieve convergence from 1.3203528121590166e-03 to 1.3203528121590266e-03 seconds.
Warning: Simulation tolerance relaxed to achieve convergence from 1.3278869999493732e-03 to 1.3278869999493832e-03 seconds.
Warning: Simulation tolerance relaxed to achieve convergence from 1.3278869999493932e-03 to 1.3278869999494031e-03 seconds.
Warning: Simulation tolerance relaxed to achieve convergence from 1.3278869999495829e-03 to 1.3278869999495929e-03 seconds.
Warning: Simulation tolerance relaxed to achieve convergence from 1.3278869999496228e-03 to 1.3278869999496328e-03 seconds.
Warning: Simulation tolerance relaxed to achieve convergence from 1.3278869999496727e-03 to 1.3278869999496826e-03 seconds.
Warning: Simulation tolerance relaxed to achieve convergence from 1.3278884001579486e-03 to 1.3278884001579586e-03 seconds.
Warning: Simulation tolerance relaxed to achieve convergence from 1.3503809567975585e-03 to 1.3503809567975685e-03 seconds.
Warning: Simulation tolerance relaxed to achieve convergence from 1.3653834072325714e-03 to 1.3653834072325814e-03 seconds.
Warning: Simulation tolerance relaxed to achieve convergence from 1.3653834072331803e-03 to 1.3653834072331903e-03 seconds.
Warning: Simulation tolerance relaxed to achieve convergence from 1.3653834072334099e-03 to 1.3653834072334199e-03 seconds.
Warning: Simulation tolerance relaxed to achieve convergence from 1.3653834073265273e-03 to 1.3653834073265373e-03 seconds.
Warning: Simulation tolerance relaxed to achieve convergence from 1.3728250591024168e-03 to 1.3728250591024268e-03 seconds.
Warning: Simulation tolerance relaxed to achieve convergence from 1.3728250591030966e-03 to 1.3728250591031066e-03 seconds.
Warning: Simulation tolerance relaxed to achieve convergence from 1.3728250591035955e-03 to 1.3728250591036055e-03 seconds.
Warning: Simulation tolerance relaxed to achieve convergence from 1.3728250591037452e-03 to 1.3728250591037551e-03 seconds.
Warning: Simulation tolerance relaxed to achieve convergence from 1.3728255328028119e-03 to 1.3728255328028219e-03 seconds.
Warning: Simulation tolerance relaxed to achieve convergence from 1.3836774153191764e-03 to 1.3836774153191864e-03 seconds.
Warning: Simulation tolerance relaxed to achieve convergence from 1.4028655881067192e-03 to 1.4028655881067292e-03 seconds.
Warning: Simulation tolerance relaxed to achieve convergence from 1.4028655933840115e-03 to 1.4028655933840215e-03 seconds.
Warning: Simulation tolerance relaxed to achieve convergence from 1.4028655933841212e-03 to 1.4028655933841312e-03 seconds.
Warning: Simulation tolerance relaxed to achieve convergence from 1.4028655984451169e-03 to 1.4028655984451269e-03 seconds.
Warning: Simulation tolerance relaxed to achieve convergence from 1.4028655984539367e-03 to 1.4028655984539467e-03 seconds.
Warning: Simulation tolerance relaxed to achieve convergence from 1.4253639881133611e-03 to 1.4253639881133711e-03 seconds.
Warning: Simulation tolerance relaxed to achieve convergence from 1.4253647950189042e-03 to 1.4253647950189141e-03 seconds.
Warning: Simulation tolerance relaxed to achieve convergence from 1.4328220727625838e-03 to 1.4328220727625937e-03 seconds.
Warning: Simulation tolerance relaxed to achieve convergence from 1.4328220727627633e-03 to 1.4328220727627733e-03 seconds.
Warning: Simulation tolerance relaxed to achieve convergence from 1.4328225232038705e-03 to 1.4328225232038804e-03 seconds.
Warning: Simulation tolerance relaxed to achieve convergence from 1.4328225236885138e-03 to 1.4328225236885238e-03 seconds.
Warning: Simulation tolerance relaxed to achieve convergence from 1.4403419012073598e-03 to 1.4403419012073697e-03 seconds.
Warning: Simulation tolerance relaxed to achieve convergence from 1.4403419145325395e-03 to 1.4403419145325494e-03 seconds.
Warning: Simulation tolerance relaxed to achieve convergence from 1.4403419145331490e-03 to 1.4403419145331590e-03 seconds.
Warning: Simulation tolerance relaxed to achieve convergence from 1.4403419145331789e-03 to 1.4403419145331889e-03 seconds.
Warning: Simulation tolerance relaxed to achieve convergence from 1.4403419145331889e-03 to 1.4403419145331989e-03 seconds.
Warning: Simulation tolerance relaxed to achieve convergence from 1.4403419145331989e-03 to 1.4403419145332089e-03 seconds.
Warning: Simulation tolerance relaxed to achieve convergence from 1.4403419145332089e-03 to 1.4403419145332188e-03 seconds.
Warning: Simulation tolerance relaxed to achieve convergence from 1.4403419145333485e-03 to 1.4403419145333585e-03 seconds.
Warning: Simulation tolerance relaxed to achieve convergence from 1.4403419145333585e-03 to 1.4403419145333685e-03 seconds.
Warning: Simulation tolerance relaxed to achieve convergence from 1.4403419145333685e-03 to 1.4403419145333784e-03 seconds.
Warning: Simulation tolerance relaxed to achieve convergence from 1.4403419145334483e-03 to 1.4403419145334582e-03 seconds.
Warning: Simulation tolerance relaxed to achieve convergence from 1.4403419145334582e-03 to 1.4403419145334682e-03 seconds.
Warning: Simulation tolerance relaxed to achieve convergence from 1.4403419145334682e-03 to 1.4403419145334782e-03 seconds.
Warning: Simulation tolerance relaxed to achieve convergence from 1.4403419145334782e-03 to 1.4403419145334881e-03 seconds.
Warning: Simulation tolerance relaxed to achieve convergence from 1.4403419145334881e-03 to 1.4403419145334981e-03 seconds.
Warning: Simulation tolerance relaxed to achieve convergence from 1.4403419145334981e-03 to 1.4403419145335081e-03 seconds.
Warning: Simulation tolerance relaxed to achieve convergence from 1.4403419145335181e-03 to 1.4403419145335280e-03 seconds.
Warning: Simulation tolerance relaxed to achieve convergence from 1.4403419145335879e-03 to 1.4403419145335979e-03 seconds.
Warning: Simulation tolerance relaxed to achieve convergence from 1.4403419159470631e-03 to 1.4403419159470731e-03 seconds.
Warning: Simulation tolerance relaxed to achieve convergence from 1.4403419159472227e-03 to 1.4403419159472327e-03 seconds.
Warning: Simulation tolerance relaxed to achieve convergence from 1.4403419159472926e-03 to 1.4403419159473025e-03 seconds.
Warning: Simulation tolerance relaxed to achieve convergence from 1.4403419159474424e-03 to 1.4403419159474524e-03 seconds.
Warning: Simulation tolerance relaxed to achieve convergence from 1.4403419709099017e-03 to 1.4403419709099116e-03 seconds.
Warning: Simulation tolerance relaxed to achieve convergence from 1.4403419718691966e-03 to 1.4403419718692066e-03 seconds.
Warning: Simulation tolerance relaxed to achieve convergence from 1.4403419718724965e-03 to 1.4403419718725064e-03 seconds.
Warning: Simulation tolerance relaxed to achieve convergence from 1.4553234121445669e-03 to 1.4553234121445768e-03 seconds.
Warning: Simulation tolerance relaxed to achieve convergence from 1.4586000021898948e-03 to 1.4586000021899047e-03 seconds.
Warning: Simulation tolerance relaxed to achieve convergence from 1.4628089201192732e-03 to 1.4628089201192832e-03 seconds.
Warning: Simulation tolerance relaxed to achieve convergence from 1.4628089405598239e-03 to 1.4628089405598339e-03 seconds.
Warning: Simulation tolerance relaxed to achieve convergence from 1.4628089405605133e-03 to 1.4628089405605232e-03 seconds.
Warning: Simulation tolerance relaxed to achieve convergence from 1.4628092525078515e-03 to 1.4628092525078614e-03 seconds.
Warning: Simulation tolerance relaxed to achieve convergence from 1.4628092539931200e-03 to 1.4628092539931299e-03 seconds.
Warning: Simulation tolerance relaxed to achieve convergence from 1.4703242976698491e-03 to 1.4703242976698591e-03 seconds.
Warning: Simulation tolerance relaxed to achieve convergence from 1.4853318459893260e-03 to 1.4853318459893360e-03 seconds.
Warning: Simulation tolerance relaxed to achieve convergence from 1.4853318459920456e-03 to 1.4853318459920556e-03 seconds.
Warning: Simulation tolerance relaxed to achieve convergence from 1.4853318495986142e-03 to 1.4853318495986242e-03 seconds.
Warning: Simulation tolerance relaxed to achieve convergence from 1.4928286231517898e-03 to 1.4928286231517998e-03 seconds.
Warning: Simulation tolerance relaxed to achieve convergence from 1.4928286231518796e-03 to 1.4928286231518895e-03 seconds.
Warning: Simulation tolerance relaxed to achieve convergence from 1.4928286231628602e-03 to 1.4928286231628701e-03 seconds.
Warning: Simulation tolerance relaxed to achieve convergence from 1.4961592437873353e-03 to 1.4961592437873453e-03 seconds.
Warning: Simulation tolerance relaxed to achieve convergence from 1.4961592439515694e-03 to 1.4961592439515794e-03 seconds.
Warning: Simulation tolerance relaxed to achieve convergence from 1.4961592439515993e-03 to 1.4961592439516093e-03 seconds.
Warning: Simulation tolerance relaxed to achieve convergence from 1.5003330455657627e-03 to 1.5003330455657727e-03 seconds.
Warning: Simulation tolerance relaxed to achieve convergence from 1.5003330455658625e-03 to 1.5003330455658724e-03 seconds.
Warning: Simulation tolerance relaxed to achieve convergence from 1.5003330455658924e-03 to 1.5003330455659024e-03 seconds.
Warning: Simulation tolerance relaxed to achieve convergence from 1.5003330455659024e-03 to 1.5003330455659123e-03 seconds.
Warning: Simulation tolerance relaxed to achieve convergence from 1.5003330455659423e-03 to 1.5003330455659522e-03 seconds.
Warning: Simulation tolerance relaxed to achieve convergence from 1.5003330455659522e-03 to 1.5003330455659622e-03 seconds.
Warning: Simulation tolerance relaxed to achieve convergence from 1.5003330508878534e-03 to 1.5003330508878633e-03 seconds.
Warning: Simulation tolerance relaxed to achieve convergence from 1.5411341142777455e-03 to 1.5411341142777554e-03 seconds.
Warning: Simulation tolerance relaxed to achieve convergence from 1.5486589534940420e-03 to 1.5486589534940520e-03 seconds.
Warning: Simulation tolerance relaxed to achieve convergence from 1.5528198387657634e-03 to 1.5528198387657734e-03 seconds.
Warning: Simulation tolerance relaxed to achieve convergence from 1.5528198387675526e-03 to 1.5528198387675626e-03 seconds.
Warning: Simulation tolerance relaxed to achieve convergence from 1.5528198387675925e-03 to 1.5528198387676025e-03 seconds.
Warning: Simulation tolerance relaxed to achieve convergence from 1.5603353406903654e-03 to 1.5603353406903754e-03 seconds.
Warning: Simulation tolerance relaxed to achieve convergence from 1.5603360746804847e-03 to 1.5603360746804947e-03 seconds.
Warning: Simulation tolerance relaxed to achieve convergence from 1.5603360746805147e-03 to 1.5603360746805246e-03 seconds.
Warning: Simulation tolerance relaxed to achieve convergence from 1.5603360746805546e-03 to 1.5603360746805645e-03 seconds.
Warning: Simulation tolerance relaxed to achieve convergence from 1.5603360746807842e-03 to 1.5603360746807942e-03 seconds.
Warning: Simulation tolerance relaxed to achieve convergence from 1.5753541062327688e-03 to 1.5753541062327788e-03 seconds.
Warning: Simulation tolerance relaxed to achieve convergence from 1.5753553429158976e-03 to 1.5753553429159075e-03 seconds.
Warning: Simulation tolerance relaxed to achieve convergence from 1.5753553429192269e-03 to 1.5753553429192369e-03 seconds.
Warning: Simulation tolerance relaxed to achieve convergence from 1.5753557969211795e-03 to 1.5753557969211895e-03 seconds.
Warning: Simulation tolerance relaxed to achieve convergence from 1.5753559278184803e-03 to 1.5753559278184903e-03 seconds.
Warning: Simulation tolerance relaxed to achieve convergence from 1.5753559278201801e-03 to 1.5753559278201901e-03 seconds.
Warning: Simulation tolerance relaxed to achieve convergence from 1.5753562018055605e-03 to 1.5753562018055705e-03 seconds.
Warning: Simulation tolerance relaxed to achieve convergence from 1.5753562018055705e-03 to 1.5753562018055805e-03 seconds.
Warning: Simulation tolerance relaxed to achieve convergence from 1.5753562018055904e-03 to 1.5753562018056004e-03 seconds.
Warning: Simulation tolerance relaxed to achieve convergence from 1.5753562019812659e-03 to 1.5753562019812759e-03 seconds.
Warning: Simulation tolerance relaxed to achieve convergence from 1.5753562019812759e-03 to 1.5753562019812858e-03 seconds.
Warning: Simulation tolerance relaxed to achieve convergence from 1.5753562019818754e-03 to 1.5753562019818854e-03 seconds.
Warning: Simulation tolerance relaxed to achieve convergence from 1.5753562861236376e-03 to 1.5753562861236475e-03 seconds.
Warning: Simulation tolerance relaxed to achieve convergence from 1.5861403375933619e-03 to 1.5861403375933719e-03 seconds.
Warning: Simulation tolerance relaxed to achieve convergence from 1.5903835409520183e-03 to 1.5903835409520283e-03 seconds.
Warning: Simulation tolerance relaxed to achieve convergence from 1.5978555216309362e-03 to 1.5978555216309461e-03 seconds.
Warning: Simulation tolerance relaxed to achieve convergence from 1.5978555216309461e-03 to 1.5978555216309561e-03 seconds.
Warning: Simulation tolerance relaxed to achieve convergence from 1.5978555216309561e-03 to 1.5978555216309661e-03 seconds.
Warning: Simulation tolerance relaxed to achieve convergence from 1.6053895004566740e-03 to 1.6053895004566839e-03 seconds.
Warning: Simulation tolerance relaxed to achieve convergence from 1.6053895004568934e-03 to 1.6053895004569034e-03 seconds.
Warning: Simulation tolerance relaxed to achieve convergence from 1.6053895004570430e-03 to 1.6053895004570530e-03 seconds.
Warning: Simulation tolerance relaxed to achieve convergence from 1.6053895004570530e-03 to 1.6053895004570630e-03 seconds.
Warning: Simulation tolerance relaxed to achieve convergence from 1.6053895027231119e-03 to 1.6053895027231218e-03 seconds.
Warning: Simulation tolerance relaxed to achieve convergence from 1.6203200571003385e-03 to 1.6203200571003485e-03 seconds.
Warning: Simulation tolerance relaxed to achieve convergence from 1.6203200696119260e-03 to 1.6203200696119360e-03 seconds.
Warning: Simulation tolerance relaxed to achieve convergence from 1.6203200718912874e-03 to 1.6203200718912973e-03 seconds.
Warning: Simulation tolerance relaxed to achieve convergence from 1.6203200771042294e-03 to 1.6203200771042394e-03 seconds.
Warning: Simulation tolerance relaxed to achieve convergence from 1.6203200771245309e-03 to 1.6203200771245409e-03 seconds.
Warning: Simulation tolerance relaxed to achieve convergence from 1.6278482471685622e-03 to 1.6278482471685722e-03 seconds.
Warning: Simulation tolerance relaxed to achieve convergence from 1.6278499614051972e-03 to 1.6278499614052072e-03 seconds.
Warning: Simulation tolerance relaxed to achieve convergence from 1.6278500123298040e-03 to 1.6278500123298139e-03 seconds.
Warning: Simulation tolerance relaxed to achieve convergence from 1.6278500123298738e-03 to 1.6278500123298838e-03 seconds.
Warning: Simulation tolerance relaxed to achieve convergence from 1.6428070919337035e-03 to 1.6428070919337135e-03 seconds.
Warning: Simulation tolerance relaxed to achieve convergence from 1.6503563237785809e-03 to 1.6503563237785909e-03 seconds.
Warning: Simulation tolerance relaxed to achieve convergence from 1.6503563237958319e-03 to 1.6503563237958419e-03 seconds.
Warning: Simulation tolerance relaxed to achieve convergence from 1.6578259986506244e-03 to 1.6578259986506343e-03 seconds.
Warning: Simulation tolerance relaxed to achieve convergence from 1.6578259986623947e-03 to 1.6578259986624046e-03 seconds.
Warning: Simulation tolerance relaxed to achieve convergence from 1.6578259988533114e-03 to 1.6578259988533214e-03 seconds.
Warning: Simulation tolerance relaxed to achieve convergence from 1.6578262011225956e-03 to 1.6578262011226056e-03 seconds.
Warning: Simulation tolerance relaxed to achieve convergence from 1.6578263106955646e-03 to 1.6578263106955746e-03 seconds.
Warning: Simulation tolerance relaxed to achieve convergence from 1.6578263888843829e-03 to 1.6578263888843928e-03 seconds.
Warning: Simulation tolerance relaxed to achieve convergence from 1.6878549833006492e-03 to 1.6878549833006591e-03 seconds.
Warning: Simulation tolerance relaxed to achieve convergence from 1.6878553706419334e-03 to 1.6878553706419434e-03 seconds.
Warning: Simulation tolerance relaxed to achieve convergence from 1.6911783961615155e-03 to 1.6911783961615255e-03 seconds.
Warning: Simulation tolerance relaxed to achieve convergence from 1.6953657273638370e-03 to 1.6953657273638470e-03 seconds.
Warning: Simulation tolerance relaxed to achieve convergence from 1.6953657273638769e-03 to 1.6953657273638869e-03 seconds.
Warning: Simulation tolerance relaxed to achieve convergence from 1.6953657273638869e-03 to 1.6953657273638969e-03 seconds.
Warning: Simulation tolerance relaxed to achieve convergence from 1.6953657273639168e-03 to 1.6953657273639268e-03 seconds.
Warning: Simulation tolerance relaxed to achieve convergence from 1.7028420356154611e-03 to 1.7028420356154711e-03 seconds.
Warning: Simulation tolerance relaxed to achieve convergence from 1.7028420356173506e-03 to 1.7028420356173606e-03 seconds.
Warning: Simulation tolerance relaxed to achieve convergence from 1.7028429797618001e-03 to 1.7028429797618101e-03 seconds.
Warning: Simulation tolerance relaxed to achieve convergence from 1.7028429797618101e-03 to 1.7028429797618201e-03 seconds.
Warning: Simulation tolerance relaxed to achieve convergence from 1.7028429797619599e-03 to 1.7028429797619699e-03 seconds.
Warning: Simulation tolerance relaxed to achieve convergence from 1.7103214476064063e-03 to 1.7103214476064162e-03 seconds.
Warning: Simulation tolerance relaxed to achieve convergence from 1.7103214476064462e-03 to 1.7103214476064561e-03 seconds.
Warning: Simulation tolerance relaxed to achieve convergence from 1.7103223943946788e-03 to 1.7103223943946888e-03 seconds.
Warning: Simulation tolerance relaxed to achieve convergence from 1.7103223944105292e-03 to 1.7103223944105392e-03 seconds.
Warning: Simulation tolerance relaxed to achieve convergence from 1.7103223944105591e-03 to 1.7103223944105691e-03 seconds.
Warning: Simulation tolerance relaxed to achieve convergence from 1.7103223944108586e-03 to 1.7103223944108686e-03 seconds.
Warning: Simulation tolerance relaxed to achieve convergence from 1.7103223976661273e-03 to 1.7103223976661372e-03 seconds.
Warning: Simulation tolerance relaxed to achieve convergence from 1.7103225286888978e-03 to 1.7103225286889078e-03 seconds.
Warning: Simulation tolerance relaxed to achieve convergence from 1.7253416490368681e-03 to 1.7253416490368781e-03 seconds.
Warning: Simulation tolerance relaxed to achieve convergence from 1.7253416490369878e-03 to 1.7253416490369978e-03 seconds.
Warning: Simulation tolerance relaxed to achieve convergence from 1.7328418941306672e-03 to 1.7328418941306772e-03 seconds.
Warning: Simulation tolerance relaxed to achieve convergence from 1.7403412284048968e-03 to 1.7403412284049068e-03 seconds.
Warning: Simulation tolerance relaxed to achieve convergence from 1.7403415246325397e-03 to 1.7403415246325497e-03 seconds.
Warning: Simulation tolerance relaxed to achieve convergence from 1.7403415246325497e-03 to 1.7403415246325597e-03 seconds.
Warning: Simulation tolerance relaxed to achieve convergence from 1.7403415246325597e-03 to 1.7403415246325697e-03 seconds.
Warning: Simulation tolerance relaxed to achieve convergence from 1.7403415246326096e-03 to 1.7403415246326195e-03 seconds.
Warning: Simulation tolerance relaxed to achieve convergence from 1.7403419038546000e-03 to 1.7403419038546099e-03 seconds.
Warning: Simulation tolerance relaxed to achieve convergence from 1.7478315419028757e-03 to 1.7478315419028857e-03 seconds.
Warning: Simulation tolerance relaxed to achieve convergence from 1.7478315773483170e-03 to 1.7478315773483270e-03 seconds.
Warning: Simulation tolerance relaxed to achieve convergence from 1.7478315773483270e-03 to 1.7478315773483369e-03 seconds.
Warning: Simulation tolerance relaxed to achieve convergence from 1.7628624270038019e-03 to 1.7628624270038119e-03 seconds.
Warning: Simulation tolerance relaxed to achieve convergence from 1.7703805416660831e-03 to 1.7703805416660931e-03 seconds.
Warning: Simulation tolerance relaxed to achieve convergence from 1.7703805417965742e-03 to 1.7703805417965842e-03 seconds.
Warning: Simulation tolerance relaxed to achieve convergence from 1.7703805418017645e-03 to 1.7703805418017745e-03 seconds.
Warning: Simulation tolerance relaxed to achieve convergence from 1.7703805418020743e-03 to 1.7703805418020843e-03 seconds.
Warning: Simulation tolerance relaxed to achieve convergence from 1.7778804676798921e-03 to 1.7778804676799021e-03 seconds.
Warning: Simulation tolerance relaxed to achieve convergence from 1.7778804677623184e-03 to 1.7778804677623283e-03 seconds.
Warning: Simulation tolerance relaxed to achieve convergence from 1.7778804677623583e-03 to 1.7778804677623682e-03 seconds.
Warning: Simulation tolerance relaxed to achieve convergence from 1.7778805284966188e-03 to 1.7778805284966288e-03 seconds.
Warning: Simulation tolerance relaxed to achieve convergence from 1.8003087230923978e-03 to 1.8003087230924078e-03 seconds.
Warning: Simulation tolerance relaxed to achieve convergence from 1.8078645376317444e-03 to 1.8078645376317544e-03 seconds.
Warning: Simulation tolerance relaxed to achieve convergence from 1.8078645376318142e-03 to 1.8078645376318242e-03 seconds.
Warning: Simulation tolerance relaxed to achieve convergence from 1.8153622919454340e-03 to 1.8153622919454440e-03 seconds.
Warning: Simulation tolerance relaxed to achieve convergence from 1.8153629415573248e-03 to 1.8153629415573348e-03 seconds.
Warning: Simulation tolerance relaxed to achieve convergence from 1.8153629605714206e-03 to 1.8153629605714306e-03 seconds.
Warning: Simulation tolerance relaxed to achieve convergence from 1.8153629756887688e-03 to 1.8153629756887787e-03 seconds.
Warning: Simulation tolerance relaxed to achieve convergence from 1.8153629756888186e-03 to 1.8153629756888286e-03 seconds.
Warning: Simulation tolerance relaxed to achieve convergence from 1.8153629756888286e-03 to 1.8153629756888386e-03 seconds.
Warning: Simulation tolerance relaxed to achieve convergence from 1.8228931926268599e-03 to 1.8228931926268699e-03 seconds.
Warning: Simulation tolerance relaxed to achieve convergence from 1.8453202056752003e-03 to 1.8453202056752103e-03 seconds.
Warning: Simulation tolerance relaxed to achieve convergence from 1.8453202056754399e-03 to 1.8453202056754499e-03 seconds.
Warning: Simulation tolerance relaxed to achieve convergence from 1.8453202056754798e-03 to 1.8453202056754898e-03 seconds.
Warning: Simulation tolerance relaxed to achieve convergence from 1.8453202056835794e-03 to 1.8453202056835894e-03 seconds.
Warning: Simulation tolerance relaxed to achieve convergence from 1.8678438193284171e-03 to 1.8678438193284270e-03 seconds.
Warning: Simulation tolerance relaxed to achieve convergence from 1.8678438193286268e-03 to 1.8678438193286367e-03 seconds.
Warning: Simulation tolerance relaxed to achieve convergence from 1.8753658872671295e-03 to 1.8753658872671395e-03 seconds.
Warning: Simulation tolerance relaxed to achieve convergence from 1.8753658873194229e-03 to 1.8753658873194329e-03 seconds.
Warning: Simulation tolerance relaxed to achieve convergence from 1.8753659276297303e-03 to 1.8753659276297403e-03 seconds.
Warning: Simulation tolerance relaxed to achieve convergence from 1.8753659276297403e-03 to 1.8753659276297503e-03 seconds.
Warning: Simulation tolerance relaxed to achieve convergence from 1.8753659276299699e-03 to 1.8753659276299799e-03 seconds.
Warning: Simulation tolerance relaxed to achieve convergence from 1.8753660184120183e-03 to 1.8753660184120283e-03 seconds.
Warning: Simulation tolerance relaxed to achieve convergence from 1.8828559900661444e-03 to 1.8828559900661544e-03 seconds.
Warning: Simulation tolerance relaxed to achieve convergence from 1.8828562179929727e-03 to 1.8828562179929826e-03 seconds.
Warning: Simulation tolerance relaxed to achieve convergence from 1.8828562179929826e-03 to 1.8828562179929926e-03 seconds.
Warning: Simulation tolerance relaxed to achieve convergence from 1.8828563691541816e-03 to 1.8828563691541916e-03 seconds.
Warning: Simulation tolerance relaxed to achieve convergence from 1.8936216930784682e-03 to 1.8936216930784781e-03 seconds.
Warning: Simulation tolerance relaxed to achieve convergence from 1.9011855559014634e-03 to 1.9011855559014734e-03 seconds.
Warning: Simulation tolerance relaxed to achieve convergence from 1.9053306884877466e-03 to 1.9053306884877566e-03 seconds.
Warning: Simulation tolerance relaxed to achieve convergence from 1.9053306884888861e-03 to 1.9053306884888961e-03 seconds.
Warning: Simulation tolerance relaxed to achieve convergence from 1.9053306884889560e-03 to 1.9053306884889659e-03 seconds.
Warning: Simulation tolerance relaxed to achieve convergence from 1.9053309476222428e-03 to 1.9053309476222528e-03 seconds.
Warning: Simulation tolerance relaxed to achieve convergence from 1.9053309476416134e-03 to 1.9053309476416234e-03 seconds.
Warning: Simulation tolerance relaxed to achieve convergence from 1.9053311307285481e-03 to 1.9053311307285581e-03 seconds.
Warning: Simulation tolerance relaxed to achieve convergence from 1.9203328367311571e-03 to 1.9203328367311671e-03 seconds.
Warning: Simulation tolerance relaxed to achieve convergence from 1.9203328583973171e-03 to 1.9203328583973270e-03 seconds.
Warning: Simulation tolerance relaxed to achieve convergence from 1.9503540142813221e-03 to 1.9503540142813320e-03 seconds.
Warning: Simulation tolerance relaxed to achieve convergence from 1.9503540142818117e-03 to 1.9503540142818217e-03 seconds.
Warning: Simulation tolerance relaxed to achieve convergence from 1.9503548771453783e-03 to 1.9503548771453883e-03 seconds.
Warning: Simulation tolerance relaxed to achieve convergence from 1.9503549461753090e-03 to 1.9503549461753189e-03 seconds.
Warning: Simulation tolerance relaxed to achieve convergence from 1.9503549461771881e-03 to 1.9503549461771981e-03 seconds.
Warning: Simulation tolerance relaxed to achieve convergence from 1.9578853631724985e-03 to 1.9578853631725085e-03 seconds.
Warning: Simulation tolerance relaxed to achieve convergence from 1.9578853631726681e-03 to 1.9578853631726780e-03 seconds.
Warning: Simulation tolerance relaxed to achieve convergence from 1.9728462498616295e-03 to 1.9728462498616395e-03 seconds.
Warning: Simulation tolerance relaxed to achieve convergence from 1.9728462498617692e-03 to 1.9728462498617792e-03 seconds.
Warning: Simulation tolerance relaxed to achieve convergence from 1.9728466223922262e-03 to 1.9728466223922362e-03 seconds.
Warning: Simulation tolerance relaxed to achieve convergence from 1.9878856918710661e-03 to 1.9878856918710761e-03 seconds.
Warning: Simulation tolerance relaxed to achieve convergence from 1.9878856918711359e-03 to 1.9878856918711459e-03 seconds.
Warning: Simulation tolerance relaxed to achieve convergence from 1.9878856945365728e-03 to 1.9878856945365828e-03 seconds.
Warning: Simulation tolerance relaxed to achieve convergence from 1.9878856945365828e-03 to 1.9878856945365927e-03 seconds.
Warning: Simulation tolerance relaxed to achieve convergence from 1.9953113388415725e-03 to 1.9953113388415824e-03 seconds.
Warning: Simulation tolerance relaxed to achieve convergence from 2.0028572549332982e-03 to 2.0028572549333082e-03 seconds.
Warning: Simulation tolerance relaxed to achieve convergence from 2.0028572549339279e-03 to 2.0028572549339379e-03 seconds.
Warning: Simulation tolerance relaxed to achieve convergence from 2.0028572549548392e-03 to 2.0028572549548491e-03 seconds.
Warning: Simulation tolerance relaxed to achieve convergence from 2.0028572549548491e-03 to 2.0028572549548591e-03 seconds.
Warning: Simulation tolerance relaxed to achieve convergence from 2.0028578891717048e-03 to 2.0028578891717148e-03 seconds.
Warning: Simulation tolerance relaxed to achieve convergence from 2.0103352073974875e-03 to 2.0103352073974974e-03 seconds.
Warning: Simulation tolerance relaxed to achieve convergence from 2.0286539866820131e-03 to 2.0286539866820230e-03 seconds.
Warning: Simulation tolerance relaxed to achieve convergence from 2.0328027649318325e-03 to 2.0328027649318425e-03 seconds.
Warning: Simulation tolerance relaxed to achieve convergence from 2.0328027655715356e-03 to 2.0328027655715456e-03 seconds.
Warning: Simulation tolerance relaxed to achieve convergence from 2.0328037379992994e-03 to 2.0328037379993094e-03 seconds.
Warning: Simulation tolerance relaxed to achieve convergence from 2.0328037379993094e-03 to 2.0328037379993193e-03 seconds.
Warning: Simulation tolerance relaxed to achieve convergence from 2.0328037379993193e-03 to 2.0328037379993293e-03 seconds.
Warning: Simulation tolerance relaxed to achieve convergence from 2.0328037379993293e-03 to 2.0328037379993393e-03 seconds.
Warning: Simulation tolerance relaxed to achieve convergence from 2.0328037379993393e-03 to 2.0328037379993493e-03 seconds.
Warning: Simulation tolerance relaxed to achieve convergence from 2.0328037379993493e-03 to 2.0328037379993592e-03 seconds.
Warning: Simulation tolerance relaxed to achieve convergence from 2.0328037379993592e-03 to 2.0328037379993692e-03 seconds.
Warning: Simulation tolerance relaxed to achieve convergence from 2.0328037389816447e-03 to 2.0328037389816546e-03 seconds.
Warning: Simulation tolerance relaxed to achieve convergence from 2.0328037389980955e-03 to 2.0328037389981055e-03 seconds.
Warning: Simulation tolerance relaxed to achieve convergence from 2.0328038039002854e-03 to 2.0328038039002954e-03 seconds.
Warning: Simulation tolerance relaxed to achieve convergence from 2.0328038144593174e-03 to 2.0328038144593274e-03 seconds.
Warning: Simulation tolerance relaxed to achieve convergence from 2.0328038250441338e-03 to 2.0328038250441438e-03 seconds.
Warning: Simulation tolerance relaxed to achieve convergence from 2.0328038250838564e-03 to 2.0328038250838664e-03 seconds.
Warning: Simulation tolerance relaxed to achieve convergence from 2.0328038250847454e-03 to 2.0328038250847554e-03 seconds.
Warning: Simulation tolerance relaxed to achieve convergence from 2.0478396051631783e-03 to 2.0478396051631883e-03 seconds.
Warning: Simulation tolerance relaxed to achieve convergence from 2.0478396052575560e-03 to 2.0478396052575659e-03 seconds.
Warning: Simulation tolerance relaxed to achieve convergence from 2.0478397947598496e-03 to 2.0478397947598596e-03 seconds.
Warning: Simulation tolerance relaxed to achieve convergence from 2.0478398655484229e-03 to 2.0478398655484329e-03 seconds.
Warning: Simulation tolerance relaxed to achieve convergence from 2.0553849575072770e-03 to 2.0553849575072869e-03 seconds.
Warning: Simulation tolerance relaxed to achieve convergence from 2.0553849575073169e-03 to 2.0553849575073268e-03 seconds.
Warning: Simulation tolerance relaxed to achieve convergence from 2.0553849575073268e-03 to 2.0553849575073368e-03 seconds.
Warning: Simulation tolerance relaxed to achieve convergence from 2.0553849575073468e-03 to 2.0553849575073568e-03 seconds.
Warning: Simulation tolerance relaxed to achieve convergence from 2.0553849575073568e-03 to 2.0553849575073667e-03 seconds.
Warning: Simulation tolerance relaxed to achieve convergence from 2.0553849575073667e-03 to 2.0553849575073767e-03 seconds.
Warning: Simulation tolerance relaxed to achieve convergence from 2.0553849575073767e-03 to 2.0553849575073867e-03 seconds.
Warning: Simulation tolerance relaxed to achieve convergence from 2.0553849575073867e-03 to 2.0553849575073967e-03 seconds.
Warning: Simulation tolerance relaxed to achieve convergence from 2.0553849575074066e-03 to 2.0553849575074166e-03 seconds.
Warning: Simulation tolerance relaxed to achieve convergence from 2.0553849575074166e-03 to 2.0553849575074266e-03 seconds.
Warning: Simulation tolerance relaxed to achieve convergence from 2.0553849575074266e-03 to 2.0553849575074366e-03 seconds.
Warning: Simulation tolerance relaxed to achieve convergence from 2.0553849575184169e-03 to 2.0553849575184269e-03 seconds.
Warning: Simulation tolerance relaxed to achieve convergence from 2.0553849575633580e-03 to 2.0553849575633680e-03 seconds.
Warning: Simulation tolerance relaxed to achieve convergence from 2.0628685963630959e-03 to 2.0628685963631059e-03 seconds.
Warning: Simulation tolerance relaxed to achieve convergence from 2.0628685963631059e-03 to 2.0628685963631158e-03 seconds.
Warning: Simulation tolerance relaxed to achieve convergence from 2.0628686099622793e-03 to 2.0628686099622893e-03 seconds.
Warning: Simulation tolerance relaxed to achieve convergence from 2.0778593012151449e-03 to 2.0778593012151549e-03 seconds.
Warning: Simulation tolerance relaxed to achieve convergence from 2.0778599351569610e-03 to 2.0778599351569710e-03 seconds.
Warning: Simulation tolerance relaxed to achieve convergence from 2.0778599893322989e-03 to 2.0778599893323088e-03 seconds.
Warning: Simulation tolerance relaxed to achieve convergence from 2.0778600277051805e-03 to 2.0778600277051905e-03 seconds.
Warning: Simulation tolerance relaxed to achieve convergence from 2.0778603045171623e-03 to 2.0778603045171723e-03 seconds.
Warning: Simulation tolerance relaxed to achieve convergence from 2.0778603045172222e-03 to 2.0778603045172321e-03 seconds.
Warning: Simulation tolerance relaxed to achieve convergence from 2.0778603112207804e-03 to 2.0778603112207904e-03 seconds.
Warning: Simulation tolerance relaxed to achieve convergence from 2.0853315939397734e-03 to 2.0853315939397834e-03 seconds.
Warning: Simulation tolerance relaxed to achieve convergence from 2.0853316142268692e-03 to 2.0853316142268792e-03 seconds.
Warning: Simulation tolerance relaxed to achieve convergence from 2.0853318104113346e-03 to 2.0853318104113445e-03 seconds.
Warning: Simulation tolerance relaxed to achieve convergence from 2.0853318204299052e-03 to 2.0853318204299151e-03 seconds.
Warning: Simulation tolerance relaxed to achieve convergence from 2.0853322553910114e-03 to 2.0853322553910213e-03 seconds.
Warning: Simulation tolerance relaxed to achieve convergence from 2.0928557519572168e-03 to 2.0928557519572268e-03 seconds.
Warning: Simulation tolerance relaxed to achieve convergence from 2.0928557580933487e-03 to 2.0928557580933587e-03 seconds.
Warning: Simulation tolerance relaxed to achieve convergence from 2.0928557580934186e-03 to 2.0928557580934285e-03 seconds.
Warning: Simulation tolerance relaxed to achieve convergence from 2.1003577245012344e-03 to 2.1003577245012443e-03 seconds.
Warning: Simulation tolerance relaxed to achieve convergence from 2.1003581436009459e-03 to 2.1003581436009559e-03 seconds.
Warning: Simulation tolerance relaxed to achieve convergence from 2.1003581436040654e-03 to 2.1003581436040753e-03 seconds.
Warning: Simulation tolerance relaxed to achieve convergence from 2.1003585827762974e-03 to 2.1003585827763073e-03 seconds.
Warning: Simulation tolerance relaxed to achieve convergence from 2.1003586315970282e-03 to 2.1003586315970382e-03 seconds.
Warning: Simulation tolerance relaxed to achieve convergence from 2.1036579666095100e-03 to 2.1036579666095200e-03 seconds.
Warning: Simulation tolerance relaxed to achieve convergence from 2.1153213690758921e-03 to 2.1153213690759021e-03 seconds.
Warning: Simulation tolerance relaxed to achieve convergence from 2.1303835650220934e-03 to 2.1303835650221033e-03 seconds.
Warning: Simulation tolerance relaxed to achieve convergence from 2.1303835650221233e-03 to 2.1303835650221333e-03 seconds.
Warning: Simulation tolerance relaxed to achieve convergence from 2.1303844562048061e-03 to 2.1303844562048160e-03 seconds.
Warning: Simulation tolerance relaxed to achieve convergence from 2.1303844562049058e-03 to 2.1303844562049158e-03 seconds.
Warning: Simulation tolerance relaxed to achieve convergence from 2.1303844562049158e-03 to 2.1303844562049258e-03 seconds.
Warning: Simulation tolerance relaxed to achieve convergence from 2.1303844562049258e-03 to 2.1303844562049357e-03 seconds.
Warning: Simulation tolerance relaxed to achieve convergence from 2.1303856268879858e-03 to 2.1303856268879958e-03 seconds.
Warning: Simulation tolerance relaxed to achieve convergence from 2.1378640494240102e-03 to 2.1378640494240202e-03 seconds.
Warning: Simulation tolerance relaxed to achieve convergence from 2.1378640494241199e-03 to 2.1378640494241299e-03 seconds.
Warning: Simulation tolerance relaxed to achieve convergence from 2.1453312631828586e-03 to 2.1453312631828686e-03 seconds.
Warning: Simulation tolerance relaxed to achieve convergence from 2.1453332755538199e-03 to 2.1453332755538299e-03 seconds.
Warning: Simulation tolerance relaxed to achieve convergence from 2.1453334317528992e-03 to 2.1453334317529092e-03 seconds.
Warning: Simulation tolerance relaxed to achieve convergence from 2.1453334317529092e-03 to 2.1453334317529191e-03 seconds.
Warning: Simulation tolerance relaxed to achieve convergence from 2.1528581309226747e-03 to 2.1528581309226847e-03 seconds.
Warning: Simulation tolerance relaxed to achieve convergence from 2.1528581309227047e-03 to 2.1528581309227146e-03 seconds.
Warning: Simulation tolerance relaxed to achieve convergence from 2.1528581309227146e-03 to 2.1528581309227246e-03 seconds.
Warning: Simulation tolerance relaxed to achieve convergence from 2.1528581309227246e-03 to 2.1528581309227346e-03 seconds.
Warning: Simulation tolerance relaxed to achieve convergence from 2.1528581309228243e-03 to 2.1528581309228343e-03 seconds.
Warning: Simulation tolerance relaxed to achieve convergence from 2.1603409451526902e-03 to 2.1603409451527002e-03 seconds.
Warning: Simulation tolerance relaxed to achieve convergence from 2.1603409451527002e-03 to 2.1603409451527102e-03 seconds.
Warning: Simulation tolerance relaxed to achieve convergence from 2.1603409451527102e-03 to 2.1603409451527202e-03 seconds.
Warning: Simulation tolerance relaxed to achieve convergence from 2.1603409451527401e-03 to 2.1603409451527501e-03 seconds.
Warning: Simulation tolerance relaxed to achieve convergence from 2.1603409451527501e-03 to 2.1603409451527601e-03 seconds.
Warning: Simulation tolerance relaxed to achieve convergence from 2.1603409451527700e-03 to 2.1603409451527800e-03 seconds.
Warning: Simulation tolerance relaxed to achieve convergence from 2.1603409451528000e-03 to 2.1603409451528099e-03 seconds.
Warning: Simulation tolerance relaxed to achieve convergence from 2.1603409451542194e-03 to 2.1603409451542294e-03 seconds.
Warning: Simulation tolerance relaxed to achieve convergence from 2.1603409451543491e-03 to 2.1603409451543590e-03 seconds.
Warning: Simulation tolerance relaxed to achieve convergence from 2.1603409451543590e-03 to 2.1603409451543690e-03 seconds.
Warning: Simulation tolerance relaxed to achieve convergence from 2.1603409451543690e-03 to 2.1603409451543790e-03 seconds.
Warning: Simulation tolerance relaxed to achieve convergence from 2.1603409451543790e-03 to 2.1603409451543890e-03 seconds.
Warning: Simulation tolerance relaxed to achieve convergence from 2.1603409451543890e-03 to 2.1603409451543989e-03 seconds.
Warning: Simulation tolerance relaxed to achieve convergence from 2.1603409451543989e-03 to 2.1603409451544089e-03 seconds.
Warning: Simulation tolerance relaxed to achieve convergence from 2.1603409451544089e-03 to 2.1603409451544189e-03 seconds.
Warning: Simulation tolerance relaxed to achieve convergence from 2.1603409451544189e-03 to 2.1603409451544289e-03 seconds.
Warning: Simulation tolerance relaxed to achieve convergence from 2.1603409451544289e-03 to 2.1603409451544388e-03 seconds.
Warning: Simulation tolerance relaxed to achieve convergence from 2.1603416499049589e-03 to 2.1603416499049689e-03 seconds.
Warning: Simulation tolerance relaxed to achieve convergence from 2.1678215417708746e-03 to 2.1678215417708846e-03 seconds.
Warning: Simulation tolerance relaxed to achieve convergence from 2.1678215446966440e-03 to 2.1678215446966540e-03 seconds.
Warning: Simulation tolerance relaxed to achieve convergence from 2.1786746151464132e-03 to 2.1786746151464232e-03 seconds.
Warning: Simulation tolerance relaxed to achieve convergence from 2.1828790566946143e-03 to 2.1828790566946242e-03 seconds.
Warning: Simulation tolerance relaxed to achieve convergence from 2.1828790566946242e-03 to 2.1828790566946342e-03 seconds.
Warning: Simulation tolerance relaxed to achieve convergence from 2.1828790566946342e-03 to 2.1828790566946442e-03 seconds.
Warning: Simulation tolerance relaxed to achieve convergence from 2.1828790566946542e-03 to 2.1828790566946641e-03 seconds.
Warning: Simulation tolerance relaxed to achieve convergence from 2.1828790739213079e-03 to 2.1828790739213178e-03 seconds.
Warning: Simulation tolerance relaxed to achieve convergence from 2.1828790739543487e-03 to 2.1828790739543587e-03 seconds.
Warning: Simulation tolerance relaxed to achieve convergence from 2.1828790739548678e-03 to 2.1828790739548778e-03 seconds.
Warning: Simulation tolerance relaxed to achieve convergence from 2.1828790739549376e-03 to 2.1828790739549476e-03 seconds.
Warning: Simulation tolerance relaxed to achieve convergence from 2.1828790740134217e-03 to 2.1828790740134317e-03 seconds.
Warning: Simulation tolerance relaxed to achieve convergence from 2.1828790740156998e-03 to 2.1828790740157098e-03 seconds.
Warning: Simulation tolerance relaxed to achieve convergence from 2.1828790740157098e-03 to 2.1828790740157198e-03 seconds.
Warning: Simulation tolerance relaxed to achieve convergence from 2.1828790740157198e-03 to 2.1828790740157297e-03 seconds.
Warning: Simulation tolerance relaxed to achieve convergence from 2.1828790740157297e-03 to 2.1828790740157397e-03 seconds.
Warning: Simulation tolerance relaxed to achieve convergence from 2.1903299279930921e-03 to 2.1903299279931020e-03 seconds.
Warning: Simulation tolerance relaxed to achieve convergence from 2.1936702389034326e-03 to 2.1936702389034426e-03 seconds.
Warning: Simulation tolerance relaxed to achieve convergence from 2.2011055450465210e-03 to 2.2011055450465310e-03 seconds.
Warning: Simulation tolerance relaxed to achieve convergence from 2.2011056376564368e-03 to 2.2011056376564468e-03 seconds.
Warning: Simulation tolerance relaxed to achieve convergence from 2.2011056376659167e-03 to 2.2011056376659266e-03 seconds.
Warning: Simulation tolerance relaxed to achieve convergence from 2.2053541350429574e-03 to 2.2053541350429673e-03 seconds.
Warning: Simulation tolerance relaxed to achieve convergence from 2.2053543158898452e-03 to 2.2053543158898552e-03 seconds.
Warning: Simulation tolerance relaxed to achieve convergence from 2.2053543158928250e-03 to 2.2053543158928350e-03 seconds.
Warning: Simulation tolerance relaxed to achieve convergence from 2.2053543158932340e-03 to 2.2053543158932439e-03 seconds.
Warning: Simulation tolerance relaxed to achieve convergence from 2.2128562648871305e-03 to 2.2128562648871405e-03 seconds.
Warning: Simulation tolerance relaxed to achieve convergence from 2.2128563770931879e-03 to 2.2128563770931978e-03 seconds.
Warning: Simulation tolerance relaxed to achieve convergence from 2.2128563776542174e-03 to 2.2128563776542274e-03 seconds.
Warning: Simulation tolerance relaxed to achieve convergence from 2.2203303635687632e-03 to 2.2203303635687731e-03 seconds.
Warning: Simulation tolerance relaxed to achieve convergence from 2.2203303748968319e-03 to 2.2203303748968418e-03 seconds.
Warning: Simulation tolerance relaxed to achieve convergence from 2.2203303748974507e-03 to 2.2203303748974607e-03 seconds.
Warning: Simulation tolerance relaxed to achieve convergence from 2.2203303748975704e-03 to 2.2203303748975804e-03 seconds.
Warning: Simulation tolerance relaxed to achieve convergence from 2.2203303748978900e-03 to 2.2203303748979000e-03 seconds.
Warning: Simulation tolerance relaxed to achieve convergence from 2.2203303748979200e-03 to 2.2203303748979299e-03 seconds.
Warning: Simulation tolerance relaxed to achieve convergence from 2.2203305600924047e-03 to 2.2203305600924147e-03 seconds.
Warning: Simulation tolerance relaxed to achieve convergence from 2.2203310175334242e-03 to 2.2203310175334342e-03 seconds.
Warning: Simulation tolerance relaxed to achieve convergence from 2.2203315718056955e-03 to 2.2203315718057055e-03 seconds.
Warning: Simulation tolerance relaxed to achieve convergence from 2.2203315718267265e-03 to 2.2203315718267364e-03 seconds.
Warning: Simulation tolerance relaxed to achieve convergence from 2.2203315718268162e-03 to 2.2203315718268262e-03 seconds.
Warning: Simulation tolerance relaxed to achieve convergence from 2.2203315718268362e-03 to 2.2203315718268462e-03 seconds.
Warning: Simulation tolerance relaxed to achieve convergence from 2.2278219306473782e-03 to 2.2278219306473882e-03 seconds.
Warning: Simulation tolerance relaxed to achieve convergence from 2.2278219306475877e-03 to 2.2278219306475977e-03 seconds.
Warning: Simulation tolerance relaxed to achieve convergence from 2.2353044079105318e-03 to 2.2353044079105417e-03 seconds.
Warning: Simulation tolerance relaxed to achieve convergence from 2.2353050359516487e-03 to 2.2353050359516587e-03 seconds.
Warning: Simulation tolerance relaxed to achieve convergence from 2.2353054468240438e-03 to 2.2353054468240538e-03 seconds.
Warning: Simulation tolerance relaxed to achieve convergence from 2.2353054472041751e-03 to 2.2353054472041851e-03 seconds.
Warning: Simulation tolerance relaxed to achieve convergence from 2.2353058696588926e-03 to 2.2353058696589025e-03 seconds.
Warning: Simulation tolerance relaxed to achieve convergence from 2.2353059569985060e-03 to 2.2353059569985160e-03 seconds.
Warning: Simulation tolerance relaxed to achieve convergence from 2.2503198342477405e-03 to 2.2503198342477505e-03 seconds.
Warning: Simulation tolerance relaxed to achieve convergence from 2.2578514577456508e-03 to 2.2578514577456608e-03 seconds.
Warning: Simulation tolerance relaxed to achieve convergence from 2.2578514578282575e-03 to 2.2578514578282674e-03 seconds.
Warning: Simulation tolerance relaxed to achieve convergence from 2.2653088149960916e-03 to 2.2653088149961016e-03 seconds.
Warning: Simulation tolerance relaxed to achieve convergence from 2.2728571651051475e-03 to 2.2728571651051575e-03 seconds.
Warning: Simulation tolerance relaxed to achieve convergence from 2.2728571651052074e-03 to 2.2728571651052173e-03 seconds.
Warning: Simulation tolerance relaxed to achieve convergence from 2.2728571651053570e-03 to 2.2728571651053670e-03 seconds.
Warning: Simulation tolerance relaxed to achieve convergence from 2.2803272895426377e-03 to 2.2803272895426476e-03 seconds.
Warning: Simulation tolerance relaxed to achieve convergence from 2.2803273044957359e-03 to 2.2803273044957459e-03 seconds.
Warning: Simulation tolerance relaxed to achieve convergence from 2.2803273053954064e-03 to 2.2803273053954164e-03 seconds.
Warning: Simulation tolerance relaxed to achieve convergence from 2.2803273310527485e-03 to 2.2803273310527585e-03 seconds.
Warning: Simulation tolerance relaxed to achieve convergence from 2.2803273311164021e-03 to 2.2803273311164120e-03 seconds.
Warning: Simulation tolerance relaxed to achieve convergence from 2.2803275119845584e-03 to 2.2803275119845684e-03 seconds.
Warning: Simulation tolerance relaxed to achieve convergence from 2.2878360967074516e-03 to 2.2878360967074616e-03 seconds.
Warning: Simulation tolerance relaxed to achieve convergence from 2.2953590274948348e-03 to 2.2953590274948448e-03 seconds.
Warning: Simulation tolerance relaxed to achieve convergence from 2.2953590275332082e-03 to 2.2953590275332182e-03 seconds.
Warning: Simulation tolerance relaxed to achieve convergence from 2.2953590277683972e-03 to 2.2953590277684072e-03 seconds.
Warning: Simulation tolerance relaxed to achieve convergence from 2.2953590281121670e-03 to 2.2953590281121769e-03 seconds.
Warning: Simulation tolerance relaxed to achieve convergence from 2.2953590281122368e-03 to 2.2953590281122468e-03 seconds.
Warning: Simulation tolerance relaxed to achieve convergence from 2.2953590282165561e-03 to 2.2953590282165661e-03 seconds.
Warning: Simulation tolerance relaxed to achieve convergence from 2.3178312723555637e-03 to 2.3178312723555737e-03 seconds.
Warning: Simulation tolerance relaxed to achieve convergence from 2.3253408694216705e-03 to 2.3253408694216804e-03 seconds.
Warning: Simulation tolerance relaxed to achieve convergence from 2.3328609540311808e-03 to 2.3328609540311908e-03 seconds.
Warning: Simulation tolerance relaxed to achieve convergence from 2.3328610072827129e-03 to 2.3328610072827229e-03 seconds.
Warning: Simulation tolerance relaxed to achieve convergence from 2.3328610086200030e-03 to 2.3328610086200130e-03 seconds.
Warning: Simulation tolerance relaxed to achieve convergence from 2.3328610094166397e-03 to 2.3328610094166496e-03 seconds.
Warning: Simulation tolerance relaxed to achieve convergence from 2.3328610094167394e-03 to 2.3328610094167494e-03 seconds.
Warning: Simulation tolerance relaxed to achieve convergence from 2.3328619267772048e-03 to 2.3328619267772147e-03 seconds.
Warning: Simulation tolerance relaxed to achieve convergence from 2.3328619267772347e-03 to 2.3328619267772447e-03 seconds.
Warning: Simulation tolerance relaxed to achieve convergence from 2.3328619267773045e-03 to 2.3328619267773145e-03 seconds.
Warning: Simulation tolerance relaxed to achieve convergence from 2.3328619267773245e-03 to 2.3328619267773344e-03 seconds.
Warning: Simulation tolerance relaxed to achieve convergence from 2.3328619267935636e-03 to 2.3328619267935736e-03 seconds.
Warning: Simulation tolerance relaxed to achieve convergence from 2.3328619267935736e-03 to 2.3328619267935836e-03 seconds.
Warning: Simulation tolerance relaxed to achieve convergence from 2.3361413552292474e-03 to 2.3361413552292574e-03 seconds.
Warning: Simulation tolerance relaxed to achieve convergence from 2.3553635544534602e-03 to 2.3553635544534702e-03 seconds.
Warning: Simulation tolerance relaxed to achieve convergence from 2.3553635544535500e-03 to 2.3553635544535600e-03 seconds.
Warning: Simulation tolerance relaxed to achieve convergence from 2.3553635545780806e-03 to 2.3553635545780906e-03 seconds.
Warning: Simulation tolerance relaxed to achieve convergence from 2.3586214651475372e-03 to 2.3586214651475472e-03 seconds.
Warning: Simulation tolerance relaxed to achieve convergence from 2.3628525293433976e-03 to 2.3628525293434076e-03 seconds.
Warning: Simulation tolerance relaxed to achieve convergence from 2.3628526124918224e-03 to 2.3628526124918323e-03 seconds.
Warning: Simulation tolerance relaxed to achieve convergence from 2.3628527144052822e-03 to 2.3628527144052922e-03 seconds.
Warning: Simulation tolerance relaxed to achieve convergence from 2.3628527144053720e-03 to 2.3628527144053820e-03 seconds.
Warning: Simulation tolerance relaxed to achieve convergence from 2.3628527152772293e-03 to 2.3628527152772393e-03 seconds.
Warning: Simulation tolerance relaxed to achieve convergence from 2.3628527152772393e-03 to 2.3628527152772492e-03 seconds.
Warning: Simulation tolerance relaxed to achieve convergence from 2.3628527152772492e-03 to 2.3628527152772592e-03 seconds.
Warning: Simulation tolerance relaxed to achieve convergence from 2.3628527152772592e-03 to 2.3628527152772692e-03 seconds.
Warning: Simulation tolerance relaxed to achieve convergence from 2.3628529431248112e-03 to 2.3628529431248212e-03 seconds.
Warning: Simulation tolerance relaxed to achieve convergence from 2.3628531579059091e-03 to 2.3628531579059191e-03 seconds.
Warning: Simulation tolerance relaxed to achieve convergence from 2.3661643379541074e-03 to 2.3661643379541174e-03 seconds.
Warning: Simulation tolerance relaxed to achieve convergence from 2.3703598834800580e-03 to 2.3703598834800680e-03 seconds.
Warning: Simulation tolerance relaxed to achieve convergence from 2.3703598834802077e-03 to 2.3703598834802176e-03 seconds.
Warning: Simulation tolerance relaxed to achieve convergence from 2.3703599346527110e-03 to 2.3703599346527209e-03 seconds.
Warning: Simulation tolerance relaxed to achieve convergence from 2.3703599346527209e-03 to 2.3703599346527309e-03 seconds.
Warning: Simulation tolerance relaxed to achieve convergence from 2.3778379545108378e-03 to 2.3778379545108478e-03 seconds.
Warning: Simulation tolerance relaxed to achieve convergence from 2.3853385038993665e-03 to 2.3853385038993765e-03 seconds.
Warning: Simulation tolerance relaxed to achieve convergence from 2.3886226516735736e-03 to 2.3886226516735836e-03 seconds.
Warning: Simulation tolerance relaxed to achieve convergence from 2.3928768500501621e-03 to 2.3928768500501721e-03 seconds.
Warning: Simulation tolerance relaxed to achieve convergence from 2.4153837806642695e-03 to 2.4153837806642794e-03 seconds.
Warning: Simulation tolerance relaxed to achieve convergence from 2.4153837834020924e-03 to 2.4153837834021024e-03 seconds.
Warning: Simulation tolerance relaxed to achieve convergence from 2.4153846712080609e-03 to 2.4153846712080709e-03 seconds.
Warning: Simulation tolerance relaxed to achieve convergence from 2.4228693697454233e-03 to 2.4228693697454333e-03 seconds.
Warning: Simulation tolerance relaxed to achieve convergence from 2.4228693697457629e-03 to 2.4228693697457729e-03 seconds.
Warning: Simulation tolerance relaxed to achieve convergence from 2.4228693699459188e-03 to 2.4228693699459287e-03 seconds.
Warning: Simulation tolerance relaxed to achieve convergence from 2.4228697578904425e-03 to 2.4228697578904525e-03 seconds.
Warning: Simulation tolerance relaxed to achieve convergence from 2.4228697578906619e-03 to 2.4228697578906719e-03 seconds.
Warning: Simulation tolerance relaxed to achieve convergence from 2.4228697594558986e-03 to 2.4228697594559086e-03 seconds.
Warning: Simulation tolerance relaxed to achieve convergence from 2.4228697594559086e-03 to 2.4228697594559185e-03 seconds.
Warning: Simulation tolerance relaxed to achieve convergence from 2.4228697594559684e-03 to 2.4228697594559784e-03 seconds.
Warning: Simulation tolerance relaxed to achieve convergence from 2.4228697594560283e-03 to 2.4228697594560382e-03 seconds.
Warning: Simulation tolerance relaxed to achieve convergence from 2.4228697652811156e-03 to 2.4228697652811256e-03 seconds.
Warning: Simulation tolerance relaxed to achieve convergence from 2.4228697797140440e-03 to 2.4228697797140540e-03 seconds.
Warning: Simulation tolerance relaxed to achieve convergence from 2.4303591430619772e-03 to 2.4303591430619872e-03 seconds.
Warning: Simulation tolerance relaxed to achieve convergence from 2.4303591430869277e-03 to 2.4303591430869377e-03 seconds.
Warning: Simulation tolerance relaxed to achieve convergence from 2.4303593376829996e-03 to 2.4303593376830096e-03 seconds.
Warning: Simulation tolerance relaxed to achieve convergence from 2.4303593376858996e-03 to 2.4303593376859096e-03 seconds.
Warning: Simulation tolerance relaxed to achieve convergence from 2.4303598683585764e-03 to 2.4303598683585864e-03 seconds.
Warning: Simulation tolerance relaxed to achieve convergence from 2.4378849073747183e-03 to 2.4378849073747283e-03 seconds.
Warning: Simulation tolerance relaxed to achieve convergence from 2.4378855301899986e-03 to 2.4378855301900085e-03 seconds.
Warning: Simulation tolerance relaxed to achieve convergence from 2.4378855301900085e-03 to 2.4378855301900185e-03 seconds.
Warning: Simulation tolerance relaxed to achieve convergence from 2.4378855574199399e-03 to 2.4378855574199499e-03 seconds.
Warning: Simulation tolerance relaxed to achieve convergence from 2.4378855574341287e-03 to 2.4378855574341387e-03 seconds.
Warning: Simulation tolerance relaxed to achieve convergence from 2.4378859484054240e-03 to 2.4378859484054339e-03 seconds.
Warning: Simulation tolerance relaxed to achieve convergence from 2.4378859484055736e-03 to 2.4378859484055835e-03 seconds.
Warning: Simulation tolerance relaxed to achieve convergence from 2.4378859484061426e-03 to 2.4378859484061525e-03 seconds.
Warning: Simulation tolerance relaxed to achieve convergence from 2.4378859674563077e-03 to 2.4378859674563176e-03 seconds.
Warning: Simulation tolerance relaxed to achieve convergence from 2.4378859674563775e-03 to 2.4378859674563874e-03 seconds.
Warning: Simulation tolerance relaxed to achieve convergence from 2.4378859675098013e-03 to 2.4378859675098113e-03 seconds.
Warning: Simulation tolerance relaxed to achieve convergence from 2.4378859803604121e-03 to 2.4378859803604221e-03 seconds.
Warning: Simulation tolerance relaxed to achieve convergence from 2.4378859803606315e-03 to 2.4378859803606415e-03 seconds.
Warning: Simulation tolerance relaxed to achieve convergence from 2.4378859803606415e-03 to 2.4378859803606515e-03 seconds.
Warning: Simulation tolerance relaxed to achieve convergence from 2.4378860195544850e-03 to 2.4378860195544950e-03 seconds.
Warning: Simulation tolerance relaxed to achieve convergence from 2.4378860195545548e-03 to 2.4378860195545648e-03 seconds.
Warning: Simulation tolerance relaxed to achieve convergence from 2.4453333217365415e-03 to 2.4453333217365515e-03 seconds.
Warning: Simulation tolerance relaxed to achieve convergence from 2.4453333217895148e-03 to 2.4453333217895248e-03 seconds.
Warning: Simulation tolerance relaxed to achieve convergence from 2.4453338595483930e-03 to 2.4453338595484030e-03 seconds.
Warning: Simulation tolerance relaxed to achieve convergence from 2.4528843412189387e-03 to 2.4528843412189487e-03 seconds.
Warning: Simulation tolerance relaxed to achieve convergence from 2.4528849195658993e-03 to 2.4528849195659093e-03 seconds.
Warning: Simulation tolerance relaxed to achieve convergence from 2.4528849293487497e-03 to 2.4528849293487596e-03 seconds.
Warning: Simulation tolerance relaxed to achieve convergence from 2.4528851373255673e-03 to 2.4528851373255773e-03 seconds.
Warning: Simulation tolerance relaxed to achieve convergence from 2.4528851445803196e-03 to 2.4528851445803296e-03 seconds.
Warning: Simulation tolerance relaxed to achieve convergence from 2.4528851445803296e-03 to 2.4528851445803396e-03 seconds.
Warning: Simulation tolerance relaxed to achieve convergence from 2.4603309476021202e-03 to 2.4603309476021302e-03 seconds.
Warning: Simulation tolerance relaxed to achieve convergence from 2.4603309476022000e-03 to 2.4603309476022100e-03 seconds.
Warning: Simulation tolerance relaxed to achieve convergence from 2.4603309476022100e-03 to 2.4603309476022199e-03 seconds.
Warning: Simulation tolerance relaxed to achieve convergence from 2.4636653478926794e-03 to 2.4636653478926893e-03 seconds.
Warning: Simulation tolerance relaxed to achieve convergence from 2.4636653479018188e-03 to 2.4636653479018287e-03 seconds.
Warning: Simulation tolerance relaxed to achieve convergence from 2.4678911515462207e-03 to 2.4678911515462307e-03 seconds.
Warning: Simulation tolerance relaxed to achieve convergence from 2.4678911577236777e-03 to 2.4678911577236877e-03 seconds.
Warning: Simulation tolerance relaxed to achieve convergence from 2.4678911577237176e-03 to 2.4678911577237276e-03 seconds.
Warning: Simulation tolerance relaxed to achieve convergence from 2.4678911610054462e-03 to 2.4678911610054562e-03 seconds.
Warning: Simulation tolerance relaxed to achieve convergence from 2.4678911610106959e-03 to 2.4678911610107059e-03 seconds.
Warning: Simulation tolerance relaxed to achieve convergence from 2.4678913081846855e-03 to 2.4678913081846955e-03 seconds.
Warning: Simulation tolerance relaxed to achieve convergence from 2.4711607530237172e-03 to 2.4711607530237272e-03 seconds.
Warning: Simulation tolerance relaxed to achieve convergence from 2.4828313518566467e-03 to 2.4828313518566567e-03 seconds.
Warning: Simulation tolerance relaxed to achieve convergence from 2.4903213295080352e-03 to 2.4903213295080452e-03 seconds.
Warning: Simulation tolerance relaxed to achieve convergence from 2.4903222104001661e-03 to 2.4903222104001761e-03 seconds.
Warning: Simulation tolerance relaxed to achieve convergence from 2.4903222723014545e-03 to 2.4903222723014645e-03 seconds.
Warning: Simulation tolerance relaxed to achieve convergence from 2.4978765518102624e-03 to 2.4978765518102724e-03 seconds.
Warning: Simulation tolerance relaxed to achieve convergence from 2.4978765518165521e-03 to 2.4978765518165621e-03 seconds.
Warning: Simulation tolerance relaxed to achieve convergence from 2.4978775286335275e-03 to 2.4978775286335375e-03 seconds.
Warning: Simulation tolerance relaxed to achieve convergence from 2.4978775286336073e-03 to 2.4978775286336173e-03 seconds.
Warning: Simulation tolerance relaxed to achieve convergence from 2.5086674987009005e-03 to 2.5086674987009104e-03 seconds.
Warning: Simulation tolerance relaxed to achieve convergence from 2.5128221059536994e-03 to 2.5128221059537094e-03 seconds.
Warning: Simulation tolerance relaxed to achieve convergence from 2.5128225227637226e-03 to 2.5128225227637325e-03 seconds.
Warning: Simulation tolerance relaxed to achieve convergence from 2.5128232126011918e-03 to 2.5128232126012018e-03 seconds.
Warning: Simulation tolerance relaxed to achieve convergence from 2.5161536020747795e-03 to 2.5161536020747895e-03 seconds.
Warning: Simulation tolerance relaxed to achieve convergence from 2.5161536020755480e-03 to 2.5161536020755580e-03 seconds.
Warning: Simulation tolerance relaxed to achieve convergence from 2.5161537009444268e-03 to 2.5161537009444367e-03 seconds.
Warning: Simulation tolerance relaxed to achieve convergence from 2.5161537009450964e-03 to 2.5161537009451064e-03 seconds.
Warning: Simulation tolerance relaxed to achieve convergence from 2.5203707078297610e-03 to 2.5203707078297710e-03 seconds.
Warning: Simulation tolerance relaxed to achieve convergence from 2.5203707078674726e-03 to 2.5203707078674826e-03 seconds.
Warning: Simulation tolerance relaxed to achieve convergence from 2.5203709163229360e-03 to 2.5203709163229460e-03 seconds.
Warning: Simulation tolerance relaxed to achieve convergence from 2.5203709163234252e-03 to 2.5203709163234352e-03 seconds.
Warning: Simulation tolerance relaxed to achieve convergence from 2.5203709163234352e-03 to 2.5203709163234451e-03 seconds.
Warning: Simulation tolerance relaxed to achieve convergence from 2.5203709182775968e-03 to 2.5203709182776068e-03 seconds.
Warning: Simulation tolerance relaxed to achieve convergence from 2.5203709182909663e-03 to 2.5203709182909763e-03 seconds.
Warning: Simulation tolerance relaxed to achieve convergence from 2.5203709182909763e-03 to 2.5203709182909863e-03 seconds.
Warning: Simulation tolerance relaxed to achieve convergence from 2.5203709182909863e-03 to 2.5203709182909963e-03 seconds.
Warning: Simulation tolerance relaxed to achieve convergence from 2.5203712897513592e-03 to 2.5203712897513691e-03 seconds.
Warning: Simulation tolerance relaxed to achieve convergence from 2.5203712897525488e-03 to 2.5203712897525587e-03 seconds.
Warning: Simulation tolerance relaxed to achieve convergence from 2.5203712897527582e-03 to 2.5203712897527682e-03 seconds.
Warning: Simulation tolerance relaxed to achieve convergence from 2.5203712897527682e-03 to 2.5203712897527782e-03 seconds.
Warning: Simulation tolerance relaxed to achieve convergence from 2.5278422704287720e-03 to 2.5278422704287820e-03 seconds.
Warning: Simulation tolerance relaxed to achieve convergence from 2.5278422704288518e-03 to 2.5278422704288618e-03 seconds.
Warning: Simulation tolerance relaxed to achieve convergence from 2.5278427288583042e-03 to 2.5278427288583142e-03 seconds.
Warning: Simulation tolerance relaxed to achieve convergence from 2.5353763087985074e-03 to 2.5353763087985173e-03 seconds.
Warning: Simulation tolerance relaxed to achieve convergence from 2.5386210796280928e-03 to 2.5386210796281027e-03 seconds.
Warning: Simulation tolerance relaxed to achieve convergence from 2.5428686940199064e-03 to 2.5428686940199164e-03 seconds.
Warning: Simulation tolerance relaxed to achieve convergence from 2.5428689478402505e-03 to 2.5428689478402605e-03 seconds.
Warning: Simulation tolerance relaxed to achieve convergence from 2.5428689480725278e-03 to 2.5428689480725378e-03 seconds.
Warning: Simulation tolerance relaxed to achieve convergence from 2.5428689480725976e-03 to 2.5428689480726076e-03 seconds.
Warning: Simulation tolerance relaxed to achieve convergence from 2.5503489350179507e-03 to 2.5503489350179607e-03 seconds.
Warning: Simulation tolerance relaxed to achieve convergence from 2.5503489350180305e-03 to 2.5503489350180404e-03 seconds.
Warning: Simulation tolerance relaxed to achieve convergence from 2.5503489350180604e-03 to 2.5503489350180704e-03 seconds.
Warning: Simulation tolerance relaxed to achieve convergence from 2.5503489350184095e-03 to 2.5503489350184195e-03 seconds.
Warning: Simulation tolerance relaxed to achieve convergence from 2.5503496667604914e-03 to 2.5503496667605013e-03 seconds.
Warning: Simulation tolerance relaxed to achieve convergence from 2.5503496667605013e-03 to 2.5503496667605113e-03 seconds.
Warning: Simulation tolerance relaxed to achieve convergence from 2.5503496667605113e-03 to 2.5503496667605213e-03 seconds.
Warning: Simulation tolerance relaxed to achieve convergence from 2.5578436259261809e-03 to 2.5578436259261908e-03 seconds.
Warning: Simulation tolerance relaxed to achieve convergence from 2.5578436300141270e-03 to 2.5578436300141370e-03 seconds.
Warning: Simulation tolerance relaxed to achieve convergence from 2.5578436356972285e-03 to 2.5578436356972385e-03 seconds.
Warning: Simulation tolerance relaxed to achieve convergence from 2.5578440591090754e-03 to 2.5578440591090853e-03 seconds.
Warning: Simulation tolerance relaxed to achieve convergence from 2.5578440592400548e-03 to 2.5578440592400648e-03 seconds.
Warning: Simulation tolerance relaxed to achieve convergence from 2.5611255481440887e-03 to 2.5611255481440987e-03 seconds.
Warning: Simulation tolerance relaxed to achieve convergence from 2.5728418741681998e-03 to 2.5728418741682098e-03 seconds.
Warning: Simulation tolerance relaxed to achieve convergence from 2.5728418741682597e-03 to 2.5728418741682696e-03 seconds.
Warning: Simulation tolerance relaxed to achieve convergence from 2.5728418741683295e-03 to 2.5728418741683395e-03 seconds.
Warning: Simulation tolerance relaxed to achieve convergence from 2.5728418741685789e-03 to 2.5728418741685888e-03 seconds.
Warning: Simulation tolerance relaxed to achieve convergence from 2.5728418741694874e-03 to 2.5728418741694974e-03 seconds.
Warning: Simulation tolerance relaxed to achieve convergence from 2.5728418773449829e-03 to 2.5728418773449929e-03 seconds.
Warning: Simulation tolerance relaxed to achieve convergence from 2.5728418775103771e-03 to 2.5728418775103870e-03 seconds.
Warning: Simulation tolerance relaxed to achieve convergence from 2.5728418782490219e-03 to 2.5728418782490318e-03 seconds.
Warning: Simulation tolerance relaxed to achieve convergence from 2.5878149996927781e-03 to 2.5878149996927881e-03 seconds.
Warning: Simulation tolerance relaxed to achieve convergence from 2.5878150015000078e-03 to 2.5878150015000178e-03 seconds.
Warning: Simulation tolerance relaxed to achieve convergence from 2.5878150015000278e-03 to 2.5878150015000378e-03 seconds.
Warning: Simulation tolerance relaxed to achieve convergence from 2.5953597113790891e-03 to 2.5953597113790991e-03 seconds.
Warning: Simulation tolerance relaxed to achieve convergence from 2.5953597671159972e-03 to 2.5953597671160072e-03 seconds.
Warning: Simulation tolerance relaxed to achieve convergence from 2.5953599106731356e-03 to 2.5953599106731456e-03 seconds.
Warning: Simulation tolerance relaxed to achieve convergence from 2.6028628484387282e-03 to 2.6028628484387382e-03 seconds.
Warning: Simulation tolerance relaxed to achieve convergence from 2.6103665485352500e-03 to 2.6103665485352600e-03 seconds.
Warning: Simulation tolerance relaxed to achieve convergence from 2.6103667354206339e-03 to 2.6103667354206439e-03 seconds.
Warning: Simulation tolerance relaxed to achieve convergence from 2.6103668363986325e-03 to 2.6103668363986424e-03 seconds.
Warning: Simulation tolerance relaxed to achieve convergence from 2.6103670063223972e-03 to 2.6103670063224072e-03 seconds.
Warning: Simulation tolerance relaxed to achieve convergence from 2.6103674408016306e-03 to 2.6103674408016406e-03 seconds.
Warning: Simulation tolerance relaxed to achieve convergence from 2.6178545698454761e-03 to 2.6178545698454861e-03 seconds.
Warning: Simulation tolerance relaxed to achieve convergence from 2.6178547785343127e-03 to 2.6178547785343227e-03 seconds.
Warning: Simulation tolerance relaxed to achieve convergence from 2.6178547787931539e-03 to 2.6178547787931638e-03 seconds.
Warning: Simulation tolerance relaxed to achieve convergence from 2.6178547787932536e-03 to 2.6178547787932636e-03 seconds.
Warning: Simulation tolerance relaxed to achieve convergence from 2.6178547787932636e-03 to 2.6178547787932735e-03 seconds.
Warning: Simulation tolerance relaxed to achieve convergence from 2.6178550681015427e-03 to 2.6178550681015527e-03 seconds.
Warning: Simulation tolerance relaxed to achieve convergence from 2.6178552251209164e-03 to 2.6178552251209263e-03 seconds.
Warning: Simulation tolerance relaxed to achieve convergence from 2.6253631383416310e-03 to 2.6253631383416410e-03 seconds.
Warning: Simulation tolerance relaxed to achieve convergence from 2.6253631383417009e-03 to 2.6253631383417108e-03 seconds.
Warning: Simulation tolerance relaxed to achieve convergence from 2.6328848732303368e-03 to 2.6328848732303468e-03 seconds.
Warning: Simulation tolerance relaxed to achieve convergence from 2.6328848732310763e-03 to 2.6328848732310862e-03 seconds.
Warning: Simulation tolerance relaxed to achieve convergence from 2.6328855765334379e-03 to 2.6328855765334479e-03 seconds.
Warning: Simulation tolerance relaxed to achieve convergence from 2.6328855765336075e-03 to 2.6328855765336175e-03 seconds.
Warning: Simulation tolerance relaxed to achieve convergence from 2.6328855765336873e-03 to 2.6328855765336973e-03 seconds.
Warning: Simulation tolerance relaxed to achieve convergence from 2.6403797250276959e-03 to 2.6403797250277058e-03 seconds.
Warning: Simulation tolerance relaxed to achieve convergence from 2.6553226912648326e-03 to 2.6553226912648426e-03 seconds.
Warning: Simulation tolerance relaxed to achieve convergence from 2.6553229557709241e-03 to 2.6553229557709341e-03 seconds.
Warning: Simulation tolerance relaxed to achieve convergence from 2.6553234735246672e-03 to 2.6553234735246772e-03 seconds.
Warning: Simulation tolerance relaxed to achieve convergence from 2.6553234739616059e-03 to 2.6553234739616158e-03 seconds.
Warning: Simulation tolerance relaxed to achieve convergence from 2.6553234744051638e-03 to 2.6553234744051738e-03 seconds.
Warning: Simulation tolerance relaxed to achieve convergence from 2.6703891005523208e-03 to 2.6703891005523308e-03 seconds.
Warning: Simulation tolerance relaxed to achieve convergence from 2.6853412906845662e-03 to 2.6853412906845762e-03 seconds.
Warning: Simulation tolerance relaxed to achieve convergence from 2.6853415176260418e-03 to 2.6853415176260518e-03 seconds.
Warning: Simulation tolerance relaxed to achieve convergence from 2.6853415505608863e-03 to 2.6853415505608963e-03 seconds.
Warning: Simulation tolerance relaxed to achieve convergence from 2.6886540237674788e-03 to 2.6886540237674888e-03 seconds.
Warning: Simulation tolerance relaxed to achieve convergence from 2.6886540237675088e-03 to 2.6886540237675187e-03 seconds.
Warning: Simulation tolerance relaxed to achieve convergence from 2.6928134862218762e-03 to 2.6928134862218862e-03 seconds.
Warning: Simulation tolerance relaxed to achieve convergence from 2.6928137958353577e-03 to 2.6928137958353677e-03 seconds.
Warning: Simulation tolerance relaxed to achieve convergence from 2.7003593127045444e-03 to 2.7003593127045544e-03 seconds.
Warning: Simulation tolerance relaxed to achieve convergence from 2.7003593127055635e-03 to 2.7003593127055735e-03 seconds.
Warning: Simulation tolerance relaxed to achieve convergence from 2.7003593127057132e-03 to 2.7003593127057231e-03 seconds.
Warning: Simulation tolerance relaxed to achieve convergence from 2.7003593127380545e-03 to 2.7003593127380644e-03 seconds.
Warning: Simulation tolerance relaxed to achieve convergence from 2.7153155772948996e-03 to 2.7153155772949096e-03 seconds.
Warning: Simulation tolerance relaxed to achieve convergence from 2.7153155773307403e-03 to 2.7153155773307503e-03 seconds.
Warning: Simulation tolerance relaxed to achieve convergence from 2.7153155777387751e-03 to 2.7153155777387850e-03 seconds.
Warning: Simulation tolerance relaxed to achieve convergence from 2.7153155794323236e-03 to 2.7153155794323335e-03 seconds.
Warning: Simulation tolerance relaxed to achieve convergence from 2.7153155794350133e-03 to 2.7153155794350232e-03 seconds.
Warning: Simulation tolerance relaxed to achieve convergence from 2.7153157959942525e-03 to 2.7153157959942625e-03 seconds.
Warning: Simulation tolerance relaxed to achieve convergence from 2.7186385523883319e-03 to 2.7186385523883419e-03 seconds.
Warning: Simulation tolerance relaxed to achieve convergence from 2.7228399784312964e-03 to 2.7228399784313064e-03 seconds.
Warning: Simulation tolerance relaxed to achieve convergence from 2.7228399784677689e-03 to 2.7228399784677789e-03 seconds.
Warning: Simulation tolerance relaxed to achieve convergence from 2.7228399784687382e-03 to 2.7228399784687482e-03 seconds.
Warning: Simulation tolerance relaxed to achieve convergence from 2.7228399784688878e-03 to 2.7228399784688978e-03 seconds.
Warning: Simulation tolerance relaxed to achieve convergence from 2.7228399876446691e-03 to 2.7228399876446790e-03 seconds.
Warning: Simulation tolerance relaxed to achieve convergence from 2.7228399876447489e-03 to 2.7228399876447588e-03 seconds.
Warning: Simulation tolerance relaxed to achieve convergence from 2.7228399876447688e-03 to 2.7228399876447788e-03 seconds.
Warning: Simulation tolerance relaxed to achieve convergence from 2.7261410765423398e-03 to 2.7261410765423498e-03 seconds.
Warning: Simulation tolerance relaxed to achieve convergence from 2.7261410817722835e-03 to 2.7261410817722934e-03 seconds.
Warning: Simulation tolerance relaxed to achieve convergence from 2.7378670512691106e-03 to 2.7378670512691206e-03 seconds.
Warning: Simulation tolerance relaxed to achieve convergence from 2.7378670512691406e-03 to 2.7378670512691505e-03 seconds.
Warning: Simulation tolerance relaxed to achieve convergence from 2.7378670801326789e-03 to 2.7378670801326888e-03 seconds.
Warning: Simulation tolerance relaxed to achieve convergence from 2.7378670801329985e-03 to 2.7378670801330085e-03 seconds.
Warning: Simulation tolerance relaxed to achieve convergence from 2.7378670801330583e-03 to 2.7378670801330683e-03 seconds.
Warning: Simulation tolerance relaxed to achieve convergence from 2.7378670801339279e-03 to 2.7378670801339378e-03 seconds.
Warning: Simulation tolerance relaxed to achieve convergence from 2.7453666658637677e-03 to 2.7453666658637777e-03 seconds.
Warning: Simulation tolerance relaxed to achieve convergence from 2.7453666658698367e-03 to 2.7453666658698466e-03 seconds.
Warning: Simulation tolerance relaxed to achieve convergence from 2.7453676068867647e-03 to 2.7453676068867746e-03 seconds.
Warning: Simulation tolerance relaxed to achieve convergence from 2.7486259611535333e-03 to 2.7486259611535432e-03 seconds.
Warning: Simulation tolerance relaxed to achieve convergence from 2.7528314504956571e-03 to 2.7528314504956671e-03 seconds.
Warning: Simulation tolerance relaxed to achieve convergence from 2.7678507379599888e-03 to 2.7678507379599987e-03 seconds.
Warning: Simulation tolerance relaxed to achieve convergence from 2.7678507380707769e-03 to 2.7678507380707869e-03 seconds.
Warning: Simulation tolerance relaxed to achieve convergence from 2.7678507380713160e-03 to 2.7678507380713259e-03 seconds.
Warning: Simulation tolerance relaxed to achieve convergence from 2.7678507380726755e-03 to 2.7678507380726855e-03 seconds.
Warning: Simulation tolerance relaxed to achieve convergence from 2.7711376755154148e-03 to 2.7711376755154248e-03 seconds.
Warning: Simulation tolerance relaxed to achieve convergence from 2.7828560136889499e-03 to 2.7828560136889599e-03 seconds.
Warning: Simulation tolerance relaxed to achieve convergence from 2.7828560136889599e-03 to 2.7828560136889699e-03 seconds.
Warning: Simulation tolerance relaxed to achieve convergence from 2.7903509807591120e-03 to 2.7903509807591220e-03 seconds.
Warning: Simulation tolerance relaxed to achieve convergence from 2.7978858485137987e-03 to 2.7978858485138087e-03 seconds.
Warning: Simulation tolerance relaxed to achieve convergence from 2.8128420356780420e-03 to 2.8128420356780520e-03 seconds.
Warning: Simulation tolerance relaxed to achieve convergence from 2.8128420975646160e-03 to 2.8128420975646259e-03 seconds.
Warning: Simulation tolerance relaxed to achieve convergence from 2.8128420975646858e-03 to 2.8128420975646958e-03 seconds.
Warning: Simulation tolerance relaxed to achieve convergence from 2.8128420975908177e-03 to 2.8128420975908276e-03 seconds.
Warning: Simulation tolerance relaxed to achieve convergence from 2.8128420979484188e-03 to 2.8128420979484287e-03 seconds.
Warning: Simulation tolerance relaxed to achieve convergence from 2.8128422332265647e-03 to 2.8128422332265746e-03 seconds.
Warning: Simulation tolerance relaxed to achieve convergence from 2.8128422332532664e-03 to 2.8128422332532764e-03 seconds.
Warning: Simulation tolerance relaxed to achieve convergence from 2.8203359716774553e-03 to 2.8203359716774653e-03 seconds.
Warning: Simulation tolerance relaxed to achieve convergence from 2.8203359716774752e-03 to 2.8203359716774852e-03 seconds.
Warning: Simulation tolerance relaxed to achieve convergence from 2.8203359716776448e-03 to 2.8203359716776548e-03 seconds.
Warning: Simulation tolerance relaxed to achieve convergence from 2.8203359721150028e-03 to 2.8203359721150128e-03 seconds.
Warning: Simulation tolerance relaxed to achieve convergence from 2.8278669932412280e-03 to 2.8278669932412380e-03 seconds.
Warning: Simulation tolerance relaxed to achieve convergence from 2.8278669934561655e-03 to 2.8278669934561755e-03 seconds.
Warning: Simulation tolerance relaxed to achieve convergence from 2.8278669934809564e-03 to 2.8278669934809664e-03 seconds.
Warning: Simulation tolerance relaxed to achieve convergence from 2.8353372261030792e-03 to 2.8353372261030892e-03 seconds.
Warning: Simulation tolerance relaxed to achieve convergence from 2.8353373062022197e-03 to 2.8353373062022296e-03 seconds.
Warning: Simulation tolerance relaxed to achieve convergence from 2.8353373062022296e-03 to 2.8353373062022396e-03 seconds.
Warning: Simulation tolerance relaxed to achieve convergence from 2.8353373074958112e-03 to 2.8353373074958212e-03 seconds.
Warning: Simulation tolerance relaxed to achieve convergence from 2.8353373074958212e-03 to 2.8353373074958312e-03 seconds.
Warning: Simulation tolerance relaxed to achieve convergence from 2.8353373074958312e-03 to 2.8353373074958411e-03 seconds.
Warning: Simulation tolerance relaxed to achieve convergence from 2.8428136916586193e-03 to 2.8428136916586293e-03 seconds.
Warning: Simulation tolerance relaxed to achieve convergence from 2.8428141956432251e-03 to 2.8428141956432351e-03 seconds.
Warning: Simulation tolerance relaxed to achieve convergence from 2.8428141956433049e-03 to 2.8428141956433148e-03 seconds.
Warning: Simulation tolerance relaxed to achieve convergence from 2.8428148944068801e-03 to 2.8428148944068901e-03 seconds.
Warning: Simulation tolerance relaxed to achieve convergence from 2.8428148944637634e-03 to 2.8428148944637734e-03 seconds.
Warning: Simulation tolerance relaxed to achieve convergence from 2.8428148944659804e-03 to 2.8428148944659904e-03 seconds.
Warning: Simulation tolerance relaxed to achieve convergence from 2.8428148944669492e-03 to 2.8428148944669592e-03 seconds.
Warning: Simulation tolerance relaxed to achieve convergence from 2.8428148944670190e-03 to 2.8428148944670290e-03 seconds.
Warning: Simulation tolerance relaxed to achieve convergence from 2.8428149607678827e-03 to 2.8428149607678927e-03 seconds.
Warning: Simulation tolerance relaxed to achieve convergence from 2.8428149607679426e-03 to 2.8428149607679525e-03 seconds.
Warning: Simulation tolerance relaxed to achieve convergence from 2.8428149607828417e-03 to 2.8428149607828516e-03 seconds.
Warning: Simulation tolerance relaxed to achieve convergence from 2.8428149617403457e-03 to 2.8428149617403557e-03 seconds.
Warning: Simulation tolerance relaxed to achieve convergence from 2.8428149620755945e-03 to 2.8428149620756044e-03 seconds.
Warning: Simulation tolerance relaxed to achieve convergence from 2.8428149620756344e-03 to 2.8428149620756443e-03 seconds.
Warning: Simulation tolerance relaxed to achieve convergence from 2.8428149620757441e-03 to 2.8428149620757541e-03 seconds.
Warning: Simulation tolerance relaxed to achieve convergence from 2.8428149620757541e-03 to 2.8428149620757640e-03 seconds.
Warning: Simulation tolerance relaxed to achieve convergence from 2.8428149620757640e-03 to 2.8428149620757740e-03 seconds.
Warning: Simulation tolerance relaxed to achieve convergence from 2.8428149620757740e-03 to 2.8428149620757840e-03 seconds.
Warning: Simulation tolerance relaxed to achieve convergence from 2.8428149620757840e-03 to 2.8428149620757940e-03 seconds.
Warning: Simulation tolerance relaxed to achieve convergence from 2.8428149620757940e-03 to 2.8428149620758039e-03 seconds.
Warning: Simulation tolerance relaxed to achieve convergence from 2.8503809129810900e-03 to 2.8503809129811000e-03 seconds.
Warning: Simulation tolerance relaxed to achieve convergence from 2.8503809129965104e-03 to 2.8503809129965204e-03 seconds.
Warning: Simulation tolerance relaxed to achieve convergence from 2.8503809130855573e-03 to 2.8503809130855672e-03 seconds.
Warning: Simulation tolerance relaxed to achieve convergence from 2.8503809282929538e-03 to 2.8503809282929638e-03 seconds.
Warning: Simulation tolerance relaxed to achieve convergence from 2.8503809283382067e-03 to 2.8503809283382166e-03 seconds.
Warning: Simulation tolerance relaxed to achieve convergence from 2.8503809283382665e-03 to 2.8503809283382765e-03 seconds.
Warning: Simulation tolerance relaxed to achieve convergence from 2.8536537195179294e-03 to 2.8536537195179394e-03 seconds.
Warning: Simulation tolerance relaxed to achieve convergence from 2.8578826713276874e-03 to 2.8578826713276974e-03 seconds.
Warning: Simulation tolerance relaxed to achieve convergence from 2.8578826713278370e-03 to 2.8578826713278470e-03 seconds.
Warning: Simulation tolerance relaxed to achieve convergence from 2.8578826713278470e-03 to 2.8578826713278570e-03 seconds.
Warning: Simulation tolerance relaxed to achieve convergence from 2.8578826713278570e-03 to 2.8578826713278670e-03 seconds.
Warning: Simulation tolerance relaxed to achieve convergence from 2.8578826713278670e-03 to 2.8578826713278769e-03 seconds.
Warning: Simulation tolerance relaxed to achieve convergence from 2.8578826713278769e-03 to 2.8578826713278869e-03 seconds.
Warning: Simulation tolerance relaxed to achieve convergence from 2.8578826713278869e-03 to 2.8578826713278969e-03 seconds.
Warning: Simulation tolerance relaxed to achieve convergence from 2.8578826713278969e-03 to 2.8578826713279069e-03 seconds.
Warning: Simulation tolerance relaxed to achieve convergence from 2.8578826713279069e-03 to 2.8578826713279168e-03 seconds.
Warning: Simulation tolerance relaxed to achieve convergence from 2.8578826713279168e-03 to 2.8578826713279268e-03 seconds.
Warning: Simulation tolerance relaxed to achieve convergence from 2.8578826713279268e-03 to 2.8578826713279368e-03 seconds.
Warning: Simulation tolerance relaxed to achieve convergence from 2.8578829940980235e-03 to 2.8578829940980334e-03 seconds.
Warning: Simulation tolerance relaxed to achieve convergence from 2.8578829941010324e-03 to 2.8578829941010423e-03 seconds.
Warning: Simulation tolerance relaxed to achieve convergence from 2.8578829977259916e-03 to 2.8578829977260016e-03 seconds.
Warning: Simulation tolerance relaxed to achieve convergence from 2.8653241745684949e-03 to 2.8653241745685049e-03 seconds.
Warning: Simulation tolerance relaxed to achieve convergence from 2.8653254686259325e-03 to 2.8653254686259425e-03 seconds.
Warning: Simulation tolerance relaxed to achieve convergence from 2.8653254686259724e-03 to 2.8653254686259824e-03 seconds.
Warning: Simulation tolerance relaxed to achieve convergence from 2.8653254686260522e-03 to 2.8653254686260622e-03 seconds.
Warning: Simulation tolerance relaxed to achieve convergence from 2.8803137474424810e-03 to 2.8803137474424909e-03 seconds.
Warning: Simulation tolerance relaxed to achieve convergence from 2.8803137474425109e-03 to 2.8803137474425209e-03 seconds.
Warning: Simulation tolerance relaxed to achieve convergence from 2.8803137474425508e-03 to 2.8803137474425608e-03 seconds.
Warning: Simulation tolerance relaxed to achieve convergence from 2.8803140638916564e-03 to 2.8803140638916664e-03 seconds.
Warning: Simulation tolerance relaxed to achieve convergence from 2.8803140728934301e-03 to 2.8803140728934401e-03 seconds.
Warning: Simulation tolerance relaxed to achieve convergence from 2.9253569043545713e-03 to 2.9253569043545813e-03 seconds.
Warning: Simulation tolerance relaxed to achieve convergence from 2.9253569043546012e-03 to 2.9253569043546112e-03 seconds.
Warning: Simulation tolerance relaxed to achieve convergence from 2.9253579581899006e-03 to 2.9253579581899106e-03 seconds.
Warning: Simulation tolerance relaxed to achieve convergence from 2.9253579900678198e-03 to 2.9253579900678298e-03 seconds.
Warning: Simulation tolerance relaxed to achieve convergence from 2.9328703114028555e-03 to 2.9328703114028655e-03 seconds.
Warning: Simulation tolerance relaxed to achieve convergence from 2.9328703114028854e-03 to 2.9328703114028954e-03 seconds.
Warning: Simulation tolerance relaxed to achieve convergence from 2.9328705723698206e-03 to 2.9328705723698305e-03 seconds.
Warning: Simulation tolerance relaxed to achieve convergence from 2.9328705875568306e-03 to 2.9328705875568406e-03 seconds.
Warning: Simulation tolerance relaxed to achieve convergence from 2.9403069919885206e-03 to 2.9403069919885306e-03 seconds.
Warning: Simulation tolerance relaxed to achieve convergence from 2.9403069919999312e-03 to 2.9403069919999411e-03 seconds.
Warning: Simulation tolerance relaxed to achieve convergence from 2.9403069920010899e-03 to 2.9403069920010999e-03 seconds.
Warning: Simulation tolerance relaxed to achieve convergence from 2.9403069920012695e-03 to 2.9403069920012795e-03 seconds.
Warning: Simulation tolerance relaxed to achieve convergence from 2.9403069920013094e-03 to 2.9403069920013194e-03 seconds.
Warning: Simulation tolerance relaxed to achieve convergence from 2.9403069920013194e-03 to 2.9403069920013293e-03 seconds.
Warning: Simulation tolerance relaxed to achieve convergence from 2.9403069920013493e-03 to 2.9403069920013593e-03 seconds.
Warning: Simulation tolerance relaxed to achieve convergence from 2.9403069920013792e-03 to 2.9403069920013892e-03 seconds.
Warning: Simulation tolerance relaxed to achieve convergence from 2.9403069920013892e-03 to 2.9403069920013992e-03 seconds.
Warning: Simulation tolerance relaxed to achieve convergence from 2.9403069920014191e-03 to 2.9403069920014291e-03 seconds.
Warning: Simulation tolerance relaxed to achieve convergence from 2.9403069920014291e-03 to 2.9403069920014391e-03 seconds.
Warning: Simulation tolerance relaxed to achieve convergence from 2.9403070262214504e-03 to 2.9403070262214604e-03 seconds.
Warning: Simulation tolerance relaxed to achieve convergence from 2.9403076692908481e-03 to 2.9403076692908581e-03 seconds.
Warning: Simulation tolerance relaxed to achieve convergence from 2.9403076692908581e-03 to 2.9403076692908680e-03 seconds.
Warning: Simulation tolerance relaxed to achieve convergence from 2.9403076699662072e-03 to 2.9403076699662171e-03 seconds.
Warning: Simulation tolerance relaxed to achieve convergence from 2.9478570873342530e-03 to 2.9478570873342630e-03 seconds.
Warning: Simulation tolerance relaxed to achieve convergence from 2.9478573607027913e-03 to 2.9478573607028013e-03 seconds.
Warning: Simulation tolerance relaxed to achieve convergence from 2.9478573608482041e-03 to 2.9478573608482141e-03 seconds.
Warning: Simulation tolerance relaxed to achieve convergence from 2.9478575680429854e-03 to 2.9478575680429954e-03 seconds.
Warning: Simulation tolerance relaxed to achieve convergence from 2.9478575680447349e-03 to 2.9478575680447448e-03 seconds.
Warning: Simulation tolerance relaxed to achieve convergence from 2.9553568206056582e-03 to 2.9553568206056682e-03 seconds.
Warning: Simulation tolerance relaxed to achieve convergence from 2.9553568490069252e-03 to 2.9553568490069352e-03 seconds.
Warning: Simulation tolerance relaxed to achieve convergence from 2.9553568490086443e-03 to 2.9553568490086543e-03 seconds.
Warning: Simulation tolerance relaxed to achieve convergence from 2.9553568490091830e-03 to 2.9553568490091929e-03 seconds.
Warning: Simulation tolerance relaxed to achieve convergence from 2.9553568490091929e-03 to 2.9553568490092029e-03 seconds.
Warning: Simulation tolerance relaxed to achieve convergence from 2.9553568498237445e-03 to 2.9553568498237545e-03 seconds.
Warning: Simulation tolerance relaxed to achieve convergence from 2.9553568498237744e-03 to 2.9553568498237844e-03 seconds.
Warning: Simulation tolerance relaxed to achieve convergence from 2.9628417308383316e-03 to 2.9628417308383416e-03 seconds.
Warning: Simulation tolerance relaxed to achieve convergence from 2.9703314972213050e-03 to 2.9703314972213150e-03 seconds.
Warning: Simulation tolerance relaxed to achieve convergence from 2.9703317388540709e-03 to 2.9703317388540809e-03 seconds.
Warning: Simulation tolerance relaxed to achieve convergence from 2.9703318060114014e-03 to 2.9703318060114114e-03 seconds.
Warning: Simulation tolerance relaxed to achieve convergence from 2.9703318060114712e-03 to 2.9703318060114812e-03 seconds.
Warning: Simulation tolerance relaxed to achieve convergence from 2.9703319599706166e-03 to 2.9703319599706265e-03 seconds.
Warning: Simulation tolerance relaxed to achieve convergence from 2.9703319599706265e-03 to 2.9703319599706365e-03 seconds.
Warning: Simulation tolerance relaxed to achieve convergence from 2.9703319599706365e-03 to 2.9703319599706465e-03 seconds.
Warning: Simulation tolerance relaxed to achieve convergence from 2.9703319739864688e-03 to 2.9703319739864788e-03 seconds.
Warning: Simulation tolerance relaxed to achieve convergence from 2.9853780358349872e-03 to 2.9853780358349972e-03 seconds.
Warning: Simulation tolerance relaxed to achieve convergence from 2.9853822329915874e-03 to 2.9853822329915973e-03 seconds.
Warning: Simulation tolerance relaxed to achieve convergence from 2.9853822917640816e-03 to 2.9853822917640916e-03 seconds.
Warning: Simulation tolerance relaxed to achieve convergence from 2.9853826185925400e-03 to 2.9853826185925500e-03 seconds.
Warning: Simulation tolerance relaxed to achieve convergence from 2.9853826185925500e-03 to 2.9853826185925600e-03 seconds.
Warning: Simulation tolerance relaxed to achieve convergence from 2.9853826185925699e-03 to 2.9853826185925799e-03 seconds.
Warning: Simulation tolerance relaxed to achieve convergence from 2.9853827124085011e-03 to 2.9853827124085111e-03 seconds.
Warning: Simulation tolerance relaxed to achieve convergence from 3.0078110848156914e-03 to 3.0078110848157013e-03 seconds.
Warning: Simulation tolerance relaxed to achieve convergence from 3.0078113250700139e-03 to 3.0078113250700238e-03 seconds.
Warning: Simulation tolerance relaxed to achieve convergence from 3.0078114283026529e-03 to 3.0078114283026629e-03 seconds.
Warning: Simulation tolerance relaxed to achieve convergence from 3.0078114283027327e-03 to 3.0078114283027427e-03 seconds.
Warning: Simulation tolerance relaxed to achieve convergence from 3.0078114334255333e-03 to 3.0078114334255433e-03 seconds.
Warning: Simulation tolerance relaxed to achieve convergence from 3.0078114334255433e-03 to 3.0078114334255533e-03 seconds.
Warning: Simulation tolerance relaxed to achieve convergence from 3.0078114334255533e-03 to 3.0078114334255632e-03 seconds.
Warning: Simulation tolerance relaxed to achieve convergence from 3.0078114334255632e-03 to 3.0078114334255732e-03 seconds.
Warning: Simulation tolerance relaxed to achieve convergence from 3.0078114865518066e-03 to 3.0078114865518166e-03 seconds.
Warning: Simulation tolerance relaxed to achieve convergence from 3.0078114884395475e-03 to 3.0078114884395575e-03 seconds.
Warning: Simulation tolerance relaxed to achieve convergence from 3.0078114915799252e-03 to 3.0078114915799352e-03 seconds.
Warning: Simulation tolerance relaxed to achieve convergence from 3.0078120659066680e-03 to 3.0078120659066780e-03 seconds.
Warning: Simulation tolerance relaxed to achieve convergence from 3.0078121064007362e-03 to 3.0078121064007462e-03 seconds.
Warning: Simulation tolerance relaxed to achieve convergence from 3.0153829395818004e-03 to 3.0153829395818104e-03 seconds.
Warning: Simulation tolerance relaxed to achieve convergence from 3.0153847731981625e-03 to 3.0153847731981724e-03 seconds.
Warning: Simulation tolerance relaxed to achieve convergence from 3.0228689788163194e-03 to 3.0228689788163294e-03 seconds.
Warning: Simulation tolerance relaxed to achieve convergence from 3.0228689788163294e-03 to 3.0228689788163393e-03 seconds.
Warning: Simulation tolerance relaxed to achieve convergence from 3.0228691152558631e-03 to 3.0228691152558731e-03 seconds.
Warning: Simulation tolerance relaxed to achieve convergence from 3.0228691152561025e-03 to 3.0228691152561125e-03 seconds.
Warning: Simulation tolerance relaxed to achieve convergence from 3.0228691152561424e-03 to 3.0228691152561524e-03 seconds.
Warning: Simulation tolerance relaxed to achieve convergence from 3.0228691152938453e-03 to 3.0228691152938553e-03 seconds.
Warning: Simulation tolerance relaxed to achieve convergence from 3.0228691154321869e-03 to 3.0228691154321969e-03 seconds.
Warning: Simulation tolerance relaxed to achieve convergence from 3.0228691154321969e-03 to 3.0228691154322068e-03 seconds.
Warning: Simulation tolerance relaxed to achieve convergence from 3.0228691154322068e-03 to 3.0228691154322168e-03 seconds.
Warning: Simulation tolerance relaxed to achieve convergence from 3.0228691154322168e-03 to 3.0228691154322268e-03 seconds.
Warning: Simulation tolerance relaxed to achieve convergence from 3.0228691154322268e-03 to 3.0228691154322368e-03 seconds.
Warning: Simulation tolerance relaxed to achieve convergence from 3.0228691154322368e-03 to 3.0228691154322467e-03 seconds.
Warning: Simulation tolerance relaxed to achieve convergence from 3.0228691257712732e-03 to 3.0228691257712832e-03 seconds.
Warning: Simulation tolerance relaxed to achieve convergence from 3.0228691257712832e-03 to 3.0228691257712932e-03 seconds.
Warning: Simulation tolerance relaxed to achieve convergence from 3.0228691258187253e-03 to 3.0228691258187353e-03 seconds.
Warning: Simulation tolerance relaxed to achieve convergence from 3.0228691258188749e-03 to 3.0228691258188849e-03 seconds.
Warning: Simulation tolerance relaxed to achieve convergence from 3.0228691258322045e-03 to 3.0228691258322145e-03 seconds.
Warning: Simulation tolerance relaxed to achieve convergence from 3.0303173938792715e-03 to 3.0303173938792814e-03 seconds.
Warning: Simulation tolerance relaxed to achieve convergence from 3.0303174050739924e-03 to 3.0303174050740024e-03 seconds.
Warning: Simulation tolerance relaxed to achieve convergence from 3.0303174050740921e-03 to 3.0303174050741021e-03 seconds.
Warning: Simulation tolerance relaxed to achieve convergence from 3.0378712530456540e-03 to 3.0378712530456640e-03 seconds.
Warning: Simulation tolerance relaxed to achieve convergence from 3.0378712574586435e-03 to 3.0378712574586535e-03 seconds.
Warning: Simulation tolerance relaxed to achieve convergence from 3.0378712579101131e-03 to 3.0378712579101231e-03 seconds.
Warning: Simulation tolerance relaxed to achieve convergence from 3.0453425276316987e-03 to 3.0453425276317087e-03 seconds.
Warning: Simulation tolerance relaxed to achieve convergence from 3.0453425334786267e-03 to 3.0453425334786366e-03 seconds.
Warning: Simulation tolerance relaxed to achieve convergence from 3.0453427284579788e-03 to 3.0453427284579887e-03 seconds.
Warning: Simulation tolerance relaxed to achieve convergence from 3.0453429060620907e-03 to 3.0453429060621007e-03 seconds.
Warning: Simulation tolerance relaxed to achieve convergence from 3.0453429060621007e-03 to 3.0453429060621107e-03 seconds.
Warning: Simulation tolerance relaxed to achieve convergence from 3.0453429060621306e-03 to 3.0453429060621406e-03 seconds.
Warning: Simulation tolerance relaxed to achieve convergence from 3.0453429060621406e-03 to 3.0453429060621506e-03 seconds.
Warning: Simulation tolerance relaxed to achieve convergence from 3.0453429060621506e-03 to 3.0453429060621606e-03 seconds.
Warning: Simulation tolerance relaxed to achieve convergence from 3.0453429060621606e-03 to 3.0453429060621705e-03 seconds.
Warning: Simulation tolerance relaxed to achieve convergence from 3.0453429060621705e-03 to 3.0453429060621805e-03 seconds.
Warning: Simulation tolerance relaxed to achieve convergence from 3.0453429060636195e-03 to 3.0453429060636294e-03 seconds.
Warning: Simulation tolerance relaxed to achieve convergence from 3.0453432448524073e-03 to 3.0453432448524173e-03 seconds.
Warning: Simulation tolerance relaxed to achieve convergence from 3.0528666609750139e-03 to 3.0528666609750238e-03 seconds.
Warning: Simulation tolerance relaxed to achieve convergence from 3.0528666609753231e-03 to 3.0528666609753331e-03 seconds.
Warning: Simulation tolerance relaxed to achieve convergence from 3.0528667442212389e-03 to 3.0528667442212489e-03 seconds.
Warning: Simulation tolerance relaxed to achieve convergence from 3.0528667442264582e-03 to 3.0528667442264682e-03 seconds.
Warning: Simulation tolerance relaxed to achieve convergence from 3.0528667500026299e-03 to 3.0528667500026399e-03 seconds.
Warning: Simulation tolerance relaxed to achieve convergence from 3.0528667500387928e-03 to 3.0528667500388028e-03 seconds.
Warning: Simulation tolerance relaxed to achieve convergence from 3.0528667500389324e-03 to 3.0528667500389424e-03 seconds.
Warning: Simulation tolerance relaxed to achieve convergence from 3.0753647403975312e-03 to 3.0753647403975412e-03 seconds.
Warning: Simulation tolerance relaxed to achieve convergence from 3.0753653442985602e-03 to 3.0753653442985702e-03 seconds.
Warning: Simulation tolerance relaxed to achieve convergence from 3.0753653714583429e-03 to 3.0753653714583528e-03 seconds.
Warning: Simulation tolerance relaxed to achieve convergence from 3.0753653866643781e-03 to 3.0753653866643881e-03 seconds.
Warning: Simulation tolerance relaxed to achieve convergence from 3.0828694478282743e-03 to 3.0828694478282842e-03 seconds.
Warning: Simulation tolerance relaxed to achieve convergence from 3.0828694478464559e-03 to 3.0828694478464659e-03 seconds.
Warning: Simulation tolerance relaxed to achieve convergence from 3.0828696416702328e-03 to 3.0828696416702428e-03 seconds.
Warning: Simulation tolerance relaxed to achieve convergence from 3.0828696416702428e-03 to 3.0828696416702528e-03 seconds.
Warning: Simulation tolerance relaxed to achieve convergence from 3.0828696432310212e-03 to 3.0828696432310312e-03 seconds.
Warning: Simulation tolerance relaxed to achieve convergence from 3.0828696432313707e-03 to 3.0828696432313807e-03 seconds.
Warning: Simulation tolerance relaxed to achieve convergence from 3.0828703552527809e-03 to 3.0828703552527909e-03 seconds.
Warning: Simulation tolerance relaxed to achieve convergence from 3.0861611304737126e-03 to 3.0861611304737226e-03 seconds.
Warning: Simulation tolerance relaxed to achieve convergence from 3.0903686601966183e-03 to 3.0903686601966283e-03 seconds.
Warning: Simulation tolerance relaxed to achieve convergence from 3.0903686601988171e-03 to 3.0903686601988271e-03 seconds.
Warning: Simulation tolerance relaxed to achieve convergence from 3.0903686953916267e-03 to 3.0903686953916367e-03 seconds.
Warning: Simulation tolerance relaxed to achieve convergence from 3.0978569741334028e-03 to 3.0978569741334128e-03 seconds.
Warning: Simulation tolerance relaxed to achieve convergence from 3.0978570019231061e-03 to 3.0978570019231160e-03 seconds.
Warning: Simulation tolerance relaxed to achieve convergence from 3.1053857601196738e-03 to 3.1053857601196838e-03 seconds.
Warning: Simulation tolerance relaxed to achieve convergence from 3.1128233823362627e-03 to 3.1128233823362727e-03 seconds.
Warning: Simulation tolerance relaxed to achieve convergence from 3.1128233826539591e-03 to 3.1128233826539691e-03 seconds.
Warning: Simulation tolerance relaxed to achieve convergence from 3.1278392044784996e-03 to 3.1278392044785095e-03 seconds.
Warning: Simulation tolerance relaxed to achieve convergence from 3.1428298309543962e-03 to 3.1428298309544062e-03 seconds.
Warning: Simulation tolerance relaxed to achieve convergence from 3.1428298309551946e-03 to 3.1428298309552046e-03 seconds.
Warning: Simulation tolerance relaxed to achieve convergence from 3.1428298309552046e-03 to 3.1428298309552146e-03 seconds.
Warning: Simulation tolerance relaxed to achieve convergence from 3.1428298309552445e-03 to 3.1428298309552545e-03 seconds.
Warning: Simulation tolerance relaxed to achieve convergence from 3.1578392712748684e-03 to 3.1578392712748784e-03 seconds.
Warning: Simulation tolerance relaxed to achieve convergence from 3.1578392712752180e-03 to 3.1578392712752279e-03 seconds.
Warning: Simulation tolerance relaxed to achieve convergence from 3.1578392712752479e-03 to 3.1578392712752579e-03 seconds.
Warning: Simulation tolerance relaxed to achieve convergence from 3.1578392712752778e-03 to 3.1578392712752878e-03 seconds.
Warning: Simulation tolerance relaxed to achieve convergence from 3.1578392870258744e-03 to 3.1578392870258844e-03 seconds.
Warning: Simulation tolerance relaxed to achieve convergence from 3.1578392935233293e-03 to 3.1578392935233393e-03 seconds.
Warning: Simulation tolerance relaxed to achieve convergence from 3.1653429982374738e-03 to 3.1653429982374838e-03 seconds.
Warning: Simulation tolerance relaxed to achieve convergence from 3.1653429982374838e-03 to 3.1653429982374938e-03 seconds.
Warning: Simulation tolerance relaxed to achieve convergence from 3.1653430299445839e-03 to 3.1653430299445938e-03 seconds.
Warning: Simulation tolerance relaxed to achieve convergence from 3.1653430299450830e-03 to 3.1653430299450930e-03 seconds.
Warning: Simulation tolerance relaxed to achieve convergence from 3.1653430299452626e-03 to 3.1653430299452725e-03 seconds.
Warning: Simulation tolerance relaxed to achieve convergence from 3.1803372989708712e-03 to 3.1803372989708811e-03 seconds.
Warning: Simulation tolerance relaxed to achieve convergence from 3.1803372990010020e-03 to 3.1803372990010120e-03 seconds.
Warning: Simulation tolerance relaxed to achieve convergence from 3.1803372990014912e-03 to 3.1803372990015012e-03 seconds.
Warning: Simulation tolerance relaxed to achieve convergence from 3.1878727961643831e-03 to 3.1878727961643931e-03 seconds.
Warning: Simulation tolerance relaxed to achieve convergence from 3.2028598158260918e-03 to 3.2028598158261017e-03 seconds.
Warning: Simulation tolerance relaxed to achieve convergence from 3.2028598158485929e-03 to 3.2028598158486028e-03 seconds.
Warning: Simulation tolerance relaxed to achieve convergence from 3.2103365310311178e-03 to 3.2103365310311278e-03 seconds.
Warning: Simulation tolerance relaxed to achieve convergence from 3.2103365310312175e-03 to 3.2103365310312275e-03 seconds.
Warning: Simulation tolerance relaxed to achieve convergence from 3.2103365310316070e-03 to 3.2103365310316169e-03 seconds.
Warning: Simulation tolerance relaxed to achieve convergence from 3.2103382354562691e-03 to 3.2103382354562791e-03 seconds.
Warning: Simulation tolerance relaxed to achieve convergence from 3.2103382358527129e-03 to 3.2103382358527228e-03 seconds.
Warning: Simulation tolerance relaxed to achieve convergence from 3.2103382358527328e-03 to 3.2103382358527428e-03 seconds.
Warning: Simulation tolerance relaxed to achieve convergence from 3.2103382358527428e-03 to 3.2103382358527528e-03 seconds.
Warning: Simulation tolerance relaxed to achieve convergence from 3.2211846008984362e-03 to 3.2211846008984462e-03 seconds.
Warning: Simulation tolerance relaxed to achieve convergence from 3.2253904425920943e-03 to 3.2253904425921043e-03 seconds.
Warning: Simulation tolerance relaxed to achieve convergence from 3.2253904435039929e-03 to 3.2253904435040029e-03 seconds.
Warning: Simulation tolerance relaxed to achieve convergence from 3.2253910856041589e-03 to 3.2253910856041689e-03 seconds.
Warning: Simulation tolerance relaxed to achieve convergence from 3.2253910856042886e-03 to 3.2253910856042986e-03 seconds.
Warning: Simulation tolerance relaxed to achieve convergence from 3.2328367270537590e-03 to 3.2328367270537690e-03 seconds.
Warning: Simulation tolerance relaxed to achieve convergence from 3.2403667985873384e-03 to 3.2403667985873483e-03 seconds.
Warning: Simulation tolerance relaxed to achieve convergence from 3.2403667985875478e-03 to 3.2403667985875578e-03 seconds.
Warning: Simulation tolerance relaxed to achieve convergence from 3.2403667997689791e-03 to 3.2403667997689890e-03 seconds.
Warning: Simulation tolerance relaxed to achieve convergence from 3.2403669823905263e-03 to 3.2403669823905363e-03 seconds.
Warning: Simulation tolerance relaxed to achieve convergence from 3.2403669823906061e-03 to 3.2403669823906161e-03 seconds.
Warning: Simulation tolerance relaxed to achieve convergence from 3.2403669823906161e-03 to 3.2403669823906260e-03 seconds.
Warning: Simulation tolerance relaxed to achieve convergence from 3.2403669823906959e-03 to 3.2403669823907058e-03 seconds.
Warning: Simulation tolerance relaxed to achieve convergence from 3.2403669823932858e-03 to 3.2403669823932958e-03 seconds.
Warning: Simulation tolerance relaxed to achieve convergence from 3.2403669824090466e-03 to 3.2403669824090566e-03 seconds.
Warning: Simulation tolerance relaxed to achieve convergence from 3.2403669824096763e-03 to 3.2403669824096863e-03 seconds.
Warning: Simulation tolerance relaxed to achieve convergence from 3.2403669909224398e-03 to 3.2403669909224497e-03 seconds.
Warning: Simulation tolerance relaxed to achieve convergence from 3.2403669909230486e-03 to 3.2403669909230586e-03 seconds.
Warning: Simulation tolerance relaxed to achieve convergence from 3.2403669909231983e-03 to 3.2403669909232082e-03 seconds.
Warning: Simulation tolerance relaxed to achieve convergence from 3.2403669909232082e-03 to 3.2403669909232182e-03 seconds.
Warning: Simulation tolerance relaxed to achieve convergence from 3.2478672250899525e-03 to 3.2478672250899625e-03 seconds.
Warning: Simulation tolerance relaxed to achieve convergence from 3.2553356739395407e-03 to 3.2553356739395507e-03 seconds.
Warning: Simulation tolerance relaxed to achieve convergence from 3.2586284327786714e-03 to 3.2586284327786813e-03 seconds.
Warning: Simulation tolerance relaxed to achieve convergence from 3.2586284327787811e-03 to 3.2586284327787911e-03 seconds.
Warning: Simulation tolerance relaxed to achieve convergence from 3.2586284327788110e-03 to 3.2586284327788210e-03 seconds.
Warning: Simulation tolerance relaxed to achieve convergence from 3.2628403917275253e-03 to 3.2628403917275353e-03 seconds.
Warning: Simulation tolerance relaxed to achieve convergence from 3.2778289847092091e-03 to 3.2778289847092191e-03 seconds.
Warning: Simulation tolerance relaxed to achieve convergence from 3.2853241329634333e-03 to 3.2853241329634433e-03 seconds.
Warning: Simulation tolerance relaxed to achieve convergence from 3.2853241329636428e-03 to 3.2853241329636527e-03 seconds.
Warning: Simulation tolerance relaxed to achieve convergence from 3.3153823910121909e-03 to 3.3153823910122009e-03 seconds.
Warning: Simulation tolerance relaxed to achieve convergence from 3.3228335813758935e-03 to 3.3228335813759034e-03 seconds.
Warning: Simulation tolerance relaxed to achieve convergence from 3.3228338659475770e-03 to 3.3228338659475869e-03 seconds.
Warning: Simulation tolerance relaxed to achieve convergence from 3.3303663011242071e-03 to 3.3303663011242171e-03 seconds.
Warning: Simulation tolerance relaxed to achieve convergence from 3.3303663011242371e-03 to 3.3303663011242470e-03 seconds.
Warning: Simulation tolerance relaxed to achieve convergence from 3.3303663011263764e-03 to 3.3303663011263864e-03 seconds.
Warning: Simulation tolerance relaxed to achieve convergence from 3.3303663011264063e-03 to 3.3303663011264163e-03 seconds.
Warning: Simulation tolerance relaxed to achieve convergence from 3.3303677612099921e-03 to 3.3303677612100020e-03 seconds.
Warning: Simulation tolerance relaxed to achieve convergence from 3.3378820614311613e-03 to 3.3378820614311713e-03 seconds.
Warning: Simulation tolerance relaxed to achieve convergence from 3.3378820614958457e-03 to 3.3378820614958556e-03 seconds.
Warning: Simulation tolerance relaxed to achieve convergence from 3.3378820614958756e-03 to 3.3378820614958856e-03 seconds.
Warning: Simulation tolerance relaxed to achieve convergence from 3.3378820615468699e-03 to 3.3378820615468799e-03 seconds.
Warning: Simulation tolerance relaxed to achieve convergence from 3.3378820617439666e-03 to 3.3378820617439766e-03 seconds.
Warning: Simulation tolerance relaxed to achieve convergence from 3.3453823150908354e-03 to 3.3453823150908454e-03 seconds.
Warning: Simulation tolerance relaxed to achieve convergence from 3.3453823150923550e-03 to 3.3453823150923650e-03 seconds.
Warning: Simulation tolerance relaxed to achieve convergence from 3.3453824160633197e-03 to 3.3453824160633297e-03 seconds.
Warning: Simulation tolerance relaxed to achieve convergence from 3.3603345353982890e-03 to 3.3603345353982990e-03 seconds.
Warning: Simulation tolerance relaxed to achieve convergence from 3.3603345386489028e-03 to 3.3603345386489128e-03 seconds.
Warning: Simulation tolerance relaxed to achieve convergence from 3.3603345386489327e-03 to 3.3603345386489427e-03 seconds.
Warning: Simulation tolerance relaxed to achieve convergence from 3.3603348158971341e-03 to 3.3603348158971441e-03 seconds.
Warning: Simulation tolerance relaxed to achieve convergence from 3.3603350576492052e-03 to 3.3603350576492151e-03 seconds.
Warning: Simulation tolerance relaxed to achieve convergence from 3.3603351942250634e-03 to 3.3603351942250734e-03 seconds.
Warning: Simulation tolerance relaxed to achieve convergence from 3.3603351942251532e-03 to 3.3603351942251632e-03 seconds.
Warning: Simulation tolerance relaxed to achieve convergence from 3.3603351942251732e-03 to 3.3603351942251831e-03 seconds.
Warning: Simulation tolerance relaxed to achieve convergence from 3.3603351942259824e-03 to 3.3603351942259924e-03 seconds.
Warning: Simulation tolerance relaxed to achieve convergence from 3.3603351947414368e-03 to 3.3603351947414468e-03 seconds.
Warning: Simulation tolerance relaxed to achieve convergence from 3.3603351947426160e-03 to 3.3603351947426260e-03 seconds.
Warning: Simulation tolerance relaxed to achieve convergence from 3.3603355105442483e-03 to 3.3603355105442582e-03 seconds.
Warning: Simulation tolerance relaxed to achieve convergence from 3.3603355105442682e-03 to 3.3603355105442782e-03 seconds.
Warning: Simulation tolerance relaxed to achieve convergence from 3.3603355166736694e-03 to 3.3603355166736794e-03 seconds.
Warning: Simulation tolerance relaxed to achieve convergence from 3.3603355509240554e-03 to 3.3603355509240654e-03 seconds.
Warning: Simulation tolerance relaxed to achieve convergence from 3.3603355509243950e-03 to 3.3603355509244049e-03 seconds.
Warning: Simulation tolerance relaxed to achieve convergence from 3.3603355527079331e-03 to 3.3603355527079431e-03 seconds.
Warning: Simulation tolerance relaxed to achieve convergence from 3.3603355547404926e-03 to 3.3603355547405026e-03 seconds.
Warning: Simulation tolerance relaxed to achieve convergence from 3.3636173934267948e-03 to 3.3636173934268048e-03 seconds.
Warning: Simulation tolerance relaxed to achieve convergence from 3.3678675977255020e-03 to 3.3678675977255120e-03 seconds.
Warning: Simulation tolerance relaxed to achieve convergence from 3.3678675996577810e-03 to 3.3678675996577910e-03 seconds.
Warning: Simulation tolerance relaxed to achieve convergence from 3.3678675999856194e-03 to 3.3678675999856294e-03 seconds.
Warning: Simulation tolerance relaxed to achieve convergence from 3.3678676883818238e-03 to 3.3678676883818338e-03 seconds.
Warning: Simulation tolerance relaxed to achieve convergence from 3.3753394865901941e-03 to 3.3753394865902041e-03 seconds.
Warning: Simulation tolerance relaxed to achieve convergence from 3.3753394865902041e-03 to 3.3753394865902141e-03 seconds.
Warning: Simulation tolerance relaxed to achieve convergence from 3.3753394865902141e-03 to 3.3753394865902240e-03 seconds.
Warning: Simulation tolerance relaxed to achieve convergence from 3.3753394865902240e-03 to 3.3753394865902340e-03 seconds.
Warning: Simulation tolerance relaxed to achieve convergence from 3.3753394865908130e-03 to 3.3753394865908230e-03 seconds.
Warning: Simulation tolerance relaxed to achieve convergence from 3.3753394880597699e-03 to 3.3753394880597799e-03 seconds.
Warning: Simulation tolerance relaxed to achieve convergence from 3.3753400787955011e-03 to 3.3753400787955110e-03 seconds.
Warning: Simulation tolerance relaxed to achieve convergence from 3.3753402087847700e-03 to 3.3753402087847799e-03 seconds.
Warning: Simulation tolerance relaxed to achieve convergence from 3.3753402698681718e-03 to 3.3753402698681817e-03 seconds.
Warning: Simulation tolerance relaxed to achieve convergence from 3.3753402698685213e-03 to 3.3753402698685313e-03 seconds.
Warning: Simulation tolerance relaxed to achieve convergence from 3.3753402698692607e-03 to 3.3753402698692707e-03 seconds.
Warning: Simulation tolerance relaxed to achieve convergence from 3.3753402698693106e-03 to 3.3753402698693206e-03 seconds.
Warning: Simulation tolerance relaxed to achieve convergence from 3.3903838368257249e-03 to 3.3903838368257349e-03 seconds.
Warning: Simulation tolerance relaxed to achieve convergence from 3.3978398293515251e-03 to 3.3978398293515351e-03 seconds.
Warning: Simulation tolerance relaxed to achieve convergence from 3.4128838323454528e-03 to 3.4128838323454628e-03 seconds.
Warning: Simulation tolerance relaxed to achieve convergence from 3.4128839748933134e-03 to 3.4128839748933234e-03 seconds.
Warning: Simulation tolerance relaxed to achieve convergence from 3.4128839748933932e-03 to 3.4128839748934032e-03 seconds.
Warning: Simulation tolerance relaxed to achieve convergence from 3.4128839772574991e-03 to 3.4128839772575091e-03 seconds.
Warning: Simulation tolerance relaxed to achieve convergence from 3.4128839772575091e-03 to 3.4128839772575191e-03 seconds.
Warning: Simulation tolerance relaxed to achieve convergence from 3.4128839772911011e-03 to 3.4128839772911111e-03 seconds.
Warning: Simulation tolerance relaxed to achieve convergence from 3.4128839772932904e-03 to 3.4128839772933003e-03 seconds.
Warning: Simulation tolerance relaxed to achieve convergence from 3.4128846884091523e-03 to 3.4128846884091623e-03 seconds.
Warning: Simulation tolerance relaxed to achieve convergence from 3.4128846930112297e-03 to 3.4128846930112397e-03 seconds.
Warning: Simulation tolerance relaxed to achieve convergence from 3.4128846930120589e-03 to 3.4128846930120689e-03 seconds.
Warning: Simulation tolerance relaxed to achieve convergence from 3.4128847565528969e-03 to 3.4128847565529068e-03 seconds.
Warning: Simulation tolerance relaxed to achieve convergence from 3.4128847565529068e-03 to 3.4128847565529168e-03 seconds.
Warning: Simulation tolerance relaxed to achieve convergence from 3.4203352067443192e-03 to 3.4203352067443292e-03 seconds.
Warning: Simulation tolerance relaxed to achieve convergence from 3.4203352320209489e-03 to 3.4203352320209589e-03 seconds.
Warning: Simulation tolerance relaxed to achieve convergence from 3.4203352746380571e-03 to 3.4203352746380671e-03 seconds.
Warning: Simulation tolerance relaxed to achieve convergence from 3.4203352746380871e-03 to 3.4203352746380970e-03 seconds.
Warning: Simulation tolerance relaxed to achieve convergence from 3.4278302698036952e-03 to 3.4278302698037052e-03 seconds.
Warning: Simulation tolerance relaxed to achieve convergence from 3.4278302698037052e-03 to 3.4278302698037152e-03 seconds.
Warning: Simulation tolerance relaxed to achieve convergence from 3.4278304270966313e-03 to 3.4278304270966412e-03 seconds.
Warning: Simulation tolerance relaxed to achieve convergence from 3.4278304909320279e-03 to 3.4278304909320378e-03 seconds.
Warning: Simulation tolerance relaxed to achieve convergence from 3.4278304909631102e-03 to 3.4278304909631202e-03 seconds.
Warning: Simulation tolerance relaxed to achieve convergence from 3.4353439742649153e-03 to 3.4353439742649252e-03 seconds.
Warning: Simulation tolerance relaxed to achieve convergence from 3.4353439742954663e-03 to 3.4353439742954763e-03 seconds.
Warning: Simulation tolerance relaxed to achieve convergence from 3.4353439787248286e-03 to 3.4353439787248386e-03 seconds.
Warning: Simulation tolerance relaxed to achieve convergence from 3.4353439790613970e-03 to 3.4353439790614070e-03 seconds.
Warning: Simulation tolerance relaxed to achieve convergence from 3.4428421066326057e-03 to 3.4428421066326157e-03 seconds.
Warning: Simulation tolerance relaxed to achieve convergence from 3.4428421066332354e-03 to 3.4428421066332454e-03 seconds.
Warning: Simulation tolerance relaxed to achieve convergence from 3.4428423130650207e-03 to 3.4428423130650307e-03 seconds.
Warning: Simulation tolerance relaxed to achieve convergence from 3.4428423547848072e-03 to 3.4428423547848172e-03 seconds.
Warning: Simulation tolerance relaxed to achieve convergence from 3.4428423547848272e-03 to 3.4428423547848371e-03 seconds.
Warning: Simulation tolerance relaxed to achieve convergence from 3.4428423547848970e-03 to 3.4428423547849070e-03 seconds.
Warning: Simulation tolerance relaxed to achieve convergence from 3.4428423547853263e-03 to 3.4428423547853363e-03 seconds.
Warning: Simulation tolerance relaxed to achieve convergence from 3.4428423547869730e-03 to 3.4428423547869830e-03 seconds.
Warning: Simulation tolerance relaxed to achieve convergence from 3.4428423547869830e-03 to 3.4428423547869930e-03 seconds.
Warning: Simulation tolerance relaxed to achieve convergence from 3.4428423547869930e-03 to 3.4428423547870029e-03 seconds.
Warning: Simulation tolerance relaxed to achieve convergence from 3.4428423547870029e-03 to 3.4428423547870129e-03 seconds.
Warning: Simulation tolerance relaxed to achieve convergence from 3.4428423547870129e-03 to 3.4428423547870229e-03 seconds.
Warning: Simulation tolerance relaxed to achieve convergence from 3.4428423547875017e-03 to 3.4428423547875116e-03 seconds.
Warning: Simulation tolerance relaxed to achieve convergence from 3.4428423547875116e-03 to 3.4428423547875216e-03 seconds.
Warning: Simulation tolerance relaxed to achieve convergence from 3.4578293146729396e-03 to 3.4578293146729495e-03 seconds.
Warning: Simulation tolerance relaxed to achieve convergence from 3.4578293486946928e-03 to 3.4578293486947028e-03 seconds.
Warning: Simulation tolerance relaxed to achieve convergence from 3.4578293486947028e-03 to 3.4578293486947128e-03 seconds.
Warning: Simulation tolerance relaxed to achieve convergence from 3.4803593425860114e-03 to 3.4803593425860213e-03 seconds.
Warning: Simulation tolerance relaxed to achieve convergence from 3.4878825498902396e-03 to 3.4878825498902495e-03 seconds.
Warning: Simulation tolerance relaxed to achieve convergence from 3.4953421906452186e-03 to 3.4953421906452286e-03 seconds.
Warning: Simulation tolerance relaxed to achieve convergence from 3.4953421906452286e-03 to 3.4953421906452386e-03 seconds.
Warning: Simulation tolerance relaxed to achieve convergence from 3.4953421906452386e-03 to 3.4953421906452485e-03 seconds.
Warning: Simulation tolerance relaxed to achieve convergence from 3.4953421906452585e-03 to 3.4953421906452685e-03 seconds.
Warning: Simulation tolerance relaxed to achieve convergence from 3.4953421906452685e-03 to 3.4953421906452785e-03 seconds.
Warning: Simulation tolerance relaxed to achieve convergence from 3.4953421906456076e-03 to 3.4953421906456176e-03 seconds.
Warning: Simulation tolerance relaxed to achieve convergence from 3.4953421906456874e-03 to 3.4953421906456974e-03 seconds.
Warning: Simulation tolerance relaxed to achieve convergence from 3.4953421906456974e-03 to 3.4953421906457074e-03 seconds.
Warning: Simulation tolerance relaxed to achieve convergence from 3.4953421906461267e-03 to 3.4953421906461367e-03 seconds.
Warning: Simulation tolerance relaxed to achieve convergence from 3.4953421906462365e-03 to 3.4953421906462464e-03 seconds.
Warning: Simulation tolerance relaxed to achieve convergence from 3.4953421906468852e-03 to 3.4953421906468952e-03 seconds.
Warning: Simulation tolerance relaxed to achieve convergence from 3.4953421906469551e-03 to 3.4953421906469650e-03 seconds.
Warning: Simulation tolerance relaxed to achieve convergence from 3.4953421906469650e-03 to 3.4953421906469750e-03 seconds.
Warning: Simulation tolerance relaxed to achieve convergence from 3.5028556235694435e-03 to 3.5028556235694535e-03 seconds.
Warning: Simulation tolerance relaxed to achieve convergence from 3.5028556660852209e-03 to 3.5028556660852308e-03 seconds.
Warning: Simulation tolerance relaxed to achieve convergence from 3.5028556847763858e-03 to 3.5028556847763958e-03 seconds.
Warning: Simulation tolerance relaxed to achieve convergence from 3.5103627233249754e-03 to 3.5103627233249854e-03 seconds.
Warning: Simulation tolerance relaxed to achieve convergence from 3.5178241618153217e-03 to 3.5178241618153317e-03 seconds.
Warning: Simulation tolerance relaxed to achieve convergence from 3.5178251120197603e-03 to 3.5178251120197702e-03 seconds.
Warning: Simulation tolerance relaxed to achieve convergence from 3.5253340260100584e-03 to 3.5253340260100684e-03 seconds.
Warning: Simulation tolerance relaxed to achieve convergence from 3.5253340260108673e-03 to 3.5253340260108772e-03 seconds.
Warning: Simulation tolerance relaxed to achieve convergence from 3.5253340260110269e-03 to 3.5253340260110368e-03 seconds.
Warning: Simulation tolerance relaxed to achieve convergence from 3.5253340260110568e-03 to 3.5253340260110668e-03 seconds.
Warning: Simulation tolerance relaxed to achieve convergence from 3.5253345188482042e-03 to 3.5253345188482142e-03 seconds.
Warning: Simulation tolerance relaxed to achieve convergence from 3.5286152220365494e-03 to 3.5286152220365594e-03 seconds.
Warning: Simulation tolerance relaxed to achieve convergence from 3.5328665273650457e-03 to 3.5328665273650557e-03 seconds.
Warning: Simulation tolerance relaxed to achieve convergence from 3.5328674231441710e-03 to 3.5328674231441810e-03 seconds.
Warning: Simulation tolerance relaxed to achieve convergence from 3.5328674231442010e-03 to 3.5328674231442109e-03 seconds.
Warning: Simulation tolerance relaxed to achieve convergence from 3.5328674231442309e-03 to 3.5328674231442409e-03 seconds.
Warning: Simulation tolerance relaxed to achieve convergence from 3.5328674348299449e-03 to 3.5328674348299549e-03 seconds.
Warning: Simulation tolerance relaxed to achieve convergence from 3.5403414659583442e-03 to 3.5403414659583542e-03 seconds.
Warning: Simulation tolerance relaxed to achieve convergence from 3.5403414689856335e-03 to 3.5403414689856435e-03 seconds.
Warning: Simulation tolerance relaxed to achieve convergence from 3.5403414751529788e-03 to 3.5403414751529888e-03 seconds.
Warning: Simulation tolerance relaxed to achieve convergence from 3.5403415189223996e-03 to 3.5403415189224096e-03 seconds.
Warning: Simulation tolerance relaxed to achieve convergence from 3.5403415189292991e-03 to 3.5403415189293090e-03 seconds.
Warning: Simulation tolerance relaxed to achieve convergence from 3.5403417831138761e-03 to 3.5403417831138860e-03 seconds.
Warning: Simulation tolerance relaxed to achieve convergence from 3.5478847780560214e-03 to 3.5478847780560313e-03 seconds.
Warning: Simulation tolerance relaxed to achieve convergence from 3.5478847780560912e-03 to 3.5478847780561012e-03 seconds.
Warning: Simulation tolerance relaxed to achieve convergence from 3.5478847780567309e-03 to 3.5478847780567408e-03 seconds.
Warning: Simulation tolerance relaxed to achieve convergence from 3.5478847885491473e-03 to 3.5478847885491572e-03 seconds.
Warning: Simulation tolerance relaxed to achieve convergence from 3.5478847912634977e-03 to 3.5478847912635077e-03 seconds.
Warning: Simulation tolerance relaxed to achieve convergence from 3.5553343002790107e-03 to 3.5553343002790207e-03 seconds.
Warning: Simulation tolerance relaxed to achieve convergence from 3.5553356700681023e-03 to 3.5553356700681123e-03 seconds.
Warning: Simulation tolerance relaxed to achieve convergence from 3.5553356704246522e-03 to 3.5553356704246621e-03 seconds.
Warning: Simulation tolerance relaxed to achieve convergence from 3.5553356704248716e-03 to 3.5553356704248816e-03 seconds.
Warning: Simulation tolerance relaxed to achieve convergence from 3.5628340454226435e-03 to 3.5628340454226535e-03 seconds.
Warning: Simulation tolerance relaxed to achieve convergence from 3.5628340626526383e-03 to 3.5628340626526482e-03 seconds.
Warning: Simulation tolerance relaxed to achieve convergence from 3.5628341593243241e-03 to 3.5628341593243341e-03 seconds.
Warning: Simulation tolerance relaxed to achieve convergence from 3.5628341594072404e-03 to 3.5628341594072504e-03 seconds.
Warning: Simulation tolerance relaxed to achieve convergence from 3.5778427228298905e-03 to 3.5778427228299005e-03 seconds.
Warning: Simulation tolerance relaxed to achieve convergence from 3.5778427228299005e-03 to 3.5778427228299104e-03 seconds.
Warning: Simulation tolerance relaxed to achieve convergence from 3.5778427228299403e-03 to 3.5778427228299503e-03 seconds.
Warning: Simulation tolerance relaxed to achieve convergence from 3.5778427228299503e-03 to 3.5778427228299603e-03 seconds.
Warning: Simulation tolerance relaxed to achieve convergence from 3.5778427228299603e-03 to 3.5778427228299703e-03 seconds.
Warning: Simulation tolerance relaxed to achieve convergence from 3.5853286279854020e-03 to 3.5853286279854120e-03 seconds.
Warning: Simulation tolerance relaxed to achieve convergence from 3.5853286888037923e-03 to 3.5853286888038022e-03 seconds.
Warning: Simulation tolerance relaxed to achieve convergence from 3.5853286888038222e-03 to 3.5853286888038322e-03 seconds.
Warning: Simulation tolerance relaxed to achieve convergence from 3.6003037038368798e-03 to 3.6003037038368898e-03 seconds.
Warning: Simulation tolerance relaxed to achieve convergence from 3.6003037126168852e-03 to 3.6003037126168952e-03 seconds.
Warning: Simulation tolerance relaxed to achieve convergence from 3.6003041139467820e-03 to 3.6003041139467920e-03 seconds.
Warning: Simulation tolerance relaxed to achieve convergence from 3.6003043815213951e-03 to 3.6003043815214051e-03 seconds.
Warning: Simulation tolerance relaxed to achieve convergence from 3.6003043815214550e-03 to 3.6003043815214649e-03 seconds.
Warning: Simulation tolerance relaxed to achieve convergence from 3.6003043815214849e-03 to 3.6003043815214949e-03 seconds.
Warning: Simulation tolerance relaxed to achieve convergence from 3.6003043815214949e-03 to 3.6003043815215048e-03 seconds.
Warning: Simulation tolerance relaxed to achieve convergence from 3.6003045134509375e-03 to 3.6003045134509475e-03 seconds.
Warning: Simulation tolerance relaxed to achieve convergence from 3.6003045134747071e-03 to 3.6003045134747171e-03 seconds.
Warning: Simulation tolerance relaxed to achieve convergence from 3.6003045134751963e-03 to 3.6003045134752063e-03 seconds.
Warning: Simulation tolerance relaxed to achieve convergence from 3.6003045767189152e-03 to 3.6003045767189251e-03 seconds.
Warning: Simulation tolerance relaxed to achieve convergence from 3.6078602136784374e-03 to 3.6078602136784474e-03 seconds.
Warning: Simulation tolerance relaxed to achieve convergence from 3.6078602136785072e-03 to 3.6078602136785172e-03 seconds.
Warning: Simulation tolerance relaxed to achieve convergence from 3.6228499075141858e-03 to 3.6228499075141958e-03 seconds.
Warning: Simulation tolerance relaxed to achieve convergence from 3.6228499075167757e-03 to 3.6228499075167857e-03 seconds.
Warning: Simulation tolerance relaxed to achieve convergence from 3.6228499075540784e-03 to 3.6228499075540883e-03 seconds.
Warning: Simulation tolerance relaxed to achieve convergence from 3.6228499082512399e-03 to 3.6228499082512499e-03 seconds.
Warning: Simulation tolerance relaxed to achieve convergence from 3.6228499082513596e-03 to 3.6228499082513695e-03 seconds.
Warning: Simulation tolerance relaxed to achieve convergence from 3.6228499162303039e-03 to 3.6228499162303139e-03 seconds.
Warning: Simulation tolerance relaxed to achieve convergence from 3.6228499202776124e-03 to 3.6228499202776224e-03 seconds.
Warning: Simulation tolerance relaxed to achieve convergence from 3.6303331290966244e-03 to 3.6303331290966343e-03 seconds.
Warning: Simulation tolerance relaxed to achieve convergence from 3.6303331290966343e-03 to 3.6303331290966443e-03 seconds.
Warning: Simulation tolerance relaxed to achieve convergence from 3.6378356746517714e-03 to 3.6378356746517813e-03 seconds.
Warning: Simulation tolerance relaxed to achieve convergence from 3.6378356746521305e-03 to 3.6378356746521404e-03 seconds.
Warning: Simulation tolerance relaxed to achieve convergence from 3.6378356746521404e-03 to 3.6378356746521504e-03 seconds.
Warning: Simulation tolerance relaxed to achieve convergence from 3.6378356746522103e-03 to 3.6378356746522202e-03 seconds.
Warning: Simulation tolerance relaxed to achieve convergence from 3.6411207015957384e-03 to 3.6411207015957484e-03 seconds.
Warning: Simulation tolerance relaxed to achieve convergence from 3.6411207997292189e-03 to 3.6411207997292289e-03 seconds.
Warning: Simulation tolerance relaxed to achieve convergence from 3.6453354853481323e-03 to 3.6453354853481423e-03 seconds.
Warning: Simulation tolerance relaxed to achieve convergence from 3.6453354859770082e-03 to 3.6453354859770182e-03 seconds.
Warning: Simulation tolerance relaxed to achieve convergence from 3.6561323251605000e-03 to 3.6561323251605099e-03 seconds.
Warning: Simulation tolerance relaxed to achieve convergence from 3.6603904408071880e-03 to 3.6603904408071979e-03 seconds.
Warning: Simulation tolerance relaxed to achieve convergence from 3.6603956301067271e-03 to 3.6603956301067371e-03 seconds.
Warning: Simulation tolerance relaxed to achieve convergence from 3.6603956301070762e-03 to 3.6603956301070862e-03 seconds.
Warning: Simulation tolerance relaxed to achieve convergence from 3.6678170904518473e-03 to 3.6678170904518572e-03 seconds.
Warning: Simulation tolerance relaxed to achieve convergence from 3.6678171357864644e-03 to 3.6678171357864744e-03 seconds.
Warning: Simulation tolerance relaxed to achieve convergence from 3.6678171357866140e-03 to 3.6678171357866240e-03 seconds.
Warning: Simulation tolerance relaxed to achieve convergence from 3.6678171361688243e-03 to 3.6678171361688343e-03 seconds.
Warning: Simulation tolerance relaxed to achieve convergence from 3.6678172505226082e-03 to 3.6678172505226181e-03 seconds.
Warning: Simulation tolerance relaxed to achieve convergence from 3.6678172505342980e-03 to 3.6678172505343080e-03 seconds.
Warning: Simulation tolerance relaxed to achieve convergence from 3.6678176324109724e-03 to 3.6678176324109824e-03 seconds.
Warning: Simulation tolerance relaxed to achieve convergence from 3.6678176324217516e-03 to 3.6678176324217615e-03 seconds.
Warning: Simulation tolerance relaxed to achieve convergence from 3.6678176324411731e-03 to 3.6678176324411831e-03 seconds.
Warning: Simulation tolerance relaxed to achieve convergence from 3.6678176325887464e-03 to 3.6678176325887564e-03 seconds.
Warning: Simulation tolerance relaxed to achieve convergence from 3.6678176325887564e-03 to 3.6678176325887664e-03 seconds.
Warning: Simulation tolerance relaxed to achieve convergence from 3.6678176325887664e-03 to 3.6678176325887764e-03 seconds.
Warning: Simulation tolerance relaxed to achieve convergence from 3.6678176325887863e-03 to 3.6678176325887963e-03 seconds.
Warning: Simulation tolerance relaxed to achieve convergence from 3.6678176445945759e-03 to 3.6678176445945859e-03 seconds.
Warning: Simulation tolerance relaxed to achieve convergence from 3.6678176451488144e-03 to 3.6678176451488244e-03 seconds.
Warning: Simulation tolerance relaxed to achieve convergence from 3.6678178959422183e-03 to 3.6678178959422283e-03 seconds.
Warning: Simulation tolerance relaxed to achieve convergence from 3.6678178959422283e-03 to 3.6678178959422382e-03 seconds.
Warning: Simulation tolerance relaxed to achieve convergence from 3.6678178959423081e-03 to 3.6678178959423180e-03 seconds.
Warning: Simulation tolerance relaxed to achieve convergence from 3.6678178959423180e-03 to 3.6678178959423280e-03 seconds.
Warning: Simulation tolerance relaxed to achieve convergence from 3.6678178959423978e-03 to 3.6678178959424078e-03 seconds.
Warning: Simulation tolerance relaxed to achieve convergence from 3.6678179466469877e-03 to 3.6678179466469976e-03 seconds.
Warning: Simulation tolerance relaxed to achieve convergence from 3.6711590391187532e-03 to 3.6711590391187631e-03 seconds.
Warning: Simulation tolerance relaxed to achieve convergence from 3.6861553746847919e-03 to 3.6861553746848018e-03 seconds.
Warning: Simulation tolerance relaxed to achieve convergence from 3.6861560030059084e-03 to 3.6861560030059183e-03 seconds.
Warning: Simulation tolerance relaxed to achieve convergence from 3.6861560056255416e-03 to 3.6861560056255516e-03 seconds.
Warning: Simulation tolerance relaxed to achieve convergence from 3.6903685296103416e-03 to 3.6903685296103515e-03 seconds.
Warning: Simulation tolerance relaxed to achieve convergence from 3.6978921343988952e-03 to 3.6978921343989051e-03 seconds.
Warning: Simulation tolerance relaxed to achieve convergence from 3.6978921348633956e-03 to 3.6978921348634055e-03 seconds.
Warning: Simulation tolerance relaxed to achieve convergence from 3.6978921348634155e-03 to 3.6978921348634255e-03 seconds.
Warning: Simulation tolerance relaxed to achieve convergence from 3.6978921354485347e-03 to 3.6978921354485447e-03 seconds.
Warning: Simulation tolerance relaxed to achieve convergence from 3.7053306481981329e-03 to 3.7053306481981429e-03 seconds.
Warning: Simulation tolerance relaxed to achieve convergence from 3.7053306481982825e-03 to 3.7053306481982925e-03 seconds.
Warning: Simulation tolerance relaxed to achieve convergence from 3.7053306481983324e-03 to 3.7053306481983424e-03 seconds.
Warning: Simulation tolerance relaxed to achieve convergence from 3.7053321108750032e-03 to 3.7053321108750131e-03 seconds.
Warning: Simulation tolerance relaxed to achieve convergence from 3.7053321108750131e-03 to 3.7053321108750231e-03 seconds.
Warning: Simulation tolerance relaxed to achieve convergence from 3.7053321108750231e-03 to 3.7053321108750331e-03 seconds.
Warning: Simulation tolerance relaxed to achieve convergence from 3.7053321108750431e-03 to 3.7053321108750530e-03 seconds.
Warning: Simulation tolerance relaxed to achieve convergence from 3.7053321108751129e-03 to 3.7053321108751229e-03 seconds.
Warning: Simulation tolerance relaxed to achieve convergence from 3.7053321108751229e-03 to 3.7053321108751328e-03 seconds.
Warning: Simulation tolerance relaxed to achieve convergence from 3.7203313523533261e-03 to 3.7203313523533361e-03 seconds.
Warning: Simulation tolerance relaxed to achieve convergence from 3.7203313540270120e-03 to 3.7203313540270220e-03 seconds.
Warning: Simulation tolerance relaxed to achieve convergence from 3.7203313540270320e-03 to 3.7203313540270420e-03 seconds.
Warning: Simulation tolerance relaxed to achieve convergence from 3.7203313541000868e-03 to 3.7203313541000968e-03 seconds.
Warning: Simulation tolerance relaxed to achieve convergence from 3.7203313541000968e-03 to 3.7203313541001068e-03 seconds.
Warning: Simulation tolerance relaxed to achieve convergence from 3.7203313541001068e-03 to 3.7203313541001167e-03 seconds.
Warning: Simulation tolerance relaxed to achieve convergence from 3.7203313541001167e-03 to 3.7203313541001267e-03 seconds.
Warning: Simulation tolerance relaxed to achieve convergence from 3.7203313541001267e-03 to 3.7203313541001367e-03 seconds.
Warning: Simulation tolerance relaxed to achieve convergence from 3.7203313541003063e-03 to 3.7203313541003162e-03 seconds.
Warning: Simulation tolerance relaxed to achieve convergence from 3.7203313541450391e-03 to 3.7203313541450491e-03 seconds.
Warning: Simulation tolerance relaxed to achieve convergence from 3.7203313545424634e-03 to 3.7203313545424734e-03 seconds.
Warning: Simulation tolerance relaxed to achieve convergence from 3.7203313545427926e-03 to 3.7203313545428026e-03 seconds.
Warning: Simulation tolerance relaxed to achieve convergence from 3.7203313545452221e-03 to 3.7203313545452320e-03 seconds.
Warning: Simulation tolerance relaxed to achieve convergence from 3.7203313545452919e-03 to 3.7203313545453019e-03 seconds.
Warning: Simulation tolerance relaxed to achieve convergence from 3.7203313545453019e-03 to 3.7203313545453118e-03 seconds.
Warning: Simulation tolerance relaxed to achieve convergence from 3.7203313545454016e-03 to 3.7203313545454116e-03 seconds.
Warning: Simulation tolerance relaxed to achieve convergence from 3.7203313545454116e-03 to 3.7203313545454216e-03 seconds.
Warning: Simulation tolerance relaxed to achieve convergence from 3.7353411934357892e-03 to 3.7353411934357992e-03 seconds.
Warning: Simulation tolerance relaxed to achieve convergence from 3.7353411934939336e-03 to 3.7353411934939436e-03 seconds.
Warning: Simulation tolerance relaxed to achieve convergence from 3.7353411934940334e-03 to 3.7353411934940434e-03 seconds.
Warning: Simulation tolerance relaxed to achieve convergence from 3.7353411934940434e-03 to 3.7353411934940533e-03 seconds.
Warning: Simulation tolerance relaxed to achieve convergence from 3.7386190886255781e-03 to 3.7386190886255881e-03 seconds.
Warning: Simulation tolerance relaxed to achieve convergence from 3.7386191009850535e-03 to 3.7386191009850635e-03 seconds.
Warning: Simulation tolerance relaxed to achieve convergence from 3.7428335938333441e-03 to 3.7428335938333541e-03 seconds.
Warning: Simulation tolerance relaxed to achieve convergence from 3.7428341925975993e-03 to 3.7428341925976093e-03 seconds.
Warning: Simulation tolerance relaxed to achieve convergence from 3.7428341925976093e-03 to 3.7428341925976193e-03 seconds.
Warning: Simulation tolerance relaxed to achieve convergence from 3.7503316615465016e-03 to 3.7503316615465116e-03 seconds.
Warning: Simulation tolerance relaxed to achieve convergence from 3.7503327731149760e-03 to 3.7503327731149860e-03 seconds.
Warning: Simulation tolerance relaxed to achieve convergence from 3.7503327744975684e-03 to 3.7503327744975784e-03 seconds.
Warning: Simulation tolerance relaxed to achieve convergence from 3.7503332464081762e-03 to 3.7503332464081862e-03 seconds.
Warning: Simulation tolerance relaxed to achieve convergence from 3.7503332464132459e-03 to 3.7503332464132559e-03 seconds.
Warning: Simulation tolerance relaxed to achieve convergence from 3.7503332464176456e-03 to 3.7503332464176556e-03 seconds.
Warning: Simulation tolerance relaxed to achieve convergence from 3.7503332464176556e-03 to 3.7503332464176656e-03 seconds.
Warning: Simulation tolerance relaxed to achieve convergence from 3.7503332464182953e-03 to 3.7503332464183053e-03 seconds.
Warning: Simulation tolerance relaxed to achieve convergence from 3.7686169502900890e-03 to 3.7686169502900990e-03 seconds.
Warning: Simulation tolerance relaxed to achieve convergence from 3.7686169503307896e-03 to 3.7686169503307995e-03 seconds.
Warning: Simulation tolerance relaxed to achieve convergence from 3.7728861711392278e-03 to 3.7728861711392378e-03 seconds.
Warning: Simulation tolerance relaxed to achieve convergence from 3.7803285008313589e-03 to 3.7803285008313689e-03 seconds.
Warning: Simulation tolerance relaxed to achieve convergence from 3.7803287884200609e-03 to 3.7803287884200709e-03 seconds.
Warning: Simulation tolerance relaxed to achieve convergence from 3.7803289451370913e-03 to 3.7803289451371013e-03 seconds.
Warning: Simulation tolerance relaxed to achieve convergence from 3.7953672017239531e-03 to 3.7953672017239631e-03 seconds.
Warning: Simulation tolerance relaxed to achieve convergence from 3.7953673537562938e-03 to 3.7953673537563038e-03 seconds.
Warning: Simulation tolerance relaxed to achieve convergence from 3.7986146141867441e-03 to 3.7986146141867540e-03 seconds.
Warning: Simulation tolerance relaxed to achieve convergence from 3.7986146141868438e-03 to 3.7986146141868538e-03 seconds.
Warning: Simulation tolerance relaxed to achieve convergence from 3.8028321177509560e-03 to 3.8028321177509660e-03 seconds.
Warning: Simulation tolerance relaxed to achieve convergence from 3.8028321287757365e-03 to 3.8028321287757465e-03 seconds.
Warning: Simulation tolerance relaxed to achieve convergence from 3.8028321287758762e-03 to 3.8028321287758861e-03 seconds.
Warning: Simulation tolerance relaxed to achieve convergence from 3.8028321287772358e-03 to 3.8028321287772457e-03 seconds.
Warning: Simulation tolerance relaxed to achieve convergence from 3.8028321287773056e-03 to 3.8028321287773155e-03 seconds.
Warning: Simulation tolerance relaxed to achieve convergence from 3.8028326210327664e-03 to 3.8028326210327763e-03 seconds.
Warning: Simulation tolerance relaxed to achieve convergence from 3.8028326210327763e-03 to 3.8028326210327863e-03 seconds.
Warning: Simulation tolerance relaxed to achieve convergence from 3.8103329655599359e-03 to 3.8103329655599458e-03 seconds.
Warning: Simulation tolerance relaxed to achieve convergence from 3.8103329655692067e-03 to 3.8103329655692166e-03 seconds.
Warning: Simulation tolerance relaxed to achieve convergence from 3.8103329655692266e-03 to 3.8103329655692366e-03 seconds.
Warning: Simulation tolerance relaxed to achieve convergence from 3.8103329655692964e-03 to 3.8103329655693064e-03 seconds.
Warning: Simulation tolerance relaxed to achieve convergence from 3.8103329656436818e-03 to 3.8103329656436918e-03 seconds.
Warning: Simulation tolerance relaxed to achieve convergence from 3.8103329656437018e-03 to 3.8103329656437117e-03 seconds.
Warning: Simulation tolerance relaxed to achieve convergence from 3.8103329656437117e-03 to 3.8103329656437217e-03 seconds.
Warning: Simulation tolerance relaxed to achieve convergence from 3.8103329656437217e-03 to 3.8103329656437317e-03 seconds.
Warning: Simulation tolerance relaxed to achieve convergence from 3.8103329666697191e-03 to 3.8103329666697291e-03 seconds.
Warning: Simulation tolerance relaxed to achieve convergence from 3.8103329666698887e-03 to 3.8103329666698987e-03 seconds.
Warning: Simulation tolerance relaxed to achieve convergence from 3.8178283903182873e-03 to 3.8178283903182973e-03 seconds.
Warning: Simulation tolerance relaxed to achieve convergence from 3.8178283903182973e-03 to 3.8178283903183073e-03 seconds.
Warning: Simulation tolerance relaxed to achieve convergence from 3.8178283904258658e-03 to 3.8178283904258758e-03 seconds.
Warning: Simulation tolerance relaxed to achieve convergence from 3.8178283904259655e-03 to 3.8178283904259755e-03 seconds.
Warning: Simulation tolerance relaxed to achieve convergence from 3.8253841635353405e-03 to 3.8253841635353504e-03 seconds.
Warning: Simulation tolerance relaxed to achieve convergence from 3.8628355660687056e-03 to 3.8628355660687156e-03 seconds.
Warning: Simulation tolerance relaxed to achieve convergence from 3.8628360104681894e-03 to 3.8628360104681994e-03 seconds.
Warning: Simulation tolerance relaxed to achieve convergence from 3.8628360942598822e-03 to 3.8628360942598921e-03 seconds.
Warning: Simulation tolerance relaxed to achieve convergence from 3.8661349384078768e-03 to 3.8661349384078868e-03 seconds.
Warning: Simulation tolerance relaxed to achieve convergence from 3.8661349432940187e-03 to 3.8661349432940286e-03 seconds.
Warning: Simulation tolerance relaxed to achieve convergence from 3.8661349432971980e-03 to 3.8661349432972079e-03 seconds.
Warning: Simulation tolerance relaxed to achieve convergence from 3.8703368379398311e-03 to 3.8703368379398410e-03 seconds.
Warning: Simulation tolerance relaxed to achieve convergence from 3.8703368379398710e-03 to 3.8703368379398809e-03 seconds.
Warning: Simulation tolerance relaxed to achieve convergence from 3.8703368379403302e-03 to 3.8703368379403402e-03 seconds.
Warning: Simulation tolerance relaxed to achieve convergence from 3.8703368379403402e-03 to 3.8703368379403502e-03 seconds.
Warning: Simulation tolerance relaxed to achieve convergence from 3.8703368390269350e-03 to 3.8703368390269450e-03 seconds.
Warning: Simulation tolerance relaxed to achieve convergence from 3.8778567244800140e-03 to 3.8778567244800240e-03 seconds.
Warning: Simulation tolerance relaxed to achieve convergence from 3.8778567244800240e-03 to 3.8778567244800340e-03 seconds.
Warning: Simulation tolerance relaxed to achieve convergence from 3.8928372944221821e-03 to 3.8928372944221920e-03 seconds.
Warning: Simulation tolerance relaxed to achieve convergence from 3.8928373085676542e-03 to 3.8928373085676642e-03 seconds.
Warning: Simulation tolerance relaxed to achieve convergence from 3.9003636385523642e-03 to 3.9003636385523742e-03 seconds.
Warning: Simulation tolerance relaxed to achieve convergence from 3.9003653153585694e-03 to 3.9003653153585793e-03 seconds.
Warning: Simulation tolerance relaxed to achieve convergence from 3.9003653654013396e-03 to 3.9003653654013496e-03 seconds.
Warning: Simulation tolerance relaxed to achieve convergence from 3.9111617140460825e-03 to 3.9111617140460929e-03 seconds.
Warning: Simulation tolerance relaxed to achieve convergence from 3.9153213220546115e-03 to 3.9153213220546219e-03 seconds.
Warning: Simulation tolerance relaxed to achieve convergence from 3.9153213221285238e-03 to 3.9153213221285342e-03 seconds.
Warning: Simulation tolerance relaxed to achieve convergence from 3.9153213222532348e-03 to 3.9153213222532452e-03 seconds.
Warning: Simulation tolerance relaxed to achieve convergence from 3.9153218055682859e-03 to 3.9153218055682963e-03 seconds.
Warning: Simulation tolerance relaxed to achieve convergence from 3.9303360381321957e-03 to 3.9303360381322061e-03 seconds.
Warning: Simulation tolerance relaxed to achieve convergence from 3.9303360448458106e-03 to 3.9303360448458211e-03 seconds.
Warning: Simulation tolerance relaxed to achieve convergence from 3.9303360450720993e-03 to 3.9303360450721097e-03 seconds.
Warning: Simulation tolerance relaxed to achieve convergence from 3.9336575144042155e-03 to 3.9336575144042259e-03 seconds.
Warning: Simulation tolerance relaxed to achieve convergence from 3.9336577100873927e-03 to 3.9336577100874031e-03 seconds.
Warning: Simulation tolerance relaxed to achieve convergence from 3.9336577564974542e-03 to 3.9336577564974646e-03 seconds.
Warning: Simulation tolerance relaxed to achieve convergence from 3.9336577620988885e-03 to 3.9336577620988989e-03 seconds.
Warning: Simulation tolerance relaxed to achieve convergence from 3.9378567821947907e-03 to 3.9378567821948011e-03 seconds.
Warning: Simulation tolerance relaxed to achieve convergence from 3.9378568858838680e-03 to 3.9378568858838784e-03 seconds.
Warning: Simulation tolerance relaxed to achieve convergence from 3.9378575696417777e-03 to 3.9378575696417881e-03 seconds.
Warning: Simulation tolerance relaxed to achieve convergence from 3.9411550425938946e-03 to 3.9411550425939050e-03 seconds.
Warning: Simulation tolerance relaxed to achieve convergence from 3.9453442206678034e-03 to 3.9453442206678138e-03 seconds.
Warning: Simulation tolerance relaxed to achieve convergence from 3.9453448625124676e-03 to 3.9453448625124780e-03 seconds.
Warning: Simulation tolerance relaxed to achieve convergence from 3.9528927684644131e-03 to 3.9528927684644236e-03 seconds.
Warning: Simulation tolerance relaxed to achieve convergence from 3.9528927684764834e-03 to 3.9528927684764938e-03 seconds.
Warning: Simulation tolerance relaxed to achieve convergence from 3.9528927684765944e-03 to 3.9528927684766048e-03 seconds.
Warning: Simulation tolerance relaxed to achieve convergence from 3.9678403818462285e-03 to 3.9678403818462389e-03 seconds.
Warning: Simulation tolerance relaxed to achieve convergence from 3.9678409669911827e-03 to 3.9678409669911931e-03 seconds.
Warning: Simulation tolerance relaxed to achieve convergence from 3.9678409676667022e-03 to 3.9678409676667126e-03 seconds.
Warning: Simulation tolerance relaxed to achieve convergence from 3.9678412145030270e-03 to 3.9678412145030375e-03 seconds.
Warning: Simulation tolerance relaxed to achieve convergence from 3.9678412381715638e-03 to 3.9678412381715742e-03 seconds.
Warning: Simulation tolerance relaxed to achieve convergence from 3.9753810611836849e-03 to 3.9753810611836953e-03 seconds.
Warning: Simulation tolerance relaxed to achieve convergence from 3.9753810611836953e-03 to 3.9753810611837057e-03 seconds.
Warning: Simulation tolerance relaxed to achieve convergence from 3.9753810611837057e-03 to 3.9753810611837161e-03 seconds.
Warning: Simulation tolerance relaxed to achieve convergence from 3.9753810611837161e-03 to 3.9753810611837265e-03 seconds.
Warning: Simulation tolerance relaxed to achieve convergence from 3.9753810612212399e-03 to 3.9753810612212503e-03 seconds.
Warning: Simulation tolerance relaxed to achieve convergence from 3.9753810616325541e-03 to 3.9753810616325646e-03 seconds.
Warning: Simulation tolerance relaxed to achieve convergence from 3.9753812216766406e-03 to 3.9753812216766510e-03 seconds.
Warning: Simulation tolerance relaxed to achieve convergence from 3.9753812216778515e-03 to 3.9753812216778619e-03 seconds.
Warning: Simulation tolerance relaxed to achieve convergence from 3.9753813049326148e-03 to 3.9753813049326252e-03 seconds.
Warning: Simulation tolerance relaxed to achieve convergence from 3.9978372897140502e-03 to 3.9978372897140606e-03 seconds.
Warning: Simulation tolerance relaxed to achieve convergence from 3.9978373510331199e-03 to 3.9978373510331303e-03 seconds.
Warning: Simulation tolerance relaxed to achieve convergence from 3.9978376321817459e-03 to 3.9978376321817563e-03 seconds.
Warning: Simulation tolerance relaxed to achieve convergence from 3.9978377695943177e-03 to 3.9978377695943281e-03 seconds.
Warning: Simulation tolerance relaxed to achieve convergence from 4.0128717320985626e-03 to 4.0128717320985731e-03 seconds.
Warning: Simulation tolerance relaxed to achieve convergence from 4.0203303734277799e-03 to 4.0203303734277903e-03 seconds.
Warning: Simulation tolerance relaxed to achieve convergence from 4.0203303854286368e-03 to 4.0203303854286472e-03 seconds.
Warning: Simulation tolerance relaxed to achieve convergence from 4.0203303854290965e-03 to 4.0203303854291069e-03 seconds.
Warning: Simulation tolerance relaxed to achieve convergence from 4.0428562463229430e-03 to 4.0428562463229534e-03 seconds.
Warning: Simulation tolerance relaxed to achieve convergence from 4.0503414744779967e-03 to 4.0503414744780071e-03 seconds.
Warning: Simulation tolerance relaxed to achieve convergence from 4.0503418670446486e-03 to 4.0503418670446590e-03 seconds.
Warning: Simulation tolerance relaxed to achieve convergence from 4.0578530154305849e-03 to 4.0578530154305953e-03 seconds.
Warning: Simulation tolerance relaxed to achieve convergence from 4.0578531372380197e-03 to 4.0578531372380301e-03 seconds.
Warning: Simulation tolerance relaxed to achieve convergence from 4.0578531373559610e-03 to 4.0578531373559714e-03 seconds.
Warning: Simulation tolerance relaxed to achieve convergence from 4.0578531374205968e-03 to 4.0578531374206072e-03 seconds.
Warning: Simulation tolerance relaxed to achieve convergence from 4.0578531374206072e-03 to 4.0578531374206176e-03 seconds.
Warning: Simulation tolerance relaxed to achieve convergence from 4.0578531827866002e-03 to 4.0578531827866107e-03 seconds.
Warning: Simulation tolerance relaxed to achieve convergence from 4.0761328878491133e-03 to 4.0761328878491238e-03 seconds.
Warning: Simulation tolerance relaxed to achieve convergence from 4.0803563515845014e-03 to 4.0803563515845118e-03 seconds.
Warning: Simulation tolerance relaxed to achieve convergence from 4.0803563515845118e-03 to 4.0803563515845222e-03 seconds.
Warning: Simulation tolerance relaxed to achieve convergence from 4.0803563541190859e-03 to 4.0803563541190963e-03 seconds.
Warning: Simulation tolerance relaxed to achieve convergence from 4.0803563626500439e-03 to 4.0803563626500543e-03 seconds.
Warning: Simulation tolerance relaxed to achieve convergence from 4.0878355949667934e-03 to 4.0878355949668039e-03 seconds.
Warning: Simulation tolerance relaxed to achieve convergence from 4.0878355949668143e-03 to 4.0878355949668247e-03 seconds.
Warning: Simulation tolerance relaxed to achieve convergence from 4.0878355949668351e-03 to 4.0878355949668455e-03 seconds.
Warning: Simulation tolerance relaxed to achieve convergence from 4.0878355949674951e-03 to 4.0878355949675056e-03 seconds.
Warning: Simulation tolerance relaxed to achieve convergence from 4.0911232014283682e-03 to 4.0911232014283786e-03 seconds.
Warning: Simulation tolerance relaxed to achieve convergence from 4.0953551461116386e-03 to 4.0953551461116490e-03 seconds.
Warning: Simulation tolerance relaxed to achieve convergence from 4.0953551461117088e-03 to 4.0953551461117193e-03 seconds.
Warning: Simulation tolerance relaxed to achieve convergence from 4.0953551501034628e-03 to 4.0953551501034732e-03 seconds.
Warning: Simulation tolerance relaxed to achieve convergence from 4.0953551501553085e-03 to 4.0953551501553189e-03 seconds.
Warning: Simulation tolerance relaxed to achieve convergence from 4.0953560714382135e-03 to 4.0953560714382239e-03 seconds.
Warning: Simulation tolerance relaxed to achieve convergence from 4.0953560993202270e-03 to 4.0953560993202374e-03 seconds.
Warning: Simulation tolerance relaxed to achieve convergence from 4.0953560993202374e-03 to 4.0953560993202479e-03 seconds.
Warning: Simulation tolerance relaxed to achieve convergence from 4.0953560993202583e-03 to 4.0953560993202687e-03 seconds.
Warning: Simulation tolerance relaxed to achieve convergence from 4.0953560993202687e-03 to 4.0953560993202791e-03 seconds.
Warning: Simulation tolerance relaxed to achieve convergence from 4.0953560993202895e-03 to 4.0953560993202999e-03 seconds.
Warning: Simulation tolerance relaxed to achieve convergence from 4.1028229592370456e-03 to 4.1028229592370560e-03 seconds.
Warning: Simulation tolerance relaxed to achieve convergence from 4.1028229592370560e-03 to 4.1028229592370664e-03 seconds.
Warning: Simulation tolerance relaxed to achieve convergence from 4.1028229592370864e-03 to 4.1028229592370968e-03 seconds.
Warning: Simulation tolerance relaxed to achieve convergence from 4.1028236084857490e-03 to 4.1028236084857594e-03 seconds.
Warning: Simulation tolerance relaxed to achieve convergence from 4.1028236084920096e-03 to 4.1028236084920200e-03 seconds.
Warning: Simulation tolerance relaxed to achieve convergence from 4.1028236084920504e-03 to 4.1028236084920608e-03 seconds.
Warning: Simulation tolerance relaxed to achieve convergence from 4.1103242943392286e-03 to 4.1103242943392390e-03 seconds.
Warning: Simulation tolerance relaxed to achieve convergence from 4.1103242943398696e-03 to 4.1103242943398800e-03 seconds.
Warning: Simulation tolerance relaxed to achieve convergence from 4.1178229547918794e-03 to 4.1178229547918898e-03 seconds.
Warning: Simulation tolerance relaxed to achieve convergence from 4.1178229547921994e-03 to 4.1178229547922099e-03 seconds.
Warning: Simulation tolerance relaxed to achieve convergence from 4.1178229547922506e-03 to 4.1178229547922610e-03 seconds.
Warning: Simulation tolerance relaxed to achieve convergence from 4.1253610469192646e-03 to 4.1253610469192750e-03 seconds.
Warning: Simulation tolerance relaxed to achieve convergence from 4.1403621414172944e-03 to 4.1403621414173048e-03 seconds.
Warning: Simulation tolerance relaxed to achieve convergence from 4.1436001729199552e-03 to 4.1436001729199656e-03 seconds.
Warning: Simulation tolerance relaxed to achieve convergence from 4.1436001730220419e-03 to 4.1436001730220523e-03 seconds.
Warning: Simulation tolerance relaxed to achieve convergence from 4.1478599875424118e-03 to 4.1478599875424222e-03 seconds.
Warning: Simulation tolerance relaxed to achieve convergence from 4.1478599894182811e-03 to 4.1478599894182915e-03 seconds.
Warning: Simulation tolerance relaxed to achieve convergence from 4.1478599894183722e-03 to 4.1478599894183826e-03 seconds.
Warning: Simulation tolerance relaxed to achieve convergence from 4.1478599927934831e-03 to 4.1478599927934935e-03 seconds.
Warning: Simulation tolerance relaxed to achieve convergence from 4.1553251891842079e-03 to 4.1553251891842183e-03 seconds.
Warning: Simulation tolerance relaxed to achieve convergence from 4.1628670255090027e-03 to 4.1628670255090131e-03 seconds.
Warning: Simulation tolerance relaxed to achieve convergence from 4.1703281112031500e-03 to 4.1703281112031605e-03 seconds.
Warning: Simulation tolerance relaxed to achieve convergence from 4.1703281112172525e-03 to 4.1703281112172629e-03 seconds.
Warning: Simulation tolerance relaxed to achieve convergence from 4.1703281118904995e-03 to 4.1703281118905099e-03 seconds.
Warning: Simulation tolerance relaxed to achieve convergence from 4.1778578023667547e-03 to 4.1778578023667651e-03 seconds.
Warning: Simulation tolerance relaxed to achieve convergence from 4.1778578023667651e-03 to 4.1778578023667755e-03 seconds.
Warning: Simulation tolerance relaxed to achieve convergence from 4.1853838122988592e-03 to 4.1853838122988696e-03 seconds.
Warning: Simulation tolerance relaxed to achieve convergence from 4.1853841974238406e-03 to 4.1853841974238510e-03 seconds.
Warning: Simulation tolerance relaxed to achieve convergence from 4.1853841985560521e-03 to 4.1853841985560625e-03 seconds.
Warning: Simulation tolerance relaxed to achieve convergence from 4.1853841985565032e-03 to 4.1853841985565136e-03 seconds.
Warning: Simulation tolerance relaxed to achieve convergence from 4.1853841985574122e-03 to 4.1853841985574226e-03 seconds.
Warning: Simulation tolerance relaxed to achieve convergence from 4.1853841985603213e-03 to 4.1853841985603317e-03 seconds.
Warning: Simulation tolerance relaxed to achieve convergence from 4.1853841985603915e-03 to 4.1853841985604020e-03 seconds.
Warning: Simulation tolerance relaxed to achieve convergence from 4.1853841985604020e-03 to 4.1853841985604124e-03 seconds.
Warning: Simulation tolerance relaxed to achieve convergence from 4.1853841985604124e-03 to 4.1853841985604228e-03 seconds.
Warning: Simulation tolerance relaxed to achieve convergence from 4.1853841985930633e-03 to 4.1853841985930737e-03 seconds.
Warning: Simulation tolerance relaxed to achieve convergence from 4.1853842038135983e-03 to 4.1853842038136087e-03 seconds.
Warning: Simulation tolerance relaxed to achieve convergence from 4.1853842277458043e-03 to 4.1853842277458147e-03 seconds.
Warning: Simulation tolerance relaxed to achieve convergence from 4.1853842285930250e-03 to 4.1853842285930355e-03 seconds.
Warning: Simulation tolerance relaxed to achieve convergence from 4.1853842285932271e-03 to 4.1853842285932375e-03 seconds.
Warning: Simulation tolerance relaxed to achieve convergence from 4.1928365715110782e-03 to 4.1928365715110886e-03 seconds.
Warning: Simulation tolerance relaxed to achieve convergence from 4.1928365715110886e-03 to 4.1928365715110990e-03 seconds.
Warning: Simulation tolerance relaxed to achieve convergence from 4.1928367794312610e-03 to 4.1928367794312714e-03 seconds.
Warning: Simulation tolerance relaxed to achieve convergence from 4.1928367794390013e-03 to 4.1928367794390117e-03 seconds.
Warning: Simulation tolerance relaxed to achieve convergence from 4.2078838000649890e-03 to 4.2078838000649994e-03 seconds.
Warning: Simulation tolerance relaxed to achieve convergence from 4.2078838000649994e-03 to 4.2078838000650098e-03 seconds.
Warning: Simulation tolerance relaxed to achieve convergence from 4.2186600554618668e-03 to 4.2186600554618772e-03 seconds.
Warning: Simulation tolerance relaxed to achieve convergence from 4.2303574330538225e-03 to 4.2303574330538329e-03 seconds.
Warning: Simulation tolerance relaxed to achieve convergence from 4.2378669883730517e-03 to 4.2378669883730621e-03 seconds.
Warning: Simulation tolerance relaxed to achieve convergence from 4.2378685108737215e-03 to 4.2378685108737319e-03 seconds.
Warning: Simulation tolerance relaxed to achieve convergence from 4.2453643999471402e-03 to 4.2453643999471507e-03 seconds.
Warning: Simulation tolerance relaxed to achieve convergence from 4.2453643999471706e-03 to 4.2453643999471810e-03 seconds.
Warning: Simulation tolerance relaxed to achieve convergence from 4.2453645715823003e-03 to 4.2453645715823107e-03 seconds.
Warning: Simulation tolerance relaxed to achieve convergence from 4.2528416642539030e-03 to 4.2528416642539134e-03 seconds.
Warning: Simulation tolerance relaxed to achieve convergence from 4.2528426651161121e-03 to 4.2528426651161225e-03 seconds.
Warning: Simulation tolerance relaxed to achieve convergence from 4.2528426651161225e-03 to 4.2528426651161329e-03 seconds.
Warning: Simulation tolerance relaxed to achieve convergence from 4.2528426651161329e-03 to 4.2528426651161433e-03 seconds.
Warning: Simulation tolerance relaxed to achieve convergence from 4.2528426651161433e-03 to 4.2528426651161537e-03 seconds.
Warning: Simulation tolerance relaxed to achieve convergence from 4.2528426651161537e-03 to 4.2528426651161641e-03 seconds.
Warning: Simulation tolerance relaxed to achieve convergence from 4.2528426651194141e-03 to 4.2528426651194245e-03 seconds.
Warning: Simulation tolerance relaxed to achieve convergence from 4.2603619599652304e-03 to 4.2603619599652408e-03 seconds.
Warning: Simulation tolerance relaxed to achieve convergence from 4.2603627927625546e-03 to 4.2603627927625650e-03 seconds.
Warning: Simulation tolerance relaxed to achieve convergence from 4.2603629351366376e-03 to 4.2603629351366480e-03 seconds.
Warning: Simulation tolerance relaxed to achieve convergence from 4.2678419045970297e-03 to 4.2678419045970402e-03 seconds.
Warning: Simulation tolerance relaxed to achieve convergence from 4.2678419045970905e-03 to 4.2678419045971009e-03 seconds.
Warning: Simulation tolerance relaxed to achieve convergence from 4.2678419045972310e-03 to 4.2678419045972414e-03 seconds.
Warning: Simulation tolerance relaxed to achieve convergence from 4.2678419045972414e-03 to 4.2678419045972518e-03 seconds.
Warning: Simulation tolerance relaxed to achieve convergence from 4.2828659118907073e-03 to 4.2828659118907177e-03 seconds.
Warning: Simulation tolerance relaxed to achieve convergence from 4.2828659188677660e-03 to 4.2828659188677764e-03 seconds.
Warning: Simulation tolerance relaxed to achieve convergence from 4.2903244309440303e-03 to 4.2903244309440407e-03 seconds.
Warning: Simulation tolerance relaxed to achieve convergence from 4.2936765345154152e-03 to 4.2936765345154256e-03 seconds.
Warning: Simulation tolerance relaxed to achieve convergence from 4.2978387732422445e-03 to 4.2978387732422550e-03 seconds.
Warning: Simulation tolerance relaxed to achieve convergence from 4.2978389814504313e-03 to 4.2978389814504418e-03 seconds.
Warning: Simulation tolerance relaxed to achieve convergence from 4.2978389963025075e-03 to 4.2978389963025179e-03 seconds.
Warning: Simulation tolerance relaxed to achieve convergence from 4.3053667486279788e-03 to 4.3053667486279892e-03 seconds.
Warning: Simulation tolerance relaxed to achieve convergence from 4.3053667494604040e-03 to 4.3053667494604144e-03 seconds.
Warning: Simulation tolerance relaxed to achieve convergence from 4.3053668229334216e-03 to 4.3053668229334320e-03 seconds.
Warning: Simulation tolerance relaxed to achieve convergence from 4.3053668229339724e-03 to 4.3053668229339828e-03 seconds.
Warning: Simulation tolerance relaxed to achieve convergence from 4.3053668229339828e-03 to 4.3053668229339932e-03 seconds.
Warning: Simulation tolerance relaxed to achieve convergence from 4.3053668229339932e-03 to 4.3053668229340036e-03 seconds.
Warning: Simulation tolerance relaxed to achieve convergence from 4.3053669677078779e-03 to 4.3053669677078884e-03 seconds.
Warning: Simulation tolerance relaxed to achieve convergence from 4.3053670239520080e-03 to 4.3053670239520184e-03 seconds.
Warning: Simulation tolerance relaxed to achieve convergence from 4.3053670239520687e-03 to 4.3053670239520791e-03 seconds.
Warning: Simulation tolerance relaxed to achieve convergence from 4.3053670239520791e-03 to 4.3053670239520895e-03 seconds.
Warning: Simulation tolerance relaxed to achieve convergence from 4.3053670577543734e-03 to 4.3053670577543838e-03 seconds.
Warning: Simulation tolerance relaxed to achieve convergence from 4.3086211353402090e-03 to 4.3086211353402194e-03 seconds.
Warning: Simulation tolerance relaxed to achieve convergence from 4.3128903623727739e-03 to 4.3128903623727843e-03 seconds.
Warning: Simulation tolerance relaxed to achieve convergence from 4.3128903623728043e-03 to 4.3128903623728147e-03 seconds.
Warning: Simulation tolerance relaxed to achieve convergence from 4.3128906300837480e-03 to 4.3128906300837584e-03 seconds.
Warning: Simulation tolerance relaxed to achieve convergence from 4.3128906316059904e-03 to 4.3128906316060008e-03 seconds.
Warning: Simulation tolerance relaxed to achieve convergence from 4.3128906337190891e-03 to 4.3128906337190995e-03 seconds.
Warning: Simulation tolerance relaxed to achieve convergence from 4.3128906629694864e-03 to 4.3128906629694968e-03 seconds.
Warning: Simulation tolerance relaxed to achieve convergence from 4.3203382183979351e-03 to 4.3203382183979455e-03 seconds.
Warning: Simulation tolerance relaxed to achieve convergence from 4.3203382185219835e-03 to 4.3203382185219939e-03 seconds.
Warning: Simulation tolerance relaxed to achieve convergence from 4.3203382185219939e-03 to 4.3203382185220043e-03 seconds.
Warning: Simulation tolerance relaxed to achieve convergence from 4.3203382185220043e-03 to 4.3203382185220147e-03 seconds.
Warning: Simulation tolerance relaxed to achieve convergence from 4.3203382185220147e-03 to 4.3203382185220251e-03 seconds.
Warning: Simulation tolerance relaxed to achieve convergence from 4.3203382185220450e-03 to 4.3203382185220554e-03 seconds.
Warning: Simulation tolerance relaxed to achieve convergence from 4.3203382185220754e-03 to 4.3203382185220858e-03 seconds.
Warning: Simulation tolerance relaxed to achieve convergence from 4.3278351820920293e-03 to 4.3278351820920397e-03 seconds.
Warning: Simulation tolerance relaxed to achieve convergence from 4.3311634943976919e-03 to 4.3311634943977023e-03 seconds.
Warning: Simulation tolerance relaxed to achieve convergence from 4.3311634944758447e-03 to 4.3311634944758551e-03 seconds.
Warning: Simulation tolerance relaxed to achieve convergence from 4.3353216339942742e-03 to 4.3353216339942846e-03 seconds.
Warning: Simulation tolerance relaxed to achieve convergence from 4.3353216384703916e-03 to 4.3353216384704020e-03 seconds.
Warning: Simulation tolerance relaxed to achieve convergence from 4.3353225239907839e-03 to 4.3353225239907943e-03 seconds.
Warning: Simulation tolerance relaxed to achieve convergence from 4.3353225239908949e-03 to 4.3353225239909053e-03 seconds.
Warning: Simulation tolerance relaxed to achieve convergence from 4.3353225242935218e-03 to 4.3353225242935322e-03 seconds.
Warning: Simulation tolerance relaxed to achieve convergence from 4.3353225273385183e-03 to 4.3353225273385287e-03 seconds.
Warning: Simulation tolerance relaxed to achieve convergence from 4.3353225501870556e-03 to 4.3353225501870660e-03 seconds.
Warning: Simulation tolerance relaxed to achieve convergence from 4.3353225501870660e-03 to 4.3353225501870764e-03 seconds.
Warning: Simulation tolerance relaxed to achieve convergence from 4.3353225502762742e-03 to 4.3353225502762846e-03 seconds.
Warning: Simulation tolerance relaxed to achieve convergence from 4.3428662649616654e-03 to 4.3428662649616758e-03 seconds.
Warning: Simulation tolerance relaxed to achieve convergence from 4.3428674211148837e-03 to 4.3428674211148941e-03 seconds.
Warning: Simulation tolerance relaxed to achieve convergence from 4.3428674211148941e-03 to 4.3428674211149045e-03 seconds.
Warning: Simulation tolerance relaxed to achieve convergence from 4.3428674211149244e-03 to 4.3428674211149348e-03 seconds.
Warning: Simulation tolerance relaxed to achieve convergence from 4.3428674211152445e-03 to 4.3428674211152549e-03 seconds.
Warning: Simulation tolerance relaxed to achieve convergence from 4.3428674211153147e-03 to 4.3428674211153252e-03 seconds.
Warning: Simulation tolerance relaxed to achieve convergence from 4.3611889171419008e-03 to 4.3611889171419112e-03 seconds.
Warning: Simulation tolerance relaxed to achieve convergence from 4.3611889323308256e-03 to 4.3611889323308360e-03 seconds.
Warning: Simulation tolerance relaxed to achieve convergence from 4.3728591371603410e-03 to 4.3728591371603514e-03 seconds.
Warning: Simulation tolerance relaxed to achieve convergence from 4.3728591371603514e-03 to 4.3728591371603618e-03 seconds.
Warning: Simulation tolerance relaxed to achieve convergence from 4.3728595544429332e-03 to 4.3728595544429436e-03 seconds.
Warning: Simulation tolerance relaxed to achieve convergence from 4.3728596635072376e-03 to 4.3728596635072481e-03 seconds.
Warning: Simulation tolerance relaxed to achieve convergence from 4.3728597572814699e-03 to 4.3728597572814804e-03 seconds.
Warning: Simulation tolerance relaxed to achieve convergence from 4.3728597572814804e-03 to 4.3728597572814908e-03 seconds.
Warning: Simulation tolerance relaxed to achieve convergence from 4.3728597641652543e-03 to 4.3728597641652647e-03 seconds.
Warning: Simulation tolerance relaxed to achieve convergence from 4.3728597641653350e-03 to 4.3728597641653454e-03 seconds.
Warning: Simulation tolerance relaxed to achieve convergence from 4.3728598265533542e-03 to 4.3728598265533646e-03 seconds.
Warning: Simulation tolerance relaxed to achieve convergence from 4.3728598265533845e-03 to 4.3728598265533949e-03 seconds.
Warning: Simulation tolerance relaxed to achieve convergence from 4.3728598265541539e-03 to 4.3728598265541643e-03 seconds.
Warning: Simulation tolerance relaxed to achieve convergence from 4.3728598265541643e-03 to 4.3728598265541747e-03 seconds.
Warning: Simulation tolerance relaxed to achieve convergence from 4.3728598265541747e-03 to 4.3728598265541851e-03 seconds.
Warning: Simulation tolerance relaxed to achieve convergence from 4.3728598265541851e-03 to 4.3728598265541955e-03 seconds.
Warning: Simulation tolerance relaxed to achieve convergence from 4.3728601959759231e-03 to 4.3728601959759335e-03 seconds.
Warning: Simulation tolerance relaxed to achieve convergence from 4.3728601959759639e-03 to 4.3728601959759743e-03 seconds.
Warning: Simulation tolerance relaxed to achieve convergence from 4.3728601959759743e-03 to 4.3728601959759847e-03 seconds.
Warning: Simulation tolerance relaxed to achieve convergence from 4.3803370649139316e-03 to 4.3803370649139420e-03 seconds.
Warning: Simulation tolerance relaxed to achieve convergence from 4.3803370770800262e-03 to 4.3803370770800366e-03 seconds.
Warning: Simulation tolerance relaxed to achieve convergence from 4.3803370770800964e-03 to 4.3803370770801068e-03 seconds.
Warning: Simulation tolerance relaxed to achieve convergence from 4.3878672904465905e-03 to 4.3878672904466010e-03 seconds.
Warning: Simulation tolerance relaxed to achieve convergence from 4.3953379587658671e-03 to 4.3953379587658775e-03 seconds.
Warning: Simulation tolerance relaxed to achieve convergence from 4.3953380506093877e-03 to 4.3953380506093981e-03 seconds.
Warning: Simulation tolerance relaxed to achieve convergence from 4.3953385082916765e-03 to 4.3953385082916869e-03 seconds.
Warning: Simulation tolerance relaxed to achieve convergence from 4.4028608406490701e-03 to 4.4028608406490805e-03 seconds.
Warning: Simulation tolerance relaxed to achieve convergence from 4.4028608407226059e-03 to 4.4028608407226163e-03 seconds.
Warning: Simulation tolerance relaxed to achieve convergence from 4.4028608663486896e-03 to 4.4028608663487000e-03 seconds.
Warning: Simulation tolerance relaxed to achieve convergence from 4.4103837876138833e-03 to 4.4103837876138937e-03 seconds.
Warning: Simulation tolerance relaxed to achieve convergence from 4.4103844669477650e-03 to 4.4103844669477754e-03 seconds.
Warning: Simulation tolerance relaxed to achieve convergence from 4.4103844669477858e-03 to 4.4103844669477962e-03 seconds.
Warning: Simulation tolerance relaxed to achieve convergence from 4.4103844669477962e-03 to 4.4103844669478066e-03 seconds.
Warning: Simulation tolerance relaxed to achieve convergence from 4.4103846502567571e-03 to 4.4103846502567675e-03 seconds.
Warning: Simulation tolerance relaxed to achieve convergence from 4.4103846502567779e-03 to 4.4103846502567884e-03 seconds.
Warning: Simulation tolerance relaxed to achieve convergence from 4.4103847258363761e-03 to 4.4103847258363865e-03 seconds.
Warning: Simulation tolerance relaxed to achieve convergence from 4.4178321168714127e-03 to 4.4178321168714231e-03 seconds.
Warning: Simulation tolerance relaxed to achieve convergence from 4.4178321168714231e-03 to 4.4178321168714335e-03 seconds.
Warning: Simulation tolerance relaxed to achieve convergence from 4.4178322205316711e-03 to 4.4178322205316815e-03 seconds.
Warning: Simulation tolerance relaxed to achieve convergence from 4.4178322205316815e-03 to 4.4178322205316919e-03 seconds.
Warning: Simulation tolerance relaxed to achieve convergence from 4.4178322205316919e-03 to 4.4178322205317023e-03 seconds.
Warning: Simulation tolerance relaxed to achieve convergence from 4.4178323722772507e-03 to 4.4178323722772611e-03 seconds.
Warning: Simulation tolerance relaxed to achieve convergence from 4.4253422227283146e-03 to 4.4253422227283250e-03 seconds.
Warning: Simulation tolerance relaxed to achieve convergence from 4.4328135619723288e-03 to 4.4328135619723392e-03 seconds.
Warning: Simulation tolerance relaxed to achieve convergence from 4.4328148543604290e-03 to 4.4328148543604394e-03 seconds.
Warning: Simulation tolerance relaxed to achieve convergence from 4.4328148557517127e-03 to 4.4328148557517232e-03 seconds.
Warning: Simulation tolerance relaxed to achieve convergence from 4.4478235616424236e-03 to 4.4478235616424340e-03 seconds.
Warning: Simulation tolerance relaxed to achieve convergence from 4.4478235616427948e-03 to 4.4478235616428052e-03 seconds.
Warning: Simulation tolerance relaxed to achieve convergence from 4.4478235617576127e-03 to 4.4478235617576231e-03 seconds.
Warning: Simulation tolerance relaxed to achieve convergence from 4.4478235617576231e-03 to 4.4478235617576335e-03 seconds.
Warning: Simulation tolerance relaxed to achieve convergence from 4.4478235748570639e-03 to 4.4478235748570743e-03 seconds.
Warning: Simulation tolerance relaxed to achieve convergence from 4.4478235748572044e-03 to 4.4478235748572148e-03 seconds.
Warning: Simulation tolerance relaxed to achieve convergence from 4.4478235748867763e-03 to 4.4478235748867867e-03 seconds.
Warning: Simulation tolerance relaxed to achieve convergence from 4.4478236501923956e-03 to 4.4478236501924060e-03 seconds.
Warning: Simulation tolerance relaxed to achieve convergence from 4.4703000468161933e-03 to 4.4703000468162037e-03 seconds.
Warning: Simulation tolerance relaxed to achieve convergence from 4.4703087108634845e-03 to 4.4703087108634949e-03 seconds.
Warning: Simulation tolerance relaxed to achieve convergence from 4.4703093052216817e-03 to 4.4703093052216921e-03 seconds.
Warning: Simulation tolerance relaxed to achieve convergence from 4.4703093052216921e-03 to 4.4703093052217025e-03 seconds.
Warning: Simulation tolerance relaxed to achieve convergence from 4.4703093052217025e-03 to 4.4703093052217129e-03 seconds.
Warning: Simulation tolerance relaxed to achieve convergence from 4.4703093052217129e-03 to 4.4703093052217233e-03 seconds.
Warning: Simulation tolerance relaxed to achieve convergence from 4.4703093052217233e-03 to 4.4703093052217337e-03 seconds.
Warning: Simulation tolerance relaxed to achieve convergence from 4.4703093052314352e-03 to 4.4703093052314456e-03 seconds.
Warning: Simulation tolerance relaxed to achieve convergence from 4.4703093056566541e-03 to 4.4703093056566645e-03 seconds.
Warning: Simulation tolerance relaxed to achieve convergence from 4.4703093056624359e-03 to 4.4703093056624463e-03 seconds.
Warning: Simulation tolerance relaxed to achieve convergence from 4.4703093056626068e-03 to 4.4703093056626172e-03 seconds.
Warning: Simulation tolerance relaxed to achieve convergence from 4.4778166664626003e-03 to 4.4778166664626107e-03 seconds.
Warning: Simulation tolerance relaxed to achieve convergence from 4.4778167056191698e-03 to 4.4778167056191802e-03 seconds.
Warning: Simulation tolerance relaxed to achieve convergence from 4.4778167056192704e-03 to 4.4778167056192808e-03 seconds.
Warning: Simulation tolerance relaxed to achieve convergence from 4.4853182423065041e-03 to 4.4853182423065146e-03 seconds.
Warning: Simulation tolerance relaxed to achieve convergence from 4.4853182423287771e-03 to 4.4853182423287875e-03 seconds.
Warning: Simulation tolerance relaxed to achieve convergence from 4.4886885743810889e-03 to 4.4886885743810993e-03 seconds.
Warning: Simulation tolerance relaxed to achieve convergence from 4.5003516342328291e-03 to 4.5003516342328395e-03 seconds.
Warning: Simulation tolerance relaxed to achieve convergence from 4.5078569744748023e-03 to 4.5078569744748127e-03 seconds.
Warning: Simulation tolerance relaxed to achieve convergence from 4.5078570863356570e-03 to 4.5078570863356674e-03 seconds.
Warning: Simulation tolerance relaxed to achieve convergence from 4.5078577903661429e-03 to 4.5078577903661533e-03 seconds.
Warning: Simulation tolerance relaxed to achieve convergence from 4.5078577903662131e-03 to 4.5078577903662235e-03 seconds.
Warning: Simulation tolerance relaxed to achieve convergence from 4.5078577903685220e-03 to 4.5078577903685324e-03 seconds.
Warning: Simulation tolerance relaxed to achieve convergence from 4.5078577903688820e-03 to 4.5078577903688924e-03 seconds.
Warning: Simulation tolerance relaxed to achieve convergence from 4.5078577903690520e-03 to 4.5078577903690624e-03 seconds.
Warning: Simulation tolerance relaxed to achieve convergence from 4.5078578558558936e-03 to 4.5078578558559040e-03 seconds.
Warning: Simulation tolerance relaxed to achieve convergence from 4.5078578558559040e-03 to 4.5078578558559144e-03 seconds.
Warning: Simulation tolerance relaxed to achieve convergence from 4.5078578558559144e-03 to 4.5078578558559249e-03 seconds.
Warning: Simulation tolerance relaxed to achieve convergence from 4.5078578558559249e-03 to 4.5078578558559353e-03 seconds.
Warning: Simulation tolerance relaxed to achieve convergence from 4.5303578833780951e-03 to 4.5303578833781055e-03 seconds.
Warning: Simulation tolerance relaxed to achieve convergence from 4.5336532760803802e-03 to 4.5336532760803907e-03 seconds.
Warning: Simulation tolerance relaxed to achieve convergence from 4.5378242976632033e-03 to 4.5378242976632137e-03 seconds.
Warning: Simulation tolerance relaxed to achieve convergence from 4.5453604744193363e-03 to 4.5453604744193467e-03 seconds.
Warning: Simulation tolerance relaxed to achieve convergence from 4.5453606543686808e-03 to 4.5453606543686912e-03 seconds.
Warning: Simulation tolerance relaxed to achieve convergence from 4.5603601663738403e-03 to 4.5603601663738507e-03 seconds.
Warning: Simulation tolerance relaxed to achieve convergence from 4.5678398265498110e-03 to 4.5678398265498214e-03 seconds.
Warning: Simulation tolerance relaxed to achieve convergence from 4.5678398273032881e-03 to 4.5678398273032985e-03 seconds.
Warning: Simulation tolerance relaxed to achieve convergence from 4.5678402679088280e-03 to 4.5678402679088384e-03 seconds.
Warning: Simulation tolerance relaxed to achieve convergence from 4.5753572313304378e-03 to 4.5753572313304482e-03 seconds.
Warning: Simulation tolerance relaxed to achieve convergence from 4.5753572313304482e-03 to 4.5753572313304586e-03 seconds.
Warning: Simulation tolerance relaxed to achieve convergence from 4.5753572313306790e-03 to 4.5753572313306894e-03 seconds.
Warning: Simulation tolerance relaxed to achieve convergence from 4.5753572313307301e-03 to 4.5753572313307405e-03 seconds.
Warning: Simulation tolerance relaxed to achieve convergence from 4.5753572313307509e-03 to 4.5753572313307614e-03 seconds.
Warning: Simulation tolerance relaxed to achieve convergence from 4.5753572313307926e-03 to 4.5753572313308030e-03 seconds.
Warning: Simulation tolerance relaxed to achieve convergence from 4.5753575752108793e-03 to 4.5753575752108897e-03 seconds.
Warning: Simulation tolerance relaxed to achieve convergence from 4.5828416149507655e-03 to 4.5828416149507759e-03 seconds.
Warning: Simulation tolerance relaxed to achieve convergence from 4.5828416149650379e-03 to 4.5828416149650483e-03 seconds.
Warning: Simulation tolerance relaxed to achieve convergence from 4.5828424626070457e-03 to 4.5828424626070561e-03 seconds.
Warning: Simulation tolerance relaxed to achieve convergence from 4.5861306668828674e-03 to 4.5861306668828778e-03 seconds.
Warning: Simulation tolerance relaxed to achieve convergence from 4.5978377666914070e-03 to 4.5978377666914174e-03 seconds.
Warning: Simulation tolerance relaxed to achieve convergence from 4.6053364426120701e-03 to 4.6053364426120805e-03 seconds.
Warning: Simulation tolerance relaxed to achieve convergence from 4.6053364928751207e-03 to 4.6053364928751311e-03 seconds.
Warning: Simulation tolerance relaxed to achieve convergence from 4.6053364928751311e-03 to 4.6053364928751415e-03 seconds.
Warning: Simulation tolerance relaxed to achieve convergence from 4.6053364928751415e-03 to 4.6053364928751520e-03 seconds.
Warning: Simulation tolerance relaxed to achieve convergence from 4.6053364928752023e-03 to 4.6053364928752127e-03 seconds.
Warning: Simulation tolerance relaxed to achieve convergence from 4.6128183492364742e-03 to 4.6128183492364846e-03 seconds.
Warning: Simulation tolerance relaxed to achieve convergence from 4.6236494468651461e-03 to 4.6236494468651565e-03 seconds.
Warning: Simulation tolerance relaxed to achieve convergence from 4.6278891666291571e-03 to 4.6278891666291675e-03 seconds.
Warning: Simulation tolerance relaxed to achieve convergence from 4.6278891666291780e-03 to 4.6278891666291884e-03 seconds.
Warning: Simulation tolerance relaxed to achieve convergence from 4.6278891666540279e-03 to 4.6278891666540383e-03 seconds.
Warning: Simulation tolerance relaxed to achieve convergence from 4.6278895979868489e-03 to 4.6278895979868593e-03 seconds.
Warning: Simulation tolerance relaxed to achieve convergence from 4.6278895979868593e-03 to 4.6278895979868697e-03 seconds.
Warning: Simulation tolerance relaxed to achieve convergence from 4.6278896482958212e-03 to 4.6278896482958316e-03 seconds.
Warning: Simulation tolerance relaxed to achieve convergence from 4.6278896684875505e-03 to 4.6278896684875609e-03 seconds.
Warning: Simulation tolerance relaxed to achieve convergence from 4.6278896684875609e-03 to 4.6278896684875713e-03 seconds.
Warning: Simulation tolerance relaxed to achieve convergence from 4.6278896684875713e-03 to 4.6278896684875817e-03 seconds.
Warning: Simulation tolerance relaxed to achieve convergence from 4.6278897728870881e-03 to 4.6278897728870986e-03 seconds.
Warning: Simulation tolerance relaxed to achieve convergence from 4.6278897728870986e-03 to 4.6278897728871090e-03 seconds.
Warning: Simulation tolerance relaxed to achieve convergence from 4.6278897728871090e-03 to 4.6278897728871194e-03 seconds.
Warning: Simulation tolerance relaxed to achieve convergence from 4.6278897728871194e-03 to 4.6278897728871298e-03 seconds.
Warning: Simulation tolerance relaxed to achieve convergence from 4.6278897728871298e-03 to 4.6278897728871402e-03 seconds.
Warning: Simulation tolerance relaxed to achieve convergence from 4.6278897728872000e-03 to 4.6278897728872104e-03 seconds.
Warning: Simulation tolerance relaxed to achieve convergence from 4.6278897728872408e-03 to 4.6278897728872512e-03 seconds.
Warning: Simulation tolerance relaxed to achieve convergence from 4.6278897729236023e-03 to 4.6278897729236127e-03 seconds.
Warning: Simulation tolerance relaxed to achieve convergence from 4.6353382736270101e-03 to 4.6353382736270205e-03 seconds.
Warning: Simulation tolerance relaxed to achieve convergence from 4.6353393924469426e-03 to 4.6353393924469530e-03 seconds.
Warning: Simulation tolerance relaxed to achieve convergence from 4.6353393924469530e-03 to 4.6353393924469634e-03 seconds.
Warning: Simulation tolerance relaxed to achieve convergence from 4.6353393924471438e-03 to 4.6353393924471542e-03 seconds.
Warning: Simulation tolerance relaxed to achieve convergence from 4.6353393932651761e-03 to 4.6353393932651865e-03 seconds.
Warning: Simulation tolerance relaxed to achieve convergence from 4.6353393932669551e-03 to 4.6353393932669655e-03 seconds.
Warning: Simulation tolerance relaxed to achieve convergence from 4.6353393933032672e-03 to 4.6353393933032776e-03 seconds.
Warning: Simulation tolerance relaxed to achieve convergence from 4.6353393933043071e-03 to 4.6353393933043175e-03 seconds.
Warning: Simulation tolerance relaxed to achieve convergence from 4.6386764366137534e-03 to 4.6386764366137638e-03 seconds.
Warning: Simulation tolerance relaxed to achieve convergence from 4.6428431700673775e-03 to 4.6428431700673879e-03 seconds.
Warning: Simulation tolerance relaxed to achieve convergence from 4.6428431700673879e-03 to 4.6428431700673983e-03 seconds.
Warning: Simulation tolerance relaxed to achieve convergence from 4.6503568784301208e-03 to 4.6503568784301312e-03 seconds.
Warning: Simulation tolerance relaxed to achieve convergence from 4.6503573617382070e-03 to 4.6503573617382174e-03 seconds.
Warning: Simulation tolerance relaxed to achieve convergence from 4.6503573617382174e-03 to 4.6503573617382278e-03 seconds.
Warning: Simulation tolerance relaxed to achieve convergence from 4.6503573617382582e-03 to 4.6503573617382686e-03 seconds.
Warning: Simulation tolerance relaxed to achieve convergence from 4.6503573617383094e-03 to 4.6503573617383198e-03 seconds.
Warning: Simulation tolerance relaxed to achieve convergence from 4.6611849343257223e-03 to 4.6611849343257327e-03 seconds.
Warning: Simulation tolerance relaxed to achieve convergence from 4.6653426102587188e-03 to 4.6653426102587292e-03 seconds.
Warning: Simulation tolerance relaxed to achieve convergence from 4.6728865910091576e-03 to 4.6728865910091680e-03 seconds.
Warning: Simulation tolerance relaxed to achieve convergence from 4.6728867770747346e-03 to 4.6728867770747451e-03 seconds.
Warning: Simulation tolerance relaxed to achieve convergence from 4.6803346396453458e-03 to 4.6803346396453562e-03 seconds.
Warning: Simulation tolerance relaxed to achieve convergence from 4.6878366929172565e-03 to 4.6878366929172669e-03 seconds.
Warning: Simulation tolerance relaxed to achieve convergence from 4.6878367052459189e-03 to 4.6878367052459293e-03 seconds.
Warning: Simulation tolerance relaxed to achieve convergence from 4.6878367149093738e-03 to 4.6878367149093842e-03 seconds.
Warning: Simulation tolerance relaxed to achieve convergence from 4.6953503142132353e-03 to 4.6953503142132457e-03 seconds.
Warning: Simulation tolerance relaxed to achieve convergence from 4.6953503142132457e-03 to 4.6953503142132562e-03 seconds.
Warning: Simulation tolerance relaxed to achieve convergence from 4.6953503206936115e-03 to 4.6953503206936219e-03 seconds.
Warning: Simulation tolerance relaxed to achieve convergence from 4.6953503206936219e-03 to 4.6953503206936323e-03 seconds.
Warning: Simulation tolerance relaxed to achieve convergence from 4.6953506894955770e-03 to 4.6953506894955874e-03 seconds.
Warning: Simulation tolerance relaxed to achieve convergence from 4.6953506964288686e-03 to 4.6953506964288790e-03 seconds.
Warning: Simulation tolerance relaxed to achieve convergence from 4.6953507302411679e-03 to 4.6953507302411783e-03 seconds.
Warning: Simulation tolerance relaxed to achieve convergence from 4.7028588326390687e-03 to 4.7028588326390791e-03 seconds.
Warning: Simulation tolerance relaxed to achieve convergence from 4.7028596564392729e-03 to 4.7028596564392833e-03 seconds.
Warning: Simulation tolerance relaxed to achieve convergence from 4.7061066236370819e-03 to 4.7061066236370923e-03 seconds.
Warning: Simulation tolerance relaxed to achieve convergence from 4.7061066236371522e-03 to 4.7061066236371626e-03 seconds.
Warning: Simulation tolerance relaxed to achieve convergence from 4.7103283311279989e-03 to 4.7103283311280093e-03 seconds.
Warning: Simulation tolerance relaxed to achieve convergence from 4.7103283311864530e-03 to 4.7103283311864634e-03 seconds.
Warning: Simulation tolerance relaxed to achieve convergence from 4.7103417730107984e-03 to 4.7103417730108088e-03 seconds.
Warning: Simulation tolerance relaxed to achieve convergence from 4.7103418198683189e-03 to 4.7103418198683293e-03 seconds.
Warning: Simulation tolerance relaxed to achieve convergence from 4.7103418378320414e-03 to 4.7103418378320518e-03 seconds.
Warning: Simulation tolerance relaxed to achieve convergence from 4.7103418378320718e-03 to 4.7103418378320822e-03 seconds.
Warning: Simulation tolerance relaxed to achieve convergence from 4.7103418378323719e-03 to 4.7103418378323823e-03 seconds.
Warning: Simulation tolerance relaxed to achieve convergence from 4.7103418378568818e-03 to 4.7103418378568922e-03 seconds.
Warning: Simulation tolerance relaxed to achieve convergence from 4.7103421258112366e-03 to 4.7103421258112470e-03 seconds.
Warning: Simulation tolerance relaxed to achieve convergence from 4.7103421258112470e-03 to 4.7103421258112574e-03 seconds.
Warning: Simulation tolerance relaxed to achieve convergence from 4.7103421258112574e-03 to 4.7103421258112678e-03 seconds.
Warning: Simulation tolerance relaxed to achieve convergence from 4.7103421263378588e-03 to 4.7103421263378692e-03 seconds.
Warning: Simulation tolerance relaxed to achieve convergence from 4.7103421263378692e-03 to 4.7103421263378796e-03 seconds.
Warning: Simulation tolerance relaxed to achieve convergence from 4.7178410084770242e-03 to 4.7178410084770346e-03 seconds.
Warning: Simulation tolerance relaxed to achieve convergence from 4.7253232972557947e-03 to 4.7253232972558051e-03 seconds.
Warning: Simulation tolerance relaxed to achieve convergence from 4.7253232972558857e-03 to 4.7253232972558961e-03 seconds.
Warning: Simulation tolerance relaxed to achieve convergence from 4.7253240416423028e-03 to 4.7253240416423132e-03 seconds.
Warning: Simulation tolerance relaxed to achieve convergence from 4.7253240416423739e-03 to 4.7253240416423843e-03 seconds.
Warning: Simulation tolerance relaxed to achieve convergence from 4.7328387433704117e-03 to 4.7328387433704221e-03 seconds.
Warning: Simulation tolerance relaxed to achieve convergence from 4.7478379500769568e-03 to 4.7478379500769672e-03 seconds.
Warning: Simulation tolerance relaxed to achieve convergence from 4.7553680567786888e-03 to 4.7553680567786992e-03 seconds.
Warning: Simulation tolerance relaxed to achieve convergence from 4.7553680572497052e-03 to 4.7553680572497157e-03 seconds.
Warning: Simulation tolerance relaxed to achieve convergence from 4.7553680804455992e-03 to 4.7553680804456096e-03 seconds.
Warning: Simulation tolerance relaxed to achieve convergence from 4.7553681864147407e-03 to 4.7553681864147511e-03 seconds.
Warning: Simulation tolerance relaxed to achieve convergence from 4.7553682047937092e-03 to 4.7553682047937196e-03 seconds.
Warning: Simulation tolerance relaxed to achieve convergence from 4.7553682059264793e-03 to 4.7553682059264897e-03 seconds.
Warning: Simulation tolerance relaxed to achieve convergence from 4.7628372943412118e-03 to 4.7628372943412222e-03 seconds.
Warning: Simulation tolerance relaxed to achieve convergence from 4.7703507917053120e-03 to 4.7703507917053224e-03 seconds.
Warning: Simulation tolerance relaxed to achieve convergence from 4.7703507917053224e-03 to 4.7703507917053328e-03 seconds.
Warning: Simulation tolerance relaxed to achieve convergence from 4.7703507917053328e-03 to 4.7703507917053432e-03 seconds.
Warning: Simulation tolerance relaxed to achieve convergence from 4.7703507917053935e-03 to 4.7703507917054040e-03 seconds.
Warning: Simulation tolerance relaxed to achieve convergence from 4.7703507917054239e-03 to 4.7703507917054343e-03 seconds.
Warning: Simulation tolerance relaxed to achieve convergence from 4.7703507917054343e-03 to 4.7703507917054447e-03 seconds.
Warning: Simulation tolerance relaxed to achieve convergence from 4.7703507924611943e-03 to 4.7703507924612048e-03 seconds.
Warning: Simulation tolerance relaxed to achieve convergence from 4.7703507924612950e-03 to 4.7703507924613054e-03 seconds.
Warning: Simulation tolerance relaxed to achieve convergence from 4.7703507924614355e-03 to 4.7703507924614459e-03 seconds.
Warning: Simulation tolerance relaxed to achieve convergence from 4.7703507924655147e-03 to 4.7703507924655251e-03 seconds.
Warning: Simulation tolerance relaxed to achieve convergence from 4.7703513433813953e-03 to 4.7703513433814057e-03 seconds.
Warning: Simulation tolerance relaxed to achieve convergence from 4.7703513433814057e-03 to 4.7703513433814161e-03 seconds.
Warning: Simulation tolerance relaxed to achieve convergence from 4.7703514039428270e-03 to 4.7703514039428374e-03 seconds.
Warning: Simulation tolerance relaxed to achieve convergence from 4.7703514039431367e-03 to 4.7703514039431471e-03 seconds.
Warning: Simulation tolerance relaxed to achieve convergence from 4.7703514039624693e-03 to 4.7703514039624797e-03 seconds.
Warning: Simulation tolerance relaxed to achieve convergence from 4.7703514039626601e-03 to 4.7703514039626705e-03 seconds.
Warning: Simulation tolerance relaxed to achieve convergence from 4.7703514039627009e-03 to 4.7703514039627113e-03 seconds.
Warning: Simulation tolerance relaxed to achieve convergence from 4.7703514039627113e-03 to 4.7703514039627217e-03 seconds.
Warning: Simulation tolerance relaxed to achieve convergence from 4.7703514039627217e-03 to 4.7703514039627321e-03 seconds.
Warning: Simulation tolerance relaxed to achieve convergence from 4.7778692118192476e-03 to 4.7778692118192580e-03 seconds.
Warning: Simulation tolerance relaxed to achieve convergence from 4.7778692118192884e-03 to 4.7778692118192988e-03 seconds.
Warning: Simulation tolerance relaxed to achieve convergence from 4.7778692118193586e-03 to 4.7778692118193690e-03 seconds.
Warning: Simulation tolerance relaxed to achieve convergence from 4.7961149487032477e-03 to 4.7961149487032581e-03 seconds.
Warning: Simulation tolerance relaxed to achieve convergence from 4.7961149497660728e-03 to 4.7961149497660832e-03 seconds.
Warning: Simulation tolerance relaxed to achieve convergence from 4.7961149499411446e-03 to 4.7961149499411550e-03 seconds.
Warning: Simulation tolerance relaxed to achieve convergence from 4.7961149499415349e-03 to 4.7961149499415453e-03 seconds.
Warning: Simulation tolerance relaxed to achieve convergence from 4.7961149862778274e-03 to 4.7961149862778378e-03 seconds.
Warning: Simulation tolerance relaxed to achieve convergence from 4.8003271865139484e-03 to 4.8003271865139589e-03 seconds.
Warning: Simulation tolerance relaxed to achieve convergence from 4.8003271909753936e-03 to 4.8003271909754040e-03 seconds.
Warning: Simulation tolerance relaxed to achieve convergence from 4.8078516616581789e-03 to 4.8078516616581893e-03 seconds.
Warning: Simulation tolerance relaxed to achieve convergence from 4.8078516617417050e-03 to 4.8078516617417154e-03 seconds.
Warning: Simulation tolerance relaxed to achieve convergence from 4.8078522703487326e-03 to 4.8078522703487430e-03 seconds.
Warning: Simulation tolerance relaxed to achieve convergence from 4.8078523265106679e-03 to 4.8078523265106783e-03 seconds.
Warning: Simulation tolerance relaxed to achieve convergence from 4.8153612705323342e-03 to 4.8153612705323446e-03 seconds.
Warning: Simulation tolerance relaxed to achieve convergence from 4.8153612705323550e-03 to 4.8153612705323654e-03 seconds.
Warning: Simulation tolerance relaxed to achieve convergence from 4.8153612705324356e-03 to 4.8153612705324460e-03 seconds.
Warning: Simulation tolerance relaxed to achieve convergence from 4.8153612705324460e-03 to 4.8153612705324565e-03 seconds.
Warning: Simulation tolerance relaxed to achieve convergence from 4.8153613212502935e-03 to 4.8153613212503039e-03 seconds.
Warning: Simulation tolerance relaxed to achieve convergence from 4.8153625388679113e-03 to 4.8153625388679218e-03 seconds.
Warning: Simulation tolerance relaxed to achieve convergence from 4.8153627312061322e-03 to 4.8153627312061426e-03 seconds.
Warning: Simulation tolerance relaxed to achieve convergence from 4.8228839948362533e-03 to 4.8228839948362637e-03 seconds.
Warning: Simulation tolerance relaxed to achieve convergence from 4.8228839948363045e-03 to 4.8228839948363149e-03 seconds.
Warning: Simulation tolerance relaxed to achieve convergence from 4.8228840574402040e-03 to 4.8228840574402144e-03 seconds.
Warning: Simulation tolerance relaxed to achieve convergence from 4.8228840574402352e-03 to 4.8228840574402456e-03 seconds.
Warning: Simulation tolerance relaxed to achieve convergence from 4.8228840574403055e-03 to 4.8228840574403159e-03 seconds.
Warning: Simulation tolerance relaxed to achieve convergence from 4.8228840575175371e-03 to 4.8228840575175475e-03 seconds.
Warning: Simulation tolerance relaxed to achieve convergence from 4.8228844221745630e-03 to 4.8228844221745735e-03 seconds.
Warning: Simulation tolerance relaxed to achieve convergence from 4.8228844221745934e-03 to 4.8228844221746038e-03 seconds.
Warning: Simulation tolerance relaxed to achieve convergence from 4.8228844274066634e-03 to 4.8228844274066738e-03 seconds.
Warning: Simulation tolerance relaxed to achieve convergence from 4.8228844274066738e-03 to 4.8228844274066842e-03 seconds.
Warning: Simulation tolerance relaxed to achieve convergence from 4.8303212455176690e-03 to 4.8303212455176794e-03 seconds.
Warning: Simulation tolerance relaxed to achieve convergence from 4.8303224677691175e-03 to 4.8303224677691279e-03 seconds.
Warning: Simulation tolerance relaxed to achieve convergence from 4.8303224677691894e-03 to 4.8303224677691999e-03 seconds.
Warning: Simulation tolerance relaxed to achieve convergence from 4.8378352231622521e-03 to 4.8378352231622625e-03 seconds.
Warning: Simulation tolerance relaxed to achieve convergence from 4.8378352231622729e-03 to 4.8378352231622833e-03 seconds.
Warning: Simulation tolerance relaxed to achieve convergence from 4.8378352231844245e-03 to 4.8378352231844349e-03 seconds.
Warning: Simulation tolerance relaxed to achieve convergence from 4.8378353337585299e-03 to 4.8378353337585403e-03 seconds.
Warning: Simulation tolerance relaxed to achieve convergence from 4.8378353339961506e-03 to 4.8378353339961610e-03 seconds.
Warning: Simulation tolerance relaxed to achieve convergence from 4.8378353339961610e-03 to 4.8378353339961714e-03 seconds.
Warning: Simulation tolerance relaxed to achieve convergence from 4.8378353339961714e-03 to 4.8378353339961818e-03 seconds.
Warning: Simulation tolerance relaxed to achieve convergence from 4.8378353339962122e-03 to 4.8378353339962226e-03 seconds.
Warning: Simulation tolerance relaxed to achieve convergence from 4.8378353339962226e-03 to 4.8378353339962330e-03 seconds.
Warning: Simulation tolerance relaxed to achieve convergence from 4.8378353339962330e-03 to 4.8378353339962434e-03 seconds.
Warning: Simulation tolerance relaxed to achieve convergence from 4.8378353339962434e-03 to 4.8378353339962538e-03 seconds.
Warning: Simulation tolerance relaxed to achieve convergence from 4.8378353339962538e-03 to 4.8378353339962642e-03 seconds.
Warning: Simulation tolerance relaxed to achieve convergence from 4.8378353340070351e-03 to 4.8378353340070455e-03 seconds.
Warning: Simulation tolerance relaxed to achieve convergence from 4.8378353340070759e-03 to 4.8378353340070863e-03 seconds.
Warning: Simulation tolerance relaxed to achieve convergence from 4.8603351475484426e-03 to 4.8603351475484530e-03 seconds.
Warning: Simulation tolerance relaxed to achieve convergence from 4.8603351475485536e-03 to 4.8603351475485640e-03 seconds.
Warning: Simulation tolerance relaxed to achieve convergence from 4.8678685096327015e-03 to 4.8678685096327119e-03 seconds.
Warning: Simulation tolerance relaxed to achieve convergence from 4.8753222348685912e-03 to 4.8753222348686016e-03 seconds.
Warning: Simulation tolerance relaxed to achieve convergence from 4.8753222348738735e-03 to 4.8753222348738839e-03 seconds.
Warning: Simulation tolerance relaxed to achieve convergence from 4.8828372494063195e-03 to 4.8828372494063299e-03 seconds.
Warning: Simulation tolerance relaxed to achieve convergence from 4.8828372494063299e-03 to 4.8828372494063403e-03 seconds.
Warning: Simulation tolerance relaxed to achieve convergence from 4.8828372494064002e-03 to 4.8828372494064106e-03 seconds.
Warning: Simulation tolerance relaxed to achieve convergence from 4.8828372494064106e-03 to 4.8828372494064210e-03 seconds.
Warning: Simulation tolerance relaxed to achieve convergence from 4.8828372499349565e-03 to 4.8828372499349669e-03 seconds.
Warning: Simulation tolerance relaxed to achieve convergence from 4.8903599173537506e-03 to 4.8903599173537610e-03 seconds.
Warning: Simulation tolerance relaxed to achieve convergence from 4.8903599173736921e-03 to 4.8903599173737025e-03 seconds.
Warning: Simulation tolerance relaxed to achieve convergence from 4.9053240996067213e-03 to 4.9053240996067317e-03 seconds.
Warning: Simulation tolerance relaxed to achieve convergence from 4.9053241963935533e-03 to 4.9053241963935637e-03 seconds.
Warning: Simulation tolerance relaxed to achieve convergence from 4.9203253829958197e-03 to 4.9203253829958301e-03 seconds.
Warning: Simulation tolerance relaxed to achieve convergence from 4.9203255146162842e-03 to 4.9203255146162946e-03 seconds.
Warning: Simulation tolerance relaxed to achieve convergence from 4.9278237222922482e-03 to 4.9278237222922586e-03 seconds.
Warning: Simulation tolerance relaxed to achieve convergence from 4.9278237222943966e-03 to 4.9278237222944070e-03 seconds.
Warning: Simulation tolerance relaxed to achieve convergence from 4.9311409371190461e-03 to 4.9311409371190565e-03 seconds.
Warning: Simulation tolerance relaxed to achieve convergence from 4.9353396800186451e-03 to 4.9353396800186555e-03 seconds.
Warning: Simulation tolerance relaxed to achieve convergence from 4.9803650388876236e-03 to 4.9803650388876341e-03 seconds.
Warning: Simulation tolerance relaxed to achieve convergence from 4.9878220110167988e-03 to 4.9878220110168093e-03 seconds.
Warning: Simulation tolerance relaxed to achieve convergence from 4.9878220110168691e-03 to 4.9878220110168795e-03 seconds.
Warning: Simulation tolerance relaxed to achieve convergence from 4.9953442235744381e-03 to 4.9953442235744485e-03 seconds.
Warning: Simulation tolerance relaxed to achieve convergence from 4.9953442235745084e-03 to 4.9953442235745188e-03 seconds.
Warning: Simulation tolerance relaxed to achieve convergence from 5.0028663467990772e-03 to 5.0028663467990876e-03 seconds.
Warning: Simulation tolerance relaxed to achieve convergence from 5.0028665452303391e-03 to 5.0028665452303495e-03 seconds.
Warning: Simulation tolerance relaxed to achieve convergence from 5.0028665452304102e-03 to 5.0028665452304206e-03 seconds.
Warning: Simulation tolerance relaxed to achieve convergence from 5.0028665452367393e-03 to 5.0028665452367498e-03 seconds.
Warning: Simulation tolerance relaxed to achieve convergence from 5.0028665456580074e-03 to 5.0028665456580178e-03 seconds.
Warning: Simulation tolerance relaxed to achieve convergence from 5.0028665456580386e-03 to 5.0028665456580490e-03 seconds.
Warning: Simulation tolerance relaxed to achieve convergence from 5.0178395774022784e-03 to 5.0178395774022888e-03 seconds.
Warning: Simulation tolerance relaxed to achieve convergence from 5.0253835165060476e-03 to 5.0253835165060580e-03 seconds.
Warning: Simulation tolerance relaxed to achieve convergence from 5.0253835165061387e-03 to 5.0253835165061491e-03 seconds.
Warning: Simulation tolerance relaxed to achieve convergence from 5.0253835165061491e-03 to 5.0253835165061595e-03 seconds.
Warning: Simulation tolerance relaxed to achieve convergence from 5.0328597587732940e-03 to 5.0328597587733044e-03 seconds.
Warning: Simulation tolerance relaxed to achieve convergence from 5.0328597665752909e-03 to 5.0328597665753013e-03 seconds.
Warning: Simulation tolerance relaxed to achieve convergence from 5.0328597665753013e-03 to 5.0328597665753117e-03 seconds.
Warning: Simulation tolerance relaxed to achieve convergence from 5.0328599594272857e-03 to 5.0328599594272961e-03 seconds.
Warning: Simulation tolerance relaxed to achieve convergence from 5.0328599594273065e-03 to 5.0328599594273169e-03 seconds.
Warning: Simulation tolerance relaxed to achieve convergence from 5.0328599594273767e-03 to 5.0328599594273871e-03 seconds.
Warning: Simulation tolerance relaxed to achieve convergence from 5.0328603397316700e-03 to 5.0328603397316804e-03 seconds.
Warning: Simulation tolerance relaxed to achieve convergence from 5.0328604154953631e-03 to 5.0328604154953735e-03 seconds.
Warning: Simulation tolerance relaxed to achieve convergence from 5.0478223576819123e-03 to 5.0478223576819227e-03 seconds.
Warning: Simulation tolerance relaxed to achieve convergence from 5.0478224045914996e-03 to 5.0478224045915100e-03 seconds.
Warning: Simulation tolerance relaxed to achieve convergence from 5.0628651803877305e-03 to 5.0628651803877409e-03 seconds.
Warning: Simulation tolerance relaxed to achieve convergence from 5.0628659707810308e-03 to 5.0628659707810412e-03 seconds.
Warning: Simulation tolerance relaxed to achieve convergence from 5.0703523000174642e-03 to 5.0703523000174746e-03 seconds.
Warning: Simulation tolerance relaxed to achieve convergence from 5.0703526088500869e-03 to 5.0703526088500973e-03 seconds.
Warning: Simulation tolerance relaxed to achieve convergence from 5.0703526088500973e-03 to 5.0703526088501077e-03 seconds.
Warning: Simulation tolerance relaxed to achieve convergence from 5.0853667597447246e-03 to 5.0853667597447350e-03 seconds.
Warning: Simulation tolerance relaxed to achieve convergence from 5.0853669504020088e-03 to 5.0853669504020193e-03 seconds.
Warning: Simulation tolerance relaxed to achieve convergence from 5.0853669504020999e-03 to 5.0853669504021103e-03 seconds.
Warning: Simulation tolerance relaxed to achieve convergence from 5.0853669504021207e-03 to 5.0853669504021311e-03 seconds.
Warning: Simulation tolerance relaxed to achieve convergence from 5.0853670184377621e-03 to 5.0853670184377725e-03 seconds.
Warning: Simulation tolerance relaxed to achieve convergence from 5.0853670184378323e-03 to 5.0853670184378428e-03 seconds.
Warning: Simulation tolerance relaxed to achieve convergence from 5.0853677577960962e-03 to 5.0853677577961066e-03 seconds.
Warning: Simulation tolerance relaxed to achieve convergence from 5.0886318700770561e-03 to 5.0886318700770665e-03 seconds.
Warning: Simulation tolerance relaxed to achieve convergence from 5.0928321700560615e-03 to 5.0928321700560719e-03 seconds.
Warning: Simulation tolerance relaxed to achieve convergence from 5.0928321700568014e-03 to 5.0928321700568118e-03 seconds.
Warning: Simulation tolerance relaxed to achieve convergence from 5.0928321700568118e-03 to 5.0928321700568222e-03 seconds.
Warning: Simulation tolerance relaxed to achieve convergence from 5.0928321704346345e-03 to 5.0928321704346450e-03 seconds.
Warning: Simulation tolerance relaxed to achieve convergence from 5.0928321704347048e-03 to 5.0928321704347152e-03 seconds.
Warning: Simulation tolerance relaxed to achieve convergence from 5.0928321704350544e-03 to 5.0928321704350648e-03 seconds.
Warning: Simulation tolerance relaxed to achieve convergence from 5.1036532681512049e-03 to 5.1036532681512153e-03 seconds.
Warning: Simulation tolerance relaxed to achieve convergence from 5.1036532681512353e-03 to 5.1036532681512457e-03 seconds.
Warning: Simulation tolerance relaxed to achieve convergence from 5.1036532681513159e-03 to 5.1036532681513263e-03 seconds.
Warning: Simulation tolerance relaxed to achieve convergence from 5.1036532681513263e-03 to 5.1036532681513367e-03 seconds.
Warning: Simulation tolerance relaxed to achieve convergence from 5.1078410508051692e-03 to 5.1078410508051796e-03 seconds.
Warning: Simulation tolerance relaxed to achieve convergence from 5.1153204891158446e-03 to 5.1153204891158550e-03 seconds.
Warning: Simulation tolerance relaxed to achieve convergence from 5.1153204891158550e-03 to 5.1153204891158655e-03 seconds.
Warning: Simulation tolerance relaxed to achieve convergence from 5.1228699627730318e-03 to 5.1228699627730422e-03 seconds.
Warning: Simulation tolerance relaxed to achieve convergence from 5.1336703319058473e-03 to 5.1336703319058577e-03 seconds.
Warning: Simulation tolerance relaxed to achieve convergence from 5.1336704982462966e-03 to 5.1336704982463070e-03 seconds.
Warning: Simulation tolerance relaxed to achieve convergence from 5.1378916054931507e-03 to 5.1378916054931612e-03 seconds.
Warning: Simulation tolerance relaxed to achieve convergence from 5.1378916055497955e-03 to 5.1378916055498059e-03 seconds.
Warning: Simulation tolerance relaxed to achieve convergence from 5.1378917802350895e-03 to 5.1378917802351000e-03 seconds.
Warning: Simulation tolerance relaxed to achieve convergence from 5.1378917802351000e-03 to 5.1378917802351104e-03 seconds.
Warning: Simulation tolerance relaxed to achieve convergence from 5.1378924240173887e-03 to 5.1378924240173991e-03 seconds.
Warning: Simulation tolerance relaxed to achieve convergence from 5.1378924333739069e-03 to 5.1378924333739173e-03 seconds.
Warning: Simulation tolerance relaxed to achieve convergence from 5.1378924333739581e-03 to 5.1378924333739685e-03 seconds.
Warning: Simulation tolerance relaxed to achieve convergence from 5.1378924334605554e-03 to 5.1378924334605659e-03 seconds.
Warning: Simulation tolerance relaxed to achieve convergence from 5.1453385737796663e-03 to 5.1453385737796767e-03 seconds.
Warning: Simulation tolerance relaxed to achieve convergence from 5.1453385737797366e-03 to 5.1453385737797470e-03 seconds.
Warning: Simulation tolerance relaxed to achieve convergence from 5.1453389695870896e-03 to 5.1453389695871000e-03 seconds.
Warning: Simulation tolerance relaxed to achieve convergence from 5.1453389700505218e-03 to 5.1453389700505323e-03 seconds.
Warning: Simulation tolerance relaxed to achieve convergence from 5.1453389700505626e-03 to 5.1453389700505730e-03 seconds.
Warning: Simulation tolerance relaxed to achieve convergence from 5.1453389700508037e-03 to 5.1453389700508141e-03 seconds.
Warning: Simulation tolerance relaxed to achieve convergence from 5.1453389700508341e-03 to 5.1453389700508445e-03 seconds.
Warning: Simulation tolerance relaxed to achieve convergence from 5.1453389700508549e-03 to 5.1453389700508653e-03 seconds.
Warning: Simulation tolerance relaxed to achieve convergence from 5.1453389700510561e-03 to 5.1453389700510666e-03 seconds.
Warning: Simulation tolerance relaxed to achieve convergence from 5.1453389700511871e-03 to 5.1453389700511975e-03 seconds.
Warning: Simulation tolerance relaxed to achieve convergence from 5.1453389867004429e-03 to 5.1453389867004533e-03 seconds.
Warning: Simulation tolerance relaxed to achieve convergence from 5.1453390100068977e-03 to 5.1453390100069081e-03 seconds.
Warning: Simulation tolerance relaxed to achieve convergence from 5.1528293220149107e-03 to 5.1528293220149211e-03 seconds.
Warning: Simulation tolerance relaxed to achieve convergence from 5.1528293220149714e-03 to 5.1528293220149818e-03 seconds.
Warning: Simulation tolerance relaxed to achieve convergence from 5.1528294284092094e-03 to 5.1528294284092198e-03 seconds.
Warning: Simulation tolerance relaxed to achieve convergence from 5.1528294284098799e-03 to 5.1528294284098903e-03 seconds.
Warning: Simulation tolerance relaxed to achieve convergence from 5.1561125847852428e-03 to 5.1561125847852532e-03 seconds.
Warning: Simulation tolerance relaxed to achieve convergence from 5.1603409502698049e-03 to 5.1603409502698153e-03 seconds.
Warning: Simulation tolerance relaxed to achieve convergence from 5.1603409503393188e-03 to 5.1603409503393292e-03 seconds.
Warning: Simulation tolerance relaxed to achieve convergence from 5.1603409503396588e-03 to 5.1603409503396692e-03 seconds.
Warning: Simulation tolerance relaxed to achieve convergence from 5.1603409503396692e-03 to 5.1603409503396796e-03 seconds.
Warning: Simulation tolerance relaxed to achieve convergence from 5.1603409503396796e-03 to 5.1603409503396900e-03 seconds.
Warning: Simulation tolerance relaxed to achieve convergence from 5.1603409503396900e-03 to 5.1603409503397004e-03 seconds.
Warning: Simulation tolerance relaxed to achieve convergence from 5.1603409503397004e-03 to 5.1603409503397108e-03 seconds.
Warning: Simulation tolerance relaxed to achieve convergence from 5.1603409503403414e-03 to 5.1603409503403518e-03 seconds.
Warning: Simulation tolerance relaxed to achieve convergence from 5.1678380784555928e-03 to 5.1678380784556032e-03 seconds.
Warning: Simulation tolerance relaxed to achieve convergence from 5.1678381193916833e-03 to 5.1678381193916937e-03 seconds.
Warning: Simulation tolerance relaxed to achieve convergence from 5.2086244471537474e-03 to 5.2086244471537578e-03 seconds.
Warning: Simulation tolerance relaxed to achieve convergence from 5.2128817836411016e-03 to 5.2128817836411120e-03 seconds.
Warning: Simulation tolerance relaxed to achieve convergence from 5.2128817836411719e-03 to 5.2128817836411823e-03 seconds.
Warning: Simulation tolerance relaxed to achieve convergence from 5.2128827623023396e-03 to 5.2128827623023500e-03 seconds.
Warning: Simulation tolerance relaxed to achieve convergence from 5.2128827623024706e-03 to 5.2128827623024810e-03 seconds.
Warning: Simulation tolerance relaxed to achieve convergence from 5.2128827625137503e-03 to 5.2128827625137607e-03 seconds.
Warning: Simulation tolerance relaxed to achieve convergence from 5.2128833381711835e-03 to 5.2128833381711939e-03 seconds.
Warning: Simulation tolerance relaxed to achieve convergence from 5.2128833381814756e-03 to 5.2128833381814860e-03 seconds.
Warning: Simulation tolerance relaxed to achieve convergence from 5.2128833381851957e-03 to 5.2128833381852062e-03 seconds.
Warning: Simulation tolerance relaxed to achieve convergence from 5.2128833381917764e-03 to 5.2128833381917868e-03 seconds.
Warning: Simulation tolerance relaxed to achieve convergence from 5.2203850429747584e-03 to 5.2203850429747688e-03 seconds.
Warning: Simulation tolerance relaxed to achieve convergence from 5.2203850429748590e-03 to 5.2203850429748695e-03 seconds.
Warning: Simulation tolerance relaxed to achieve convergence from 5.2203852483811942e-03 to 5.2203852483812046e-03 seconds.
Warning: Simulation tolerance relaxed to achieve convergence from 5.2203852483812046e-03 to 5.2203852483812150e-03 seconds.
Warning: Simulation tolerance relaxed to achieve convergence from 5.2203852483812254e-03 to 5.2203852483812358e-03 seconds.
Warning: Simulation tolerance relaxed to achieve convergence from 5.2203852483813061e-03 to 5.2203852483813165e-03 seconds.
Warning: Simulation tolerance relaxed to achieve convergence from 5.2203852483851832e-03 to 5.2203852483851936e-03 seconds.
Warning: Simulation tolerance relaxed to achieve convergence from 5.2203852483852240e-03 to 5.2203852483852344e-03 seconds.
Warning: Simulation tolerance relaxed to achieve convergence from 5.2203852483853046e-03 to 5.2203852483853150e-03 seconds.
Warning: Simulation tolerance relaxed to achieve convergence from 5.2203852483853150e-03 to 5.2203852483853255e-03 seconds.
Warning: Simulation tolerance relaxed to achieve convergence from 5.2278282356391075e-03 to 5.2278282356391179e-03 seconds.
Warning: Simulation tolerance relaxed to achieve convergence from 5.2278287963565279e-03 to 5.2278287963565383e-03 seconds.
Warning: Simulation tolerance relaxed to achieve convergence from 5.2278288512046401e-03 to 5.2278288512046505e-03 seconds.
Warning: Simulation tolerance relaxed to achieve convergence from 5.2428275644430091e-03 to 5.2428275644430195e-03 seconds.
Warning: Simulation tolerance relaxed to achieve convergence from 5.2536311123878047e-03 to 5.2536311123878151e-03 seconds.
Warning: Simulation tolerance relaxed to achieve convergence from 5.2578619461531532e-03 to 5.2578619461531636e-03 seconds.
Warning: Simulation tolerance relaxed to achieve convergence from 5.2653358915850865e-03 to 5.2653358915850969e-03 seconds.
Warning: Simulation tolerance relaxed to achieve convergence from 5.2653358915854065e-03 to 5.2653358915854169e-03 seconds.
Warning: Simulation tolerance relaxed to achieve convergence from 5.2653358915857266e-03 to 5.2653358915857370e-03 seconds.
Warning: Simulation tolerance relaxed to achieve convergence from 5.2686666815818873e-03 to 5.2686666815818977e-03 seconds.
Warning: Simulation tolerance relaxed to achieve convergence from 5.2686666815819176e-03 to 5.2686666815819280e-03 seconds.
Warning: Simulation tolerance relaxed to achieve convergence from 5.2728718821681720e-03 to 5.2728718821681824e-03 seconds.
Warning: Simulation tolerance relaxed to achieve convergence from 5.2728718821681824e-03 to 5.2728718821681928e-03 seconds.
Warning: Simulation tolerance relaxed to achieve convergence from 5.2803686564087144e-03 to 5.2803686564087248e-03 seconds.
Warning: Simulation tolerance relaxed to achieve convergence from 5.2803690826621298e-03 to 5.2803690826621402e-03 seconds.
Warning: Simulation tolerance relaxed to achieve convergence from 5.2878419492486100e-03 to 5.2878419492486204e-03 seconds.
Warning: Simulation tolerance relaxed to achieve convergence from 5.2878419493546085e-03 to 5.2878419493546189e-03 seconds.
Warning: Simulation tolerance relaxed to achieve convergence from 5.2878419493546493e-03 to 5.2878419493546597e-03 seconds.
Warning: Simulation tolerance relaxed to achieve convergence from 5.2878419493547100e-03 to 5.2878419493547204e-03 seconds.
Warning: Simulation tolerance relaxed to achieve convergence from 5.2878419533873393e-03 to 5.2878419533873497e-03 seconds.
Warning: Simulation tolerance relaxed to achieve convergence from 5.2878419547075567e-03 to 5.2878419547075671e-03 seconds.
Warning: Simulation tolerance relaxed to achieve convergence from 5.2878419564375070e-03 to 5.2878419564375174e-03 seconds.
Warning: Simulation tolerance relaxed to achieve convergence from 5.2953667061297789e-03 to 5.2953667061297893e-03 seconds.
Warning: Simulation tolerance relaxed to achieve convergence from 5.2953667061298405e-03 to 5.2953667061298509e-03 seconds.
Warning: Simulation tolerance relaxed to achieve convergence from 5.2953667061299108e-03 to 5.2953667061299212e-03 seconds.
Warning: Simulation tolerance relaxed to achieve convergence from 5.3178398074308466e-03 to 5.3178398074308570e-03 seconds.
Warning: Simulation tolerance relaxed to achieve convergence from 5.3178398258794078e-03 to 5.3178398258794182e-03 seconds.
Warning: Simulation tolerance relaxed to achieve convergence from 5.3178398258794286e-03 to 5.3178398258794390e-03 seconds.
Warning: Simulation tolerance relaxed to achieve convergence from 5.3178398258795292e-03 to 5.3178398258795397e-03 seconds.
Warning: Simulation tolerance relaxed to achieve convergence from 5.3178398259010650e-03 to 5.3178398259010754e-03 seconds.
Warning: Simulation tolerance relaxed to achieve convergence from 5.3286657364931952e-03 to 5.3286657364932056e-03 seconds.
Warning: Simulation tolerance relaxed to achieve convergence from 5.3286657949976413e-03 to 5.3286657949976517e-03 seconds.
Warning: Simulation tolerance relaxed to achieve convergence from 5.3328315832774165e-03 to 5.3328315832774269e-03 seconds.
Warning: Simulation tolerance relaxed to achieve convergence from 5.3328316389981163e-03 to 5.3328316389981267e-03 seconds.
Warning: Simulation tolerance relaxed to achieve convergence from 5.3361532689784850e-03 to 5.3361532689784955e-03 seconds.
Warning: Simulation tolerance relaxed to achieve convergence from 5.3403597184966869e-03 to 5.3403597184966973e-03 seconds.
Warning: Simulation tolerance relaxed to achieve convergence from 5.3403597184967172e-03 to 5.3403597184967276e-03 seconds.
Warning: Simulation tolerance relaxed to achieve convergence from 5.3403597184967381e-03 to 5.3403597184967485e-03 seconds.
Warning: Simulation tolerance relaxed to achieve convergence from 5.3403597184967485e-03 to 5.3403597184967589e-03 seconds.
Warning: Simulation tolerance relaxed to achieve convergence from 5.3403597184967589e-03 to 5.3403597184967693e-03 seconds.
Warning: Simulation tolerance relaxed to achieve convergence from 5.3403597184967693e-03 to 5.3403597184967797e-03 seconds.
Warning: Simulation tolerance relaxed to achieve convergence from 5.3403603155568477e-03 to 5.3403603155568581e-03 seconds.
Warning: Simulation tolerance relaxed to achieve convergence from 5.3436534267704994e-03 to 5.3436534267705098e-03 seconds.
Warning: Simulation tolerance relaxed to achieve convergence from 5.3478880352272615e-03 to 5.3478880352272719e-03 seconds.
Warning: Simulation tolerance relaxed to achieve convergence from 5.3478899741536343e-03 to 5.3478899741536447e-03 seconds.
Warning: Simulation tolerance relaxed to achieve convergence from 5.3553873014734665e-03 to 5.3553873014734769e-03 seconds.
Warning: Simulation tolerance relaxed to achieve convergence from 5.3553873018865094e-03 to 5.3553873018865198e-03 seconds.
Warning: Simulation tolerance relaxed to achieve convergence from 5.3553873019028817e-03 to 5.3553873019028921e-03 seconds.
Warning: Simulation tolerance relaxed to achieve convergence from 5.3553880006956944e-03 to 5.3553880006957048e-03 seconds.
Warning: Simulation tolerance relaxed to achieve convergence from 5.3553880006958054e-03 to 5.3553880006958158e-03 seconds.
Warning: Simulation tolerance relaxed to achieve convergence from 5.3778227469176171e-03 to 5.3778227469176276e-03 seconds.
Warning: Simulation tolerance relaxed to achieve convergence from 5.3778238470191886e-03 to 5.3778238470191990e-03 seconds.
Warning: Simulation tolerance relaxed to achieve convergence from 5.3778238470194089e-03 to 5.3778238470194193e-03 seconds.
Warning: Simulation tolerance relaxed to achieve convergence from 5.3778238470194193e-03 to 5.3778238470194297e-03 seconds.
Warning: Simulation tolerance relaxed to achieve convergence from 5.3778238470194601e-03 to 5.3778238470194705e-03 seconds.
Warning: Simulation tolerance relaxed to achieve convergence from 5.3778238470194705e-03 to 5.3778238470194809e-03 seconds.
Warning: Simulation tolerance relaxed to achieve convergence from 5.3778238470194809e-03 to 5.3778238470194913e-03 seconds.
Warning: Simulation tolerance relaxed to achieve convergence from 5.3778238892814821e-03 to 5.3778238892814925e-03 seconds.
Warning: Simulation tolerance relaxed to achieve convergence from 5.3853381020758000e-03 to 5.3853381020758104e-03 seconds.
Warning: Simulation tolerance relaxed to achieve convergence from 5.4003658281156974e-03 to 5.4003658281157078e-03 seconds.
Warning: Simulation tolerance relaxed to achieve convergence from 5.4003658762599230e-03 to 5.4003658762599334e-03 seconds.
Warning: Simulation tolerance relaxed to achieve convergence from 5.4003658765529186e-03 to 5.4003658765529291e-03 seconds.
Warning: Simulation tolerance relaxed to achieve convergence from 5.4003658765547973e-03 to 5.4003658765548078e-03 seconds.
Warning: Simulation tolerance relaxed to achieve convergence from 5.4003658772848904e-03 to 5.4003658772849008e-03 seconds.
Warning: Simulation tolerance relaxed to achieve convergence from 5.4303846712194324e-03 to 5.4303846712194428e-03 seconds.
Warning: Simulation tolerance relaxed to achieve convergence from 5.4303846712227309e-03 to 5.4303846712227414e-03 seconds.
Warning: Simulation tolerance relaxed to achieve convergence from 5.4303846712227414e-03 to 5.4303846712227518e-03 seconds.
Warning: Simulation tolerance relaxed to achieve convergence from 5.4303846712227518e-03 to 5.4303846712227622e-03 seconds.
Warning: Simulation tolerance relaxed to achieve convergence from 5.4303846712231117e-03 to 5.4303846712231221e-03 seconds.
Warning: Simulation tolerance relaxed to achieve convergence from 5.4303846712231221e-03 to 5.4303846712231325e-03 seconds.
Warning: Simulation tolerance relaxed to achieve convergence from 5.4303846712231924e-03 to 5.4303846712232028e-03 seconds.
Warning: Simulation tolerance relaxed to achieve convergence from 5.4303846712290610e-03 to 5.4303846712290714e-03 seconds.
Warning: Simulation tolerance relaxed to achieve convergence from 5.4303846712291312e-03 to 5.4303846712291416e-03 seconds.
Warning: Simulation tolerance relaxed to achieve convergence from 5.4303847062298852e-03 to 5.4303847062298956e-03 seconds.
Warning: Simulation tolerance relaxed to achieve convergence from 5.4303847139951841e-03 to 5.4303847139951945e-03 seconds.
Warning: Simulation tolerance relaxed to achieve convergence from 5.4303847139952144e-03 to 5.4303847139952248e-03 seconds.
Warning: Simulation tolerance relaxed to achieve convergence from 5.4303847140028437e-03 to 5.4303847140028541e-03 seconds.
Warning: Simulation tolerance relaxed to achieve convergence from 5.4303847554936441e-03 to 5.4303847554936545e-03 seconds.
Warning: Simulation tolerance relaxed to achieve convergence from 5.4453595821921793e-03 to 5.4453595821921897e-03 seconds.
Warning: Simulation tolerance relaxed to achieve convergence from 5.4453595869045374e-03 to 5.4453595869045478e-03 seconds.
Warning: Simulation tolerance relaxed to achieve convergence from 5.4453595870730285e-03 to 5.4453595870730389e-03 seconds.
Warning: Simulation tolerance relaxed to achieve convergence from 5.4453600770714592e-03 to 5.4453600770714696e-03 seconds.
Warning: Simulation tolerance relaxed to achieve convergence from 5.4528890101137005e-03 to 5.4528890101137109e-03 seconds.
Warning: Simulation tolerance relaxed to achieve convergence from 5.4528890447177927e-03 to 5.4528890447178031e-03 seconds.
Warning: Simulation tolerance relaxed to achieve convergence from 5.4528890447178334e-03 to 5.4528890447178438e-03 seconds.
Warning: Simulation tolerance relaxed to achieve convergence from 5.4603510245865936e-03 to 5.4603510245866040e-03 seconds.
Warning: Simulation tolerance relaxed to achieve convergence from 5.4603510245866240e-03 to 5.4603510245866344e-03 seconds.
Warning: Simulation tolerance relaxed to achieve convergence from 5.4678314283813853e-03 to 5.4678314283813957e-03 seconds.
Warning: Simulation tolerance relaxed to achieve convergence from 5.4828566105555787e-03 to 5.4828566105555891e-03 seconds.
Warning: Simulation tolerance relaxed to achieve convergence from 5.4828566105563107e-03 to 5.4828566105563211e-03 seconds.
Warning: Simulation tolerance relaxed to achieve convergence from 5.4828566105563211e-03 to 5.4828566105563315e-03 seconds.
Warning: Simulation tolerance relaxed to achieve convergence from 5.4828567290227323e-03 to 5.4828567290227427e-03 seconds.
Warning: Simulation tolerance relaxed to achieve convergence from 5.4828567658380782e-03 to 5.4828567658380886e-03 seconds.
Warning: Simulation tolerance relaxed to achieve convergence from 5.4828567666694306e-03 to 5.4828567666694410e-03 seconds.
Warning: Simulation tolerance relaxed to achieve convergence from 5.4828569815525202e-03 to 5.4828569815525306e-03 seconds.
Warning: Simulation tolerance relaxed to achieve convergence from 5.4828570489969782e-03 to 5.4828570489969886e-03 seconds.
Warning: Simulation tolerance relaxed to achieve convergence from 5.4828575196808468e-03 to 5.4828575196808572e-03 seconds.
Warning: Simulation tolerance relaxed to achieve convergence from 5.4828575196808572e-03 to 5.4828575196808676e-03 seconds.
Warning: Simulation tolerance relaxed to achieve convergence from 5.4828576442237298e-03 to 5.4828576442237402e-03 seconds.
Warning: Simulation tolerance relaxed to achieve convergence from 5.4828576442237601e-03 to 5.4828576442237705e-03 seconds.
Warning: Simulation tolerance relaxed to achieve convergence from 5.4978661301526670e-03 to 5.4978661301526774e-03 seconds.
Warning: Simulation tolerance relaxed to achieve convergence from 5.4978661301526774e-03 to 5.4978661301526878e-03 seconds.
Warning: Simulation tolerance relaxed to achieve convergence from 5.4978665848883857e-03 to 5.4978665848883961e-03 seconds.
Warning: Simulation tolerance relaxed to achieve convergence from 5.4978666042348398e-03 to 5.4978666042348502e-03 seconds.
Warning: Simulation tolerance relaxed to achieve convergence from 5.4978666169592082e-03 to 5.4978666169592186e-03 seconds.
Warning: Simulation tolerance relaxed to achieve convergence from 5.4978666353230933e-03 to 5.4978666353231037e-03 seconds.
Warning: Simulation tolerance relaxed to achieve convergence from 5.5053789185981307e-03 to 5.5053789185981411e-03 seconds.
Warning: Simulation tolerance relaxed to achieve convergence from 5.5053789185981611e-03 to 5.5053789185981715e-03 seconds.
Warning: Simulation tolerance relaxed to achieve convergence from 5.5053846535062668e-03 to 5.5053846535062772e-03 seconds.
Warning: Simulation tolerance relaxed to achieve convergence from 5.5128698329688433e-03 to 5.5128698329688537e-03 seconds.
Warning: Simulation tolerance relaxed to achieve convergence from 5.5128698329688737e-03 to 5.5128698329688841e-03 seconds.
Warning: Simulation tolerance relaxed to achieve convergence from 5.5128698329688841e-03 to 5.5128698329688945e-03 seconds.
Warning: Simulation tolerance relaxed to achieve convergence from 5.5128698329688945e-03 to 5.5128698329689049e-03 seconds.
Warning: Simulation tolerance relaxed to achieve convergence from 5.5128698329689049e-03 to 5.5128698329689153e-03 seconds.
Warning: Simulation tolerance relaxed to achieve convergence from 5.5128698329689751e-03 to 5.5128698329689856e-03 seconds.
Warning: Simulation tolerance relaxed to achieve convergence from 5.5128712455013414e-03 to 5.5128712455013518e-03 seconds.
Warning: Simulation tolerance relaxed to achieve convergence from 5.5128712455013518e-03 to 5.5128712455013622e-03 seconds.
Warning: Simulation tolerance relaxed to achieve convergence from 5.5128712455015721e-03 to 5.5128712455015825e-03 seconds.
Warning: Simulation tolerance relaxed to achieve convergence from 5.5128712455015825e-03 to 5.5128712455015929e-03 seconds.
Warning: Simulation tolerance relaxed to achieve convergence from 5.5161382956130309e-03 to 5.5161382956130413e-03 seconds.
Warning: Simulation tolerance relaxed to achieve convergence from 5.5203813816356315e-03 to 5.5203813816356419e-03 seconds.
Warning: Simulation tolerance relaxed to achieve convergence from 5.5203813826704348e-03 to 5.5203813826704452e-03 seconds.
Warning: Simulation tolerance relaxed to achieve convergence from 5.5203820130837918e-03 to 5.5203820130838022e-03 seconds.
Warning: Simulation tolerance relaxed to achieve convergence from 5.5278436546697804e-03 to 5.5278436546697908e-03 seconds.
Warning: Simulation tolerance relaxed to achieve convergence from 5.5278436546700900e-03 to 5.5278436546701004e-03 seconds.
Warning: Simulation tolerance relaxed to achieve convergence from 5.5278436546705913e-03 to 5.5278436546706018e-03 seconds.
Warning: Simulation tolerance relaxed to achieve convergence from 5.5353319436980191e-03 to 5.5353319436980295e-03 seconds.
Warning: Simulation tolerance relaxed to achieve convergence from 5.5353319436981302e-03 to 5.5353319436981406e-03 seconds.
Warning: Simulation tolerance relaxed to achieve convergence from 5.5353319437954282e-03 to 5.5353319437954386e-03 seconds.
Warning: Simulation tolerance relaxed to achieve convergence from 5.5428546044511357e-03 to 5.5428546044511461e-03 seconds.
Warning: Simulation tolerance relaxed to achieve convergence from 5.5503209933337487e-03 to 5.5503209933337591e-03 seconds.
Warning: Simulation tolerance relaxed to achieve convergence from 5.5503209933337591e-03 to 5.5503209933337695e-03 seconds.
Warning: Simulation tolerance relaxed to achieve convergence from 5.5503209933338597e-03 to 5.5503209933338701e-03 seconds.
Warning: Simulation tolerance relaxed to achieve convergence from 5.5503209933346394e-03 to 5.5503209933346499e-03 seconds.
Warning: Simulation tolerance relaxed to achieve convergence from 5.5653223656876869e-03 to 5.5653223656876973e-03 seconds.
Warning: Simulation tolerance relaxed to achieve convergence from 5.5653223807547465e-03 to 5.5653223807547569e-03 seconds.
Warning: Simulation tolerance relaxed to achieve convergence from 5.5653223807548974e-03 to 5.5653223807549078e-03 seconds.
Warning: Simulation tolerance relaxed to achieve convergence from 5.5728635499863082e-03 to 5.5728635499863186e-03 seconds.
Warning: Simulation tolerance relaxed to achieve convergence from 5.5728635499863186e-03 to 5.5728635499863290e-03 seconds.
Warning: Simulation tolerance relaxed to achieve convergence from 5.5728635499863290e-03 to 5.5728635499863394e-03 seconds.
Warning: Simulation tolerance relaxed to achieve convergence from 5.5728635499863394e-03 to 5.5728635499863498e-03 seconds.
Warning: Simulation tolerance relaxed to achieve convergence from 5.5803523494446635e-03 to 5.5803523494446739e-03 seconds.
Warning: Simulation tolerance relaxed to achieve convergence from 5.5803523502274037e-03 to 5.5803523502274141e-03 seconds.
Warning: Simulation tolerance relaxed to achieve convergence from 5.5803523704718704e-03 to 5.5803523704718808e-03 seconds.
Warning: Simulation tolerance relaxed to achieve convergence from 5.5803523704720508e-03 to 5.5803523704720612e-03 seconds.
Warning: Simulation tolerance relaxed to achieve convergence from 5.5910931484011231e-03 to 5.5910931484011335e-03 seconds.
Warning: Simulation tolerance relaxed to achieve convergence from 5.5953917676256279e-03 to 5.5953917676256383e-03 seconds.
Warning: Simulation tolerance relaxed to achieve convergence from 5.5953917676369886e-03 to 5.5953917676369990e-03 seconds.
Warning: Simulation tolerance relaxed to achieve convergence from 5.5953917985880168e-03 to 5.5953917985880272e-03 seconds.
Warning: Simulation tolerance relaxed to achieve convergence from 5.5953917985880472e-03 to 5.5953917985880576e-03 seconds.
Warning: Simulation tolerance relaxed to achieve convergence from 5.6028407058856117e-03 to 5.6028407058856221e-03 seconds.
Warning: Simulation tolerance relaxed to achieve convergence from 5.6103310517955102e-03 to 5.6103310517955206e-03 seconds.
Warning: Simulation tolerance relaxed to achieve convergence from 5.6103310985126846e-03 to 5.6103310985126950e-03 seconds.
Warning: Simulation tolerance relaxed to achieve convergence from 5.6103310985127150e-03 to 5.6103310985127254e-03 seconds.
Warning: Simulation tolerance relaxed to achieve convergence from 5.6103310985127254e-03 to 5.6103310985127358e-03 seconds.
Warning: Simulation tolerance relaxed to achieve convergence from 5.6103310989394743e-03 to 5.6103310989394847e-03 seconds.
Warning: Simulation tolerance relaxed to achieve convergence from 5.6253836085742859e-03 to 5.6253836085742963e-03 seconds.
Warning: Simulation tolerance relaxed to achieve convergence from 5.6253837312268962e-03 to 5.6253837312269066e-03 seconds.
Warning: Simulation tolerance relaxed to achieve convergence from 5.6253837312272075e-03 to 5.6253837312272180e-03 seconds.
Warning: Simulation tolerance relaxed to achieve convergence from 5.6253840038938520e-03 to 5.6253840038938624e-03 seconds.
Warning: Simulation tolerance relaxed to achieve convergence from 5.6402982052892641e-03 to 5.6402982052892745e-03 seconds.
Warning: Simulation tolerance relaxed to achieve convergence from 5.6402984152773387e-03 to 5.6402984152773492e-03 seconds.
Warning: Simulation tolerance relaxed to achieve convergence from 5.6402984152777091e-03 to 5.6402984152777195e-03 seconds.
Warning: Simulation tolerance relaxed to achieve convergence from 5.6402984152781298e-03 to 5.6402984152781402e-03 seconds.
Warning: Simulation tolerance relaxed to achieve convergence from 5.6402984216822371e-03 to 5.6402984216822475e-03 seconds.
Warning: Simulation tolerance relaxed to achieve convergence from 5.6402984216822475e-03 to 5.6402984216822579e-03 seconds.
Warning: Simulation tolerance relaxed to achieve convergence from 5.6402984216822579e-03 to 5.6402984216822683e-03 seconds.
Warning: Simulation tolerance relaxed to achieve convergence from 5.6402984216822683e-03 to 5.6402984216822787e-03 seconds.
Warning: Simulation tolerance relaxed to achieve convergence from 5.6402984216822787e-03 to 5.6402984216822891e-03 seconds.
Warning: Simulation tolerance relaxed to achieve convergence from 5.6402984216822891e-03 to 5.6402984216822995e-03 seconds.
Warning: Simulation tolerance relaxed to achieve convergence from 5.6553696681924904e-03 to 5.6553696681925008e-03 seconds.
Warning: Simulation tolerance relaxed to achieve convergence from 5.6553696681925112e-03 to 5.6553696681925216e-03 seconds.
Warning: Simulation tolerance relaxed to achieve convergence from 5.6778857981749581e-03 to 5.6778857981749685e-03 seconds.
Warning: Simulation tolerance relaxed to achieve convergence from 5.6778858010195837e-03 to 5.6778858010195941e-03 seconds.
Warning: Simulation tolerance relaxed to achieve convergence from 5.6778860071940232e-03 to 5.6778860071940336e-03 seconds.
Warning: Simulation tolerance relaxed to achieve convergence from 5.6778860072059841e-03 to 5.6778860072059945e-03 seconds.
Warning: Simulation tolerance relaxed to achieve convergence from 5.6778860072059945e-03 to 5.6778860072060049e-03 seconds.
Warning: Simulation tolerance relaxed to achieve convergence from 5.6811223044677074e-03 to 5.6811223044677178e-03 seconds.
Warning: Simulation tolerance relaxed to achieve convergence from 5.7003314493691039e-03 to 5.7003314493691143e-03 seconds.
Warning: Simulation tolerance relaxed to achieve convergence from 5.7003314493691143e-03 to 5.7003314493691247e-03 seconds.
Warning: Simulation tolerance relaxed to achieve convergence from 5.7003314493691247e-03 to 5.7003314493691351e-03 seconds.
Warning: Simulation tolerance relaxed to achieve convergence from 5.7003314493926163e-03 to 5.7003314493926267e-03 seconds.
Warning: Simulation tolerance relaxed to achieve convergence from 5.7003314493933267e-03 to 5.7003314493933371e-03 seconds.
Warning: Simulation tolerance relaxed to achieve convergence from 5.7003314493954257e-03 to 5.7003314493954361e-03 seconds.
Warning: Simulation tolerance relaxed to achieve convergence from 5.7003314494115959e-03 to 5.7003314494116063e-03 seconds.
Warning: Simulation tolerance relaxed to achieve convergence from 5.7003328387830350e-03 to 5.7003328387830454e-03 seconds.
Warning: Simulation tolerance relaxed to achieve convergence from 5.7003328387830454e-03 to 5.7003328387830558e-03 seconds.
Warning: Simulation tolerance relaxed to achieve convergence from 5.7003328389617714e-03 to 5.7003328389617818e-03 seconds.
Warning: Simulation tolerance relaxed to achieve convergence from 5.7003328389617922e-03 to 5.7003328389618026e-03 seconds.
Warning: Simulation tolerance relaxed to achieve convergence from 5.7003328389618624e-03 to 5.7003328389618729e-03 seconds.
Warning: Simulation tolerance relaxed to achieve convergence from 5.7078361678149104e-03 to 5.7078361678149208e-03 seconds.
Warning: Simulation tolerance relaxed to achieve convergence from 5.7078361678153007e-03 to 5.7078361678153111e-03 seconds.
Warning: Simulation tolerance relaxed to achieve convergence from 5.7078361678157604e-03 to 5.7078361678157708e-03 seconds.
Warning: Simulation tolerance relaxed to achieve convergence from 5.7078361678160909e-03 to 5.7078361678161013e-03 seconds.
Warning: Simulation tolerance relaxed to achieve convergence from 5.7078361680547706e-03 to 5.7078361680547810e-03 seconds.
Warning: Simulation tolerance relaxed to achieve convergence from 5.7078361696346804e-03 to 5.7078361696346908e-03 seconds.
Warning: Simulation tolerance relaxed to achieve convergence from 5.7078361696347116e-03 to 5.7078361696347221e-03 seconds.
Warning: Simulation tolerance relaxed to achieve convergence from 5.7153916070435849e-03 to 5.7153916070435953e-03 seconds.
Warning: Simulation tolerance relaxed to achieve convergence from 5.7153916070435953e-03 to 5.7153916070436057e-03 seconds.
Warning: Simulation tolerance relaxed to achieve convergence from 5.7153916070436864e-03 to 5.7153916070436968e-03 seconds.
Warning: Simulation tolerance relaxed to achieve convergence from 5.7153916070438980e-03 to 5.7153916070439084e-03 seconds.
Warning: Simulation tolerance relaxed to achieve convergence from 5.7153923096521777e-03 to 5.7153923096521881e-03 seconds.
Warning: Simulation tolerance relaxed to achieve convergence from 5.7153924215403345e-03 to 5.7153924215403449e-03 seconds.
Warning: Simulation tolerance relaxed to achieve convergence from 5.7153924215408644e-03 to 5.7153924215408748e-03 seconds.
Warning: Simulation tolerance relaxed to achieve convergence from 5.7228891815920297e-03 to 5.7228891815920401e-03 seconds.
Warning: Simulation tolerance relaxed to achieve convergence from 5.7228895890836335e-03 to 5.7228895890836439e-03 seconds.
Warning: Simulation tolerance relaxed to achieve convergence from 5.7228895891501090e-03 to 5.7228895891501194e-03 seconds.
Warning: Simulation tolerance relaxed to achieve convergence from 5.7228895891501194e-03 to 5.7228895891501298e-03 seconds.
Warning: Simulation tolerance relaxed to achieve convergence from 5.7228895891501298e-03 to 5.7228895891501402e-03 seconds.
Warning: Simulation tolerance relaxed to achieve convergence from 5.7228895891501402e-03 to 5.7228895891501506e-03 seconds.
Warning: Simulation tolerance relaxed to achieve convergence from 5.7228895891502513e-03 to 5.7228895891502617e-03 seconds.
Warning: Simulation tolerance relaxed to achieve convergence from 5.7228895894458473e-03 to 5.7228895894458577e-03 seconds.
Warning: Simulation tolerance relaxed to achieve convergence from 5.7261370803598386e-03 to 5.7261370803598491e-03 seconds.
Warning: Simulation tolerance relaxed to achieve convergence from 5.7303231126587155e-03 to 5.7303231126587259e-03 seconds.
Warning: Simulation tolerance relaxed to achieve convergence from 5.7378956558651658e-03 to 5.7378956558651762e-03 seconds.
Warning: Simulation tolerance relaxed to achieve convergence from 5.7378956694453106e-03 to 5.7378956694453210e-03 seconds.
Warning: Simulation tolerance relaxed to achieve convergence from 5.7378956694453210e-03 to 5.7378956694453314e-03 seconds.
Warning: Simulation tolerance relaxed to achieve convergence from 5.7378964204144777e-03 to 5.7378964204144881e-03 seconds.
Warning: Simulation tolerance relaxed to achieve convergence from 5.7378964204144881e-03 to 5.7378964204144985e-03 seconds.
Warning: Simulation tolerance relaxed to achieve convergence from 5.7528854726809943e-03 to 5.7528854726810047e-03 seconds.
Warning: Simulation tolerance relaxed to achieve convergence from 5.7528857935970085e-03 to 5.7528857935970189e-03 seconds.
Warning: Simulation tolerance relaxed to achieve convergence from 5.7528858162934253e-03 to 5.7528858162934357e-03 seconds.
Warning: Simulation tolerance relaxed to achieve convergence from 5.7528858162935164e-03 to 5.7528858162935268e-03 seconds.
Warning: Simulation tolerance relaxed to achieve convergence from 5.7528858162935867e-03 to 5.7528858162935971e-03 seconds.
Warning: Simulation tolerance relaxed to achieve convergence from 5.7603368769000582e-03 to 5.7603368769000686e-03 seconds.
Warning: Simulation tolerance relaxed to achieve convergence from 5.7603368896065998e-03 to 5.7603368896066102e-03 seconds.
Warning: Simulation tolerance relaxed to achieve convergence from 5.7603368896066301e-03 to 5.7603368896066405e-03 seconds.
Warning: Simulation tolerance relaxed to achieve convergence from 5.7636533450556148e-03 to 5.7636533450556252e-03 seconds.
Warning: Simulation tolerance relaxed to achieve convergence from 5.7753696068304182e-03 to 5.7753696068304286e-03 seconds.
Warning: Simulation tolerance relaxed to achieve convergence from 5.7753696068312483e-03 to 5.7753696068312587e-03 seconds.
Warning: Simulation tolerance relaxed to achieve convergence from 5.7753696068313497e-03 to 5.7753696068313602e-03 seconds.
Warning: Simulation tolerance relaxed to achieve convergence from 5.7753696068313602e-03 to 5.7753696068313706e-03 seconds.
Warning: Simulation tolerance relaxed to achieve convergence from 5.7753696068313706e-03 to 5.7753696068313810e-03 seconds.
Warning: Simulation tolerance relaxed to achieve convergence from 5.7753696068313810e-03 to 5.7753696068313914e-03 seconds.
Warning: Simulation tolerance relaxed to achieve convergence from 5.7753696068315822e-03 to 5.7753696068315926e-03 seconds.
Warning: Simulation tolerance relaxed to achieve convergence from 5.7978361333385587e-03 to 5.7978361333385691e-03 seconds.
Warning: Simulation tolerance relaxed to achieve convergence from 5.7978361333386403e-03 to 5.7978361333386507e-03 seconds.
Warning: Simulation tolerance relaxed to achieve convergence from 5.7978361333386507e-03 to 5.7978361333386611e-03 seconds.
Warning: Simulation tolerance relaxed to achieve convergence from 5.7978374448246798e-03 to 5.7978374448246902e-03 seconds.
Warning: Simulation tolerance relaxed to achieve convergence from 5.8086812271519054e-03 to 5.8086812271519158e-03 seconds.
Warning: Simulation tolerance relaxed to achieve convergence from 5.8161666793133939e-03 to 5.8161666793134044e-03 seconds.
Warning: Simulation tolerance relaxed to achieve convergence from 5.8203777506549113e-03 to 5.8203777506549217e-03 seconds.
Warning: Simulation tolerance relaxed to achieve convergence from 5.8236769828060014e-03 to 5.8236769828060118e-03 seconds.
Warning: Simulation tolerance relaxed to achieve convergence from 5.8428318507128731e-03 to 5.8428318507128835e-03 seconds.
Warning: Simulation tolerance relaxed to achieve convergence from 5.8428318507129642e-03 to 5.8428318507129746e-03 seconds.
Warning: Simulation tolerance relaxed to achieve convergence from 5.8428318507129746e-03 to 5.8428318507129850e-03 seconds.
Warning: Simulation tolerance relaxed to achieve convergence from 5.8428318507129850e-03 to 5.8428318507129954e-03 seconds.
Warning: Simulation tolerance relaxed to achieve convergence from 5.8428318507130466e-03 to 5.8428318507130570e-03 seconds.
Warning: Simulation tolerance relaxed to achieve convergence from 5.8428318507130770e-03 to 5.8428318507130874e-03 seconds.
Warning: Simulation tolerance relaxed to achieve convergence from 5.8428318507130874e-03 to 5.8428318507130978e-03 seconds.
Warning: Simulation tolerance relaxed to achieve convergence from 5.8428318507130978e-03 to 5.8428318507131082e-03 seconds.
Warning: Simulation tolerance relaxed to achieve convergence from 5.8428318507964053e-03 to 5.8428318507964157e-03 seconds.
Warning: Simulation tolerance relaxed to achieve convergence from 5.8428318508194580e-03 to 5.8428318508194684e-03 seconds.
Warning: Simulation tolerance relaxed to achieve convergence from 5.8428318508196679e-03 to 5.8428318508196783e-03 seconds.
Warning: Simulation tolerance relaxed to achieve convergence from 5.8428318508197685e-03 to 5.8428318508197789e-03 seconds.
Warning: Simulation tolerance relaxed to achieve convergence from 5.8503856945807701e-03 to 5.8503856945807805e-03 seconds.
Warning: Simulation tolerance relaxed to achieve convergence from 5.8503857241502047e-03 to 5.8503857241502151e-03 seconds.
Warning: Simulation tolerance relaxed to achieve convergence from 5.8503857241731247e-03 to 5.8503857241731351e-03 seconds.
Warning: Simulation tolerance relaxed to achieve convergence from 5.8503857241734960e-03 to 5.8503857241735064e-03 seconds.
Warning: Simulation tolerance relaxed to achieve convergence from 5.8503858131292120e-03 to 5.8503858131292224e-03 seconds.
Warning: Simulation tolerance relaxed to achieve convergence from 5.8503859289562631e-03 to 5.8503859289562735e-03 seconds.
Warning: Simulation tolerance relaxed to achieve convergence from 5.8503859289562735e-03 to 5.8503859289562839e-03 seconds.
Warning: Simulation tolerance relaxed to achieve convergence from 5.8503859327341257e-03 to 5.8503859327341361e-03 seconds.
Warning: Simulation tolerance relaxed to achieve convergence from 5.8503865974912301e-03 to 5.8503865974912405e-03 seconds.
Warning: Simulation tolerance relaxed to achieve convergence from 5.8503865974915102e-03 to 5.8503865974915206e-03 seconds.
Warning: Simulation tolerance relaxed to achieve convergence from 5.8611828722193397e-03 to 5.8611828722193501e-03 seconds.
Warning: Simulation tolerance relaxed to achieve convergence from 5.8686483692689537e-03 to 5.8686483692689641e-03 seconds.
Warning: Simulation tolerance relaxed to achieve convergence from 5.8686483692693336e-03 to 5.8686483692693440e-03 seconds.
Warning: Simulation tolerance relaxed to achieve convergence from 5.8728673545847213e-03 to 5.8728673545847317e-03 seconds.
Warning: Simulation tolerance relaxed to achieve convergence from 5.8761702717004052e-03 to 5.8761702717004156e-03 seconds.
Warning: Simulation tolerance relaxed to achieve convergence from 5.8803602256182813e-03 to 5.8803602256182917e-03 seconds.
Warning: Simulation tolerance relaxed to achieve convergence from 5.8953340178018523e-03 to 5.8953340178018628e-03 seconds.
Warning: Simulation tolerance relaxed to achieve convergence from 5.8953342289559006e-03 to 5.8953342289559110e-03 seconds.
Warning: Simulation tolerance relaxed to achieve convergence from 5.8953342289559309e-03 to 5.8953342289559413e-03 seconds.
Warning: Simulation tolerance relaxed to achieve convergence from 5.8986847509565109e-03 to 5.8986847509565213e-03 seconds.
Warning: Simulation tolerance relaxed to achieve convergence from 5.9028685209990108e-03 to 5.9028685209990212e-03 seconds.
Warning: Simulation tolerance relaxed to achieve convergence from 5.9028685227575936e-03 to 5.9028685227576040e-03 seconds.
Warning: Simulation tolerance relaxed to achieve convergence from 5.9028685227576943e-03 to 5.9028685227577047e-03 seconds.
Warning: Simulation tolerance relaxed to achieve convergence from 5.9028685227577645e-03 to 5.9028685227577749e-03 seconds.
Warning: Simulation tolerance relaxed to achieve convergence from 5.9028685227577749e-03 to 5.9028685227577853e-03 seconds.
Warning: Simulation tolerance relaxed to achieve convergence from 5.9103558583832793e-03 to 5.9103558583832897e-03 seconds.
Warning: Simulation tolerance relaxed to achieve convergence from 5.9178804622272213e-03 to 5.9178804622272317e-03 seconds.
Warning: Simulation tolerance relaxed to achieve convergence from 5.9178804622272915e-03 to 5.9178804622273019e-03 seconds.
Warning: Simulation tolerance relaxed to achieve convergence from 5.9253717294475896e-03 to 5.9253717294476000e-03 seconds.
Warning: Simulation tolerance relaxed to achieve convergence from 5.9253717294476503e-03 to 5.9253717294476607e-03 seconds.
Warning: Simulation tolerance relaxed to achieve convergence from 5.9253717412184864e-03 to 5.9253717412184968e-03 seconds.
Warning: Simulation tolerance relaxed to achieve convergence from 5.9328419849990184e-03 to 5.9328419849990289e-03 seconds.
Warning: Simulation tolerance relaxed to achieve convergence from 5.9328419850414532e-03 to 5.9328419850414637e-03 seconds.
Warning: Simulation tolerance relaxed to achieve convergence from 5.9328420717152707e-03 to 5.9328420717152811e-03 seconds.
Warning: Simulation tolerance relaxed to achieve convergence from 5.9328420717152811e-03 to 5.9328420717152915e-03 seconds.
Warning: Simulation tolerance relaxed to achieve convergence from 5.9328427104811832e-03 to 5.9328427104811936e-03 seconds.
Warning: Simulation tolerance relaxed to achieve convergence from 5.9436596677890884e-03 to 5.9436596677890988e-03 seconds.
Warning: Simulation tolerance relaxed to achieve convergence from 5.9478912237210073e-03 to 5.9478912237210177e-03 seconds.
Warning: Simulation tolerance relaxed to achieve convergence from 5.9478912237210177e-03 to 5.9478912237210281e-03 seconds.
Warning: Simulation tolerance relaxed to achieve convergence from 5.9553271673340796e-03 to 5.9553271673340900e-03 seconds.
Warning: Simulation tolerance relaxed to achieve convergence from 5.9553271673341100e-03 to 5.9553271673341204e-03 seconds.
Warning: Simulation tolerance relaxed to achieve convergence from 5.9553271673342904e-03 to 5.9553271673343008e-03 seconds.
Warning: Simulation tolerance relaxed to achieve convergence from 5.9628082299537062e-03 to 5.9628082299537167e-03 seconds.
Warning: Simulation tolerance relaxed to achieve convergence from 5.9778592441185833e-03 to 5.9778592441185937e-03 seconds.
Warning: Simulation tolerance relaxed to achieve convergence from 5.9778600186332622e-03 to 5.9778600186332726e-03 seconds.
Warning: Simulation tolerance relaxed to achieve convergence from 5.9778600186332831e-03 to 5.9778600186332935e-03 seconds.
Warning: Simulation tolerance relaxed to achieve convergence from 5.9778600186341044e-03 to 5.9778600186341149e-03 seconds.
Warning: Simulation tolerance relaxed to achieve convergence from 5.9811397107721546e-03 to 5.9811397107721650e-03 seconds.
Warning: Simulation tolerance relaxed to achieve convergence from 6.0078357143699317e-03 to 6.0078357143699421e-03 seconds.
Warning: Simulation tolerance relaxed to achieve convergence from 6.0078357143699421e-03 to 6.0078357143699525e-03 seconds.
Warning: Simulation tolerance relaxed to achieve convergence from 6.0153373198890882e-03 to 6.0153373198890987e-03 seconds.
Warning: Simulation tolerance relaxed to achieve convergence from 6.0153373198930885e-03 to 6.0153373198930989e-03 seconds.
Warning: Simulation tolerance relaxed to achieve convergence from 6.0153379265564869e-03 to 6.0153379265564973e-03 seconds.
Warning: Simulation tolerance relaxed to achieve convergence from 6.0228303305660301e-03 to 6.0228303305660405e-03 seconds.
Warning: Simulation tolerance relaxed to achieve convergence from 6.0228303305660405e-03 to 6.0228303305660509e-03 seconds.
Warning: Simulation tolerance relaxed to achieve convergence from 6.0228303305660509e-03 to 6.0228303305660614e-03 seconds.
Warning: Simulation tolerance relaxed to achieve convergence from 6.0228303305660614e-03 to 6.0228303305660718e-03 seconds.
Warning: Simulation tolerance relaxed to achieve convergence from 6.0228303305660718e-03 to 6.0228303305660822e-03 seconds.
Warning: Simulation tolerance relaxed to achieve convergence from 6.0228303305660822e-03 to 6.0228303305660926e-03 seconds.
Warning: Simulation tolerance relaxed to achieve convergence from 6.0228303542556958e-03 to 6.0228303542557062e-03 seconds.
Warning: Simulation tolerance relaxed to achieve convergence from 6.0303566692543392e-03 to 6.0303566692543496e-03 seconds.
Warning: Simulation tolerance relaxed to achieve convergence from 6.0378223146975284e-03 to 6.0378223146975388e-03 seconds.
Warning: Simulation tolerance relaxed to achieve convergence from 6.0378230813434870e-03 to 6.0378230813434974e-03 seconds.
Warning: Simulation tolerance relaxed to achieve convergence from 6.0378230813441167e-03 to 6.0378230813441271e-03 seconds.
Warning: Simulation tolerance relaxed to achieve convergence from 6.0378230813441574e-03 to 6.0378230813441678e-03 seconds.
Warning: Simulation tolerance relaxed to achieve convergence from 6.0453566384042591e-03 to 6.0453566384042695e-03 seconds.
Warning: Simulation tolerance relaxed to achieve convergence from 6.0528127524630288e-03 to 6.0528127524630392e-03 seconds.
Warning: Simulation tolerance relaxed to achieve convergence from 6.0528127524630392e-03 to 6.0528127524630496e-03 seconds.
Warning: Simulation tolerance relaxed to achieve convergence from 6.0603202605235751e-03 to 6.0603202605235855e-03 seconds.
Warning: Simulation tolerance relaxed to achieve convergence from 6.0678316320542441e-03 to 6.0678316320542545e-03 seconds.
Warning: Simulation tolerance relaxed to achieve convergence from 6.0678316320544852e-03 to 6.0678316320544956e-03 seconds.
Warning: Simulation tolerance relaxed to achieve convergence from 6.0678318029589329e-03 to 6.0678318029589434e-03 seconds.
Warning: Simulation tolerance relaxed to achieve convergence from 6.0678318167039762e-03 to 6.0678318167039866e-03 seconds.
Warning: Simulation tolerance relaxed to achieve convergence from 6.0678318167128962e-03 to 6.0678318167129066e-03 seconds.
Warning: Simulation tolerance relaxed to achieve convergence from 6.0678318167636212e-03 to 6.0678318167636316e-03 seconds.
Warning: Simulation tolerance relaxed to achieve convergence from 6.0678320226026797e-03 to 6.0678320226026901e-03 seconds.
Warning: Simulation tolerance relaxed to achieve convergence from 6.0753804938552623e-03 to 6.0753804938552727e-03 seconds.
Warning: Simulation tolerance relaxed to achieve convergence from 6.0753804938552727e-03 to 6.0753804938552831e-03 seconds.
Warning: Simulation tolerance relaxed to achieve convergence from 6.0753804938682337e-03 to 6.0753804938682441e-03 seconds.
Warning: Simulation tolerance relaxed to achieve convergence from 6.0828000589071675e-03 to 6.0828000589071779e-03 seconds.
Warning: Simulation tolerance relaxed to achieve convergence from 6.1053209883085192e-03 to 6.1053209883085297e-03 seconds.
Warning: Simulation tolerance relaxed to achieve convergence from 6.1053209883085895e-03 to 6.1053209883085999e-03 seconds.
Warning: Simulation tolerance relaxed to achieve convergence from 6.1053209883086415e-03 to 6.1053209883086519e-03 seconds.
Warning: Simulation tolerance relaxed to achieve convergence from 6.1053209902257330e-03 to 6.1053209902257434e-03 seconds.
Warning: Simulation tolerance relaxed to achieve convergence from 6.1053209902257842e-03 to 6.1053209902257946e-03 seconds.
Warning: Simulation tolerance relaxed to achieve convergence from 6.1053209902258545e-03 to 6.1053209902258649e-03 seconds.
Warning: Simulation tolerance relaxed to achieve convergence from 6.1053209902258848e-03 to 6.1053209902258952e-03 seconds.
Warning: Simulation tolerance relaxed to achieve convergence from 6.1053209902259056e-03 to 6.1053209902259160e-03 seconds.
Warning: Simulation tolerance relaxed to achieve convergence from 6.1053209902259160e-03 to 6.1053209902259264e-03 seconds.
Warning: Simulation tolerance relaxed to achieve convergence from 6.1053209902259264e-03 to 6.1053209902259369e-03 seconds.
Warning: Simulation tolerance relaxed to achieve convergence from 6.1053209902259369e-03 to 6.1053209902259473e-03 seconds.
Warning: Simulation tolerance relaxed to achieve convergence from 6.1128210709595031e-03 to 6.1128210709595135e-03 seconds.
Warning: Simulation tolerance relaxed to achieve convergence from 6.1128210709598127e-03 to 6.1128210709598231e-03 seconds.
Warning: Simulation tolerance relaxed to achieve convergence from 6.1128210709598231e-03 to 6.1128210709598335e-03 seconds.
Warning: Simulation tolerance relaxed to achieve convergence from 6.1128210709598335e-03 to 6.1128210709598440e-03 seconds.
Warning: Simulation tolerance relaxed to achieve convergence from 6.1128210709598440e-03 to 6.1128210709598544e-03 seconds.
Warning: Simulation tolerance relaxed to achieve convergence from 6.1128210709598544e-03 to 6.1128210709598648e-03 seconds.
Warning: Simulation tolerance relaxed to achieve convergence from 6.1128210709598951e-03 to 6.1128210709599055e-03 seconds.
Warning: Simulation tolerance relaxed to achieve convergence from 6.1128210718368724e-03 to 6.1128210718368828e-03 seconds.
Warning: Simulation tolerance relaxed to achieve convergence from 6.1128210718368828e-03 to 6.1128210718368933e-03 seconds.
Warning: Simulation tolerance relaxed to achieve convergence from 6.1128210863798417e-03 to 6.1128210863798521e-03 seconds.
Warning: Simulation tolerance relaxed to achieve convergence from 6.1128211404556194e-03 to 6.1128211404556298e-03 seconds.
Warning: Simulation tolerance relaxed to achieve convergence from 6.1203317237548249e-03 to 6.1203317237548353e-03 seconds.
Warning: Simulation tolerance relaxed to achieve convergence from 6.1203317239653318e-03 to 6.1203317239653422e-03 seconds.
Warning: Simulation tolerance relaxed to achieve convergence from 6.1203317274268892e-03 to 6.1203317274268997e-03 seconds.
Warning: Simulation tolerance relaxed to achieve convergence from 6.1203319317556298e-03 to 6.1203319317556402e-03 seconds.
Warning: Simulation tolerance relaxed to achieve convergence from 6.1203319317556402e-03 to 6.1203319317556506e-03 seconds.
Warning: Simulation tolerance relaxed to achieve convergence from 6.1203319317558527e-03 to 6.1203319317558631e-03 seconds.
Warning: Simulation tolerance relaxed to achieve convergence from 6.1203319317558631e-03 to 6.1203319317558735e-03 seconds.
Warning: Simulation tolerance relaxed to achieve convergence from 6.1203319317558839e-03 to 6.1203319317558944e-03 seconds.
Warning: Simulation tolerance relaxed to achieve convergence from 6.1203319317558944e-03 to 6.1203319317559048e-03 seconds.
Warning: Simulation tolerance relaxed to achieve convergence from 6.1203319317559247e-03 to 6.1203319317559351e-03 seconds.
Warning: Simulation tolerance relaxed to achieve convergence from 6.1203319317559351e-03 to 6.1203319317559455e-03 seconds.
Warning: Simulation tolerance relaxed to achieve convergence from 6.1203319317559455e-03 to 6.1203319317559559e-03 seconds.
Warning: Simulation tolerance relaxed to achieve convergence from 6.1203319317560158e-03 to 6.1203319317560262e-03 seconds.
Warning: Simulation tolerance relaxed to achieve convergence from 6.1203319317560262e-03 to 6.1203319317560366e-03 seconds.
Warning: Simulation tolerance relaxed to achieve convergence from 6.1278902134193781e-03 to 6.1278902134193885e-03 seconds.
Warning: Simulation tolerance relaxed to achieve convergence from 6.1278902134193885e-03 to 6.1278902134193989e-03 seconds.
Warning: Simulation tolerance relaxed to achieve convergence from 6.1278916205271946e-03 to 6.1278916205272050e-03 seconds.
Warning: Simulation tolerance relaxed to achieve convergence from 6.1278916206381085e-03 to 6.1278916206381189e-03 seconds.
Warning: Simulation tolerance relaxed to achieve convergence from 6.1353384141362311e-03 to 6.1353384141362415e-03 seconds.
Warning: Simulation tolerance relaxed to achieve convergence from 6.1503314980911571e-03 to 6.1503314980911675e-03 seconds.
Warning: Simulation tolerance relaxed to achieve convergence from 6.1611294227681508e-03 to 6.1611294227681612e-03 seconds.
Warning: Simulation tolerance relaxed to achieve convergence from 6.1653323744460427e-03 to 6.1653323744460531e-03 seconds.
Warning: Simulation tolerance relaxed to achieve convergence from 6.1878685659398254e-03 to 6.1878685659398358e-03 seconds.
Warning: Simulation tolerance relaxed to achieve convergence from 6.2028179251367764e-03 to 6.2028179251367868e-03 seconds.
Warning: Simulation tolerance relaxed to achieve convergence from 6.2028179251384079e-03 to 6.2028179251384184e-03 seconds.
Warning: Simulation tolerance relaxed to achieve convergence from 6.2028183435750310e-03 to 6.2028183435750414e-03 seconds.
Warning: Simulation tolerance relaxed to achieve convergence from 6.2028183435750414e-03 to 6.2028183435750518e-03 seconds.
Warning: Simulation tolerance relaxed to achieve convergence from 6.2061789352081051e-03 to 6.2061789352081155e-03 seconds.
Warning: Simulation tolerance relaxed to achieve convergence from 6.2103409344686812e-03 to 6.2103409344686916e-03 seconds.
Warning: Simulation tolerance relaxed to achieve convergence from 6.2103409344687020e-03 to 6.2103409344687124e-03 seconds.
Warning: Simulation tolerance relaxed to achieve convergence from 6.2103409350636523e-03 to 6.2103409350636627e-03 seconds.
Warning: Simulation tolerance relaxed to achieve convergence from 6.2103415411880296e-03 to 6.2103415411880400e-03 seconds.
Warning: Simulation tolerance relaxed to achieve convergence from 6.2103415469074302e-03 to 6.2103415469074406e-03 seconds.
Warning: Simulation tolerance relaxed to achieve convergence from 6.2103415709277056e-03 to 6.2103415709277160e-03 seconds.
Warning: Simulation tolerance relaxed to achieve convergence from 6.2103415748237080e-03 to 6.2103415748237184e-03 seconds.
Warning: Simulation tolerance relaxed to achieve convergence from 6.2253222052077997e-03 to 6.2253222052078101e-03 seconds.
Warning: Simulation tolerance relaxed to achieve convergence from 6.2253239353210164e-03 to 6.2253239353210268e-03 seconds.
Warning: Simulation tolerance relaxed to achieve convergence from 6.2328568690478451e-03 to 6.2328568690478555e-03 seconds.
Warning: Simulation tolerance relaxed to achieve convergence from 6.2328586332283586e-03 to 6.2328586332283690e-03 seconds.
Warning: Simulation tolerance relaxed to achieve convergence from 6.2328586394349442e-03 to 6.2328586394349546e-03 seconds.
Warning: Simulation tolerance relaxed to achieve convergence from 6.2361544787901168e-03 to 6.2361544787901272e-03 seconds.
Warning: Simulation tolerance relaxed to achieve convergence from 6.2361544787901870e-03 to 6.2361544787901974e-03 seconds.
Warning: Simulation tolerance relaxed to achieve convergence from 6.2403378722501795e-03 to 6.2403378722501899e-03 seconds.
Warning: Simulation tolerance relaxed to achieve convergence from 6.2478587705047861e-03 to 6.2478587705047965e-03 seconds.
Warning: Simulation tolerance relaxed to achieve convergence from 6.2478603810398135e-03 to 6.2478603810398239e-03 seconds.
Warning: Simulation tolerance relaxed to achieve convergence from 6.2478603810439430e-03 to 6.2478603810439534e-03 seconds.
Warning: Simulation tolerance relaxed to achieve convergence from 6.2628673121345639e-03 to 6.2628673121345744e-03 seconds.
Warning: Simulation tolerance relaxed to achieve convergence from 6.2628673121396848e-03 to 6.2628673121396953e-03 seconds.
Warning: Simulation tolerance relaxed to achieve convergence from 6.2628673123403230e-03 to 6.2628673123403334e-03 seconds.
Warning: Simulation tolerance relaxed to achieve convergence from 6.2628673123404739e-03 to 6.2628673123404843e-03 seconds.
Warning: Simulation tolerance relaxed to achieve convergence from 6.2703393142438911e-03 to 6.2703393142439015e-03 seconds.
Warning: Simulation tolerance relaxed to achieve convergence from 6.3003606465407884e-03 to 6.3003606465407988e-03 seconds.
Warning: Simulation tolerance relaxed to achieve convergence from 6.3078564790637493e-03 to 6.3078564790637597e-03 seconds.
Warning: Simulation tolerance relaxed to achieve convergence from 6.3078566444046786e-03 to 6.3078566444046890e-03 seconds.
Warning: Simulation tolerance relaxed to achieve convergence from 6.3078566510830908e-03 to 6.3078566510831012e-03 seconds.
Warning: Simulation tolerance relaxed to achieve convergence from 6.3078573859583573e-03 to 6.3078573859583677e-03 seconds.
Warning: Simulation tolerance relaxed to achieve convergence from 6.3153373645427405e-03 to 6.3153373645427509e-03 seconds.
Warning: Simulation tolerance relaxed to achieve convergence from 6.3153374223415635e-03 to 6.3153374223415739e-03 seconds.
Warning: Simulation tolerance relaxed to achieve convergence from 6.3153374223415938e-03 to 6.3153374223416043e-03 seconds.
Warning: Simulation tolerance relaxed to achieve convergence from 6.3153374223416450e-03 to 6.3153374223416554e-03 seconds.
Warning: Simulation tolerance relaxed to achieve convergence from 6.3228500894195521e-03 to 6.3228500894195626e-03 seconds.
Warning: Simulation tolerance relaxed to achieve convergence from 6.3303681841929910e-03 to 6.3303681841930014e-03 seconds.
Warning: Simulation tolerance relaxed to achieve convergence from 6.3303681841930214e-03 to 6.3303681841930318e-03 seconds.
Warning: Simulation tolerance relaxed to achieve convergence from 6.3378220708144367e-03 to 6.3378220708144471e-03 seconds.
Warning: Simulation tolerance relaxed to achieve convergence from 6.3378220708144471e-03 to 6.3378220708144575e-03 seconds.
Warning: Simulation tolerance relaxed to achieve convergence from 6.3378220859059958e-03 to 6.3378220859060062e-03 seconds.
Warning: Simulation tolerance relaxed to achieve convergence from 6.3378220859071450e-03 to 6.3378220859071554e-03 seconds.
Warning: Simulation tolerance relaxed to achieve convergence from 6.3453845728053994e-03 to 6.3453845728054098e-03 seconds.
Warning: Simulation tolerance relaxed to achieve convergence from 6.3528560691899494e-03 to 6.3528560691899598e-03 seconds.
Warning: Simulation tolerance relaxed to achieve convergence from 6.3561251214251406e-03 to 6.3561251214251510e-03 seconds.
Warning: Simulation tolerance relaxed to achieve convergence from 6.3561251214291591e-03 to 6.3561251214291695e-03 seconds.
Warning: Simulation tolerance relaxed to achieve convergence from 6.3603237978256538e-03 to 6.3603237978256642e-03 seconds.
Warning: Simulation tolerance relaxed to achieve convergence from 6.3678359483933912e-03 to 6.3678359483934016e-03 seconds.
Warning: Simulation tolerance relaxed to achieve convergence from 6.3753791285886844e-03 to 6.3753791285886948e-03 seconds.
Warning: Simulation tolerance relaxed to achieve convergence from 6.3753791676725213e-03 to 6.3753791676725317e-03 seconds.
Warning: Simulation tolerance relaxed to achieve convergence from 6.3753791676726722e-03 to 6.3753791676726826e-03 seconds.
Warning: Simulation tolerance relaxed to achieve convergence from 6.3753791676726826e-03 to 6.3753791676726930e-03 seconds.
Warning: Simulation tolerance relaxed to achieve convergence from 6.3753791721332031e-03 to 6.3753791721332135e-03 seconds.
Warning: Simulation tolerance relaxed to achieve convergence from 6.3753791834065803e-03 to 6.3753791834065907e-03 seconds.
Warning: Simulation tolerance relaxed to achieve convergence from 6.3903650190908967e-03 to 6.3903650190909071e-03 seconds.
Warning: Simulation tolerance relaxed to achieve convergence from 6.3903650190912462e-03 to 6.3903650190912566e-03 seconds.
Warning: Simulation tolerance relaxed to achieve convergence from 6.3903650353928990e-03 to 6.3903650353929094e-03 seconds.
Warning: Simulation tolerance relaxed to achieve convergence from 6.3978862291426694e-03 to 6.3978862291426799e-03 seconds.
Warning: Simulation tolerance relaxed to achieve convergence from 6.3978862303640648e-03 to 6.3978862303640752e-03 seconds.
Warning: Simulation tolerance relaxed to achieve convergence from 6.4053250922612923e-03 to 6.4053250922613027e-03 seconds.
Warning: Simulation tolerance relaxed to achieve convergence from 6.4053250922613833e-03 to 6.4053250922613937e-03 seconds.
Warning: Simulation tolerance relaxed to achieve convergence from 6.4086265654553784e-03 to 6.4086265654553888e-03 seconds.
Warning: Simulation tolerance relaxed to achieve convergence from 6.4128233853716693e-03 to 6.4128233853716797e-03 seconds.
Warning: Simulation tolerance relaxed to achieve convergence from 6.4128233853722990e-03 to 6.4128233853723094e-03 seconds.
Warning: Simulation tolerance relaxed to achieve convergence from 6.4128236022813426e-03 to 6.4128236022813530e-03 seconds.
Warning: Simulation tolerance relaxed to achieve convergence from 6.4128236022821137e-03 to 6.4128236022821241e-03 seconds.
Warning: Simulation tolerance relaxed to achieve convergence from 6.4128236022826437e-03 to 6.4128236022826541e-03 seconds.
Warning: Simulation tolerance relaxed to achieve convergence from 6.4128236022826645e-03 to 6.4128236022826749e-03 seconds.
Warning: Simulation tolerance relaxed to achieve convergence from 6.4128236022893120e-03 to 6.4128236022893224e-03 seconds.
Warning: Simulation tolerance relaxed to achieve convergence from 6.4128236022897422e-03 to 6.4128236022897526e-03 seconds.
Warning: Simulation tolerance relaxed to achieve convergence from 6.4128236061252019e-03 to 6.4128236061252123e-03 seconds.
Warning: Simulation tolerance relaxed to achieve convergence from 6.4128236068485747e-03 to 6.4128236068485851e-03 seconds.
Warning: Simulation tolerance relaxed to achieve convergence from 6.4128237630010458e-03 to 6.4128237630010562e-03 seconds.
Warning: Simulation tolerance relaxed to achieve convergence from 6.4353210847111235e-03 to 6.4353210847111339e-03 seconds.
Warning: Simulation tolerance relaxed to achieve convergence from 6.4353210847151749e-03 to 6.4353210847151853e-03 seconds.
Warning: Simulation tolerance relaxed to achieve convergence from 6.4428226558754858e-03 to 6.4428226558754962e-03 seconds.
Warning: Simulation tolerance relaxed to achieve convergence from 6.4578707710944514e-03 to 6.4578707710944618e-03 seconds.
Warning: Simulation tolerance relaxed to achieve convergence from 6.4653687726058482e-03 to 6.4653687726058586e-03 seconds.
Warning: Simulation tolerance relaxed to achieve convergence from 6.4653693607927051e-03 to 6.4653693607927155e-03 seconds.
Warning: Simulation tolerance relaxed to achieve convergence from 6.4728647170787246e-03 to 6.4728647170787350e-03 seconds.
Warning: Simulation tolerance relaxed to achieve convergence from 6.4728647170787653e-03 to 6.4728647170787757e-03 seconds.
Warning: Simulation tolerance relaxed to achieve convergence from 6.4728647170787757e-03 to 6.4728647170787862e-03 seconds.
Warning: Simulation tolerance relaxed to achieve convergence from 6.4728657785733702e-03 to 6.4728657785733806e-03 seconds.
Warning: Simulation tolerance relaxed to achieve convergence from 6.4728657793976909e-03 to 6.4728657793977013e-03 seconds.
Warning: Simulation tolerance relaxed to achieve convergence from 6.4728658756693742e-03 to 6.4728658756693846e-03 seconds.
Warning: Simulation tolerance relaxed to achieve convergence from 6.4728658757087169e-03 to 6.4728658757087273e-03 seconds.
Warning: Simulation tolerance relaxed to achieve convergence from 6.4878848375681366e-03 to 6.4878848375681470e-03 seconds.
Warning: Simulation tolerance relaxed to achieve convergence from 6.4878848375681669e-03 to 6.4878848375681773e-03 seconds.
Warning: Simulation tolerance relaxed to achieve convergence from 6.4878848424791908e-03 to 6.4878848424792012e-03 seconds.
Warning: Simulation tolerance relaxed to achieve convergence from 6.4878848424792012e-03 to 6.4878848424792116e-03 seconds.
Warning: Simulation tolerance relaxed to achieve convergence from 6.4878848424818917e-03 to 6.4878848424819021e-03 seconds.
Warning: Simulation tolerance relaxed to achieve convergence from 6.4878848424820825e-03 to 6.4878848424820930e-03 seconds.
Warning: Simulation tolerance relaxed to achieve convergence from 6.4878856832093707e-03 to 6.4878856832093811e-03 seconds.
Warning: Simulation tolerance relaxed to achieve convergence from 6.4878856832094010e-03 to 6.4878856832094114e-03 seconds.
Warning: Simulation tolerance relaxed to achieve convergence from 6.4878856832094826e-03 to 6.4878856832094930e-03 seconds.
Warning: Simulation tolerance relaxed to achieve convergence from 6.4878856832094930e-03 to 6.4878856832095034e-03 seconds.
Warning: Simulation tolerance relaxed to achieve convergence from 6.4878856832096430e-03 to 6.4878856832096534e-03 seconds.
Warning: Simulation tolerance relaxed to achieve convergence from 6.4878857243036714e-03 to 6.4878857243036818e-03 seconds.
Warning: Simulation tolerance relaxed to achieve convergence from 6.4878857252661437e-03 to 6.4878857252661541e-03 seconds.
Warning: Simulation tolerance relaxed to achieve convergence from 6.4878857300503792e-03 to 6.4878857300503896e-03 seconds.
Warning: Simulation tolerance relaxed to achieve convergence from 6.4953690449732985e-03 to 6.4953690449733089e-03 seconds.
Warning: Simulation tolerance relaxed to achieve convergence from 6.4953690463423596e-03 to 6.4953690463423700e-03 seconds.
Warning: Simulation tolerance relaxed to achieve convergence from 6.4953693911324710e-03 to 6.4953693911324814e-03 seconds.
Warning: Simulation tolerance relaxed to achieve convergence from 6.5028560755833716e-03 to 6.5028560755833820e-03 seconds.
Warning: Simulation tolerance relaxed to achieve convergence from 6.5028560967353667e-03 to 6.5028560967353771e-03 seconds.
Warning: Simulation tolerance relaxed to achieve convergence from 6.5103551119335534e-03 to 6.5103551119335638e-03 seconds.
Warning: Simulation tolerance relaxed to achieve convergence from 6.5178060344553371e-03 to 6.5178060344553475e-03 seconds.
Warning: Simulation tolerance relaxed to achieve convergence from 6.5178065330031010e-03 to 6.5178065330031114e-03 seconds.
Warning: Simulation tolerance relaxed to achieve convergence from 6.5178065330120322e-03 to 6.5178065330120426e-03 seconds.
Warning: Simulation tolerance relaxed to achieve convergence from 6.5178065330122829e-03 to 6.5178065330122933e-03 seconds.
Warning: Simulation tolerance relaxed to achieve convergence from 6.5178065330122933e-03 to 6.5178065330123037e-03 seconds.
Warning: Simulation tolerance relaxed to achieve convergence from 6.5178065333136685e-03 to 6.5178065333136789e-03 seconds.
Warning: Simulation tolerance relaxed to achieve convergence from 6.5253685360392461e-03 to 6.5253685360392565e-03 seconds.
Warning: Simulation tolerance relaxed to achieve convergence from 6.5253695504703954e-03 to 6.5253695504704059e-03 seconds.
Warning: Simulation tolerance relaxed to achieve convergence from 6.5403302809392272e-03 to 6.5403302809392376e-03 seconds.
Warning: Simulation tolerance relaxed to achieve convergence from 6.5403302809560679e-03 to 6.5403302809560783e-03 seconds.
Warning: Simulation tolerance relaxed to achieve convergence from 6.5403319931263875e-03 to 6.5403319931263979e-03 seconds.
Warning: Simulation tolerance relaxed to achieve convergence from 6.5403319931268871e-03 to 6.5403319931268975e-03 seconds.
Warning: Simulation tolerance relaxed to achieve convergence from 6.5478699256418431e-03 to 6.5478699256418535e-03 seconds.
Warning: Simulation tolerance relaxed to achieve convergence from 6.5478704448840505e-03 to 6.5478704448840609e-03 seconds.
Warning: Simulation tolerance relaxed to achieve convergence from 6.5553903314376095e-03 to 6.5553903314376199e-03 seconds.
Warning: Simulation tolerance relaxed to achieve convergence from 6.5553903314712302e-03 to 6.5553903314712406e-03 seconds.
Warning: Simulation tolerance relaxed to achieve convergence from 6.5553903314712510e-03 to 6.5553903314712614e-03 seconds.
Warning: Simulation tolerance relaxed to achieve convergence from 6.5553903908441803e-03 to 6.5553903908441907e-03 seconds.
Warning: Simulation tolerance relaxed to achieve convergence from 6.5553903910039683e-03 to 6.5553903910039787e-03 seconds.
Warning: Simulation tolerance relaxed to achieve convergence from 6.5628915290671455e-03 to 6.5628915290671559e-03 seconds.
Warning: Simulation tolerance relaxed to achieve convergence from 6.5628915290674951e-03 to 6.5628915290675055e-03 seconds.
Warning: Simulation tolerance relaxed to achieve convergence from 6.5628915447958347e-03 to 6.5628915447958451e-03 seconds.
Warning: Simulation tolerance relaxed to achieve convergence from 6.5628917137535679e-03 to 6.5628917137535783e-03 seconds.
Warning: Simulation tolerance relaxed to achieve convergence from 6.5628917137535887e-03 to 6.5628917137535991e-03 seconds.
Warning: Simulation tolerance relaxed to achieve convergence from 6.5628917137535991e-03 to 6.5628917137536096e-03 seconds.
Warning: Simulation tolerance relaxed to achieve convergence from 6.5628917137536096e-03 to 6.5628917137536200e-03 seconds.
Warning: Simulation tolerance relaxed to achieve convergence from 6.5703652771459502e-03 to 6.5703652771459606e-03 seconds.
Warning: Simulation tolerance relaxed to achieve convergence from 6.5703704355649850e-03 to 6.5703704355649954e-03 seconds.
Warning: Simulation tolerance relaxed to achieve convergence from 6.5853704429958207e-03 to 6.5853704429958311e-03 seconds.
Warning: Simulation tolerance relaxed to achieve convergence from 6.5853714385053575e-03 to 6.5853714385053679e-03 seconds.
Warning: Simulation tolerance relaxed to achieve convergence from 6.5853714385053982e-03 to 6.5853714385054087e-03 seconds.
Warning: Simulation tolerance relaxed to achieve convergence from 6.5853714385054087e-03 to 6.5853714385054191e-03 seconds.
Warning: Simulation tolerance relaxed to achieve convergence from 6.5853714385054191e-03 to 6.5853714385054295e-03 seconds.
Warning: Simulation tolerance relaxed to achieve convergence from 6.5853714385054295e-03 to 6.5853714385054399e-03 seconds.
Warning: Simulation tolerance relaxed to achieve convergence from 6.5853714385154380e-03 to 6.5853714385154484e-03 seconds.
Warning: Simulation tolerance relaxed to achieve convergence from 6.5853716086024094e-03 to 6.5853716086024198e-03 seconds.
Warning: Simulation tolerance relaxed to achieve convergence from 6.5853716406802359e-03 to 6.5853716406802463e-03 seconds.
Warning: Simulation tolerance relaxed to achieve convergence from 6.6003660995180881e-03 to 6.6003660995180985e-03 seconds.
Warning: Simulation tolerance relaxed to achieve convergence from 6.6153683001850642e-03 to 6.6153683001850747e-03 seconds.
Warning: Simulation tolerance relaxed to achieve convergence from 6.6153683001851449e-03 to 6.6153683001851553e-03 seconds.
Warning: Simulation tolerance relaxed to achieve convergence from 6.6153692468508872e-03 to 6.6153692468508976e-03 seconds.
Warning: Simulation tolerance relaxed to achieve convergence from 6.6153692470337011e-03 to 6.6153692470337115e-03 seconds.
Warning: Simulation tolerance relaxed to achieve convergence from 6.6153692470370014e-03 to 6.6153692470370118e-03 seconds.
Warning: Simulation tolerance relaxed to achieve convergence from 6.6153692693793629e-03 to 6.6153692693793733e-03 seconds.
Warning: Simulation tolerance relaxed to achieve convergence from 6.6303111190773147e-03 to 6.6303111190773251e-03 seconds.
Warning: Simulation tolerance relaxed to achieve convergence from 6.6303111217811900e-03 to 6.6303111217812004e-03 seconds.
Warning: Simulation tolerance relaxed to achieve convergence from 6.6303111517116370e-03 to 6.6303111517116474e-03 seconds.
Warning: Simulation tolerance relaxed to achieve convergence from 6.6303111577557007e-03 to 6.6303111577557111e-03 seconds.
Warning: Simulation tolerance relaxed to achieve convergence from 6.6303111577584017e-03 to 6.6303111577584121e-03 seconds.
Warning: Simulation tolerance relaxed to achieve convergence from 6.6303111633106938e-03 to 6.6303111633107042e-03 seconds.
Warning: Simulation tolerance relaxed to achieve convergence from 6.6378679821319283e-03 to 6.6378679821319387e-03 seconds.
Warning: Simulation tolerance relaxed to achieve convergence from 6.6378681576298596e-03 to 6.6378681576298700e-03 seconds.
Warning: Simulation tolerance relaxed to achieve convergence from 6.6378681584252979e-03 to 6.6378681584253084e-03 seconds.
Warning: Simulation tolerance relaxed to achieve convergence from 6.6378685070645248e-03 to 6.6378685070645352e-03 seconds.
Warning: Simulation tolerance relaxed to achieve convergence from 6.6378685070645951e-03 to 6.6378685070646055e-03 seconds.
Warning: Simulation tolerance relaxed to achieve convergence from 6.6378685070647651e-03 to 6.6378685070647755e-03 seconds.
Warning: Simulation tolerance relaxed to achieve convergence from 6.6378685697828519e-03 to 6.6378685697828623e-03 seconds.
Warning: Simulation tolerance relaxed to achieve convergence from 6.6378685697828623e-03 to 6.6378685697828727e-03 seconds.
Warning: Simulation tolerance relaxed to achieve convergence from 6.6378685735311114e-03 to 6.6378685735311218e-03 seconds.
Warning: Simulation tolerance relaxed to achieve convergence from 6.6378685736677131e-03 to 6.6378685736677235e-03 seconds.
Warning: Simulation tolerance relaxed to achieve convergence from 6.6528289035049310e-03 to 6.6528289035049414e-03 seconds.
Warning: Simulation tolerance relaxed to achieve convergence from 6.6528289039750515e-03 to 6.6528289039750619e-03 seconds.
Warning: Simulation tolerance relaxed to achieve convergence from 6.6528291834662724e-03 to 6.6528291834662828e-03 seconds.
Warning: Simulation tolerance relaxed to achieve convergence from 6.6528291834664034e-03 to 6.6528291834664138e-03 seconds.
Warning: Simulation tolerance relaxed to achieve convergence from 6.6678603159378005e-03 to 6.6678603159378109e-03 seconds.
Warning: Simulation tolerance relaxed to achieve convergence from 6.6903015929096078e-03 to 6.6903015929096182e-03 seconds.
Warning: Simulation tolerance relaxed to achieve convergence from 6.6903016134421695e-03 to 6.6903016134421799e-03 seconds.
Warning: Simulation tolerance relaxed to achieve convergence from 6.6903016134445782e-03 to 6.6903016134445886e-03 seconds.
Warning: Simulation tolerance relaxed to achieve convergence from 6.6903022268221700e-03 to 6.6903022268221804e-03 seconds.
Warning: Simulation tolerance relaxed to achieve convergence from 6.6903022268224414e-03 to 6.6903022268224518e-03 seconds.
Warning: Simulation tolerance relaxed to achieve convergence from 6.6903022268224727e-03 to 6.6903022268224831e-03 seconds.
Warning: Simulation tolerance relaxed to achieve convergence from 6.6903022268224831e-03 to 6.6903022268224935e-03 seconds.
Warning: Simulation tolerance relaxed to achieve convergence from 6.6903022268224935e-03 to 6.6903022268225039e-03 seconds.
Warning: Simulation tolerance relaxed to achieve convergence from 6.6903022268225039e-03 to 6.6903022268225143e-03 seconds.
Warning: Simulation tolerance relaxed to achieve convergence from 6.6903022268225143e-03 to 6.6903022268225247e-03 seconds.
Warning: Simulation tolerance relaxed to achieve convergence from 6.6903022268225247e-03 to 6.6903022268225351e-03 seconds.
Warning: Simulation tolerance relaxed to achieve convergence from 6.6936072588159113e-03 to 6.6936072588159217e-03 seconds.
Warning: Simulation tolerance relaxed to achieve convergence from 6.6936073218991808e-03 to 6.6936073218991912e-03 seconds.
Warning: Simulation tolerance relaxed to achieve convergence from 6.7011517045284684e-03 to 6.7011517045284788e-03 seconds.
Warning: Simulation tolerance relaxed to achieve convergence from 6.7086491314781935e-03 to 6.7086491314782039e-03 seconds.
Warning: Simulation tolerance relaxed to achieve convergence from 6.7128849795716527e-03 to 6.7128849795716631e-03 seconds.
Warning: Simulation tolerance relaxed to achieve convergence from 6.7128849796966239e-03 to 6.7128849796966343e-03 seconds.
Warning: Simulation tolerance relaxed to achieve convergence from 6.7128849913501189e-03 to 6.7128849913501293e-03 seconds.
Warning: Simulation tolerance relaxed to achieve convergence from 6.7128850054110180e-03 to 6.7128850054110284e-03 seconds.
Warning: Simulation tolerance relaxed to achieve convergence from 6.7128850054110284e-03 to 6.7128850054110388e-03 seconds.
Warning: Simulation tolerance relaxed to achieve convergence from 6.7128858824455490e-03 to 6.7128858824455594e-03 seconds.
Warning: Simulation tolerance relaxed to achieve convergence from 6.7203508749315603e-03 to 6.7203508749315707e-03 seconds.
Warning: Simulation tolerance relaxed to achieve convergence from 6.7203508749315907e-03 to 6.7203508749316011e-03 seconds.
Warning: Simulation tolerance relaxed to achieve convergence from 6.7428630673447591e-03 to 6.7428630673447695e-03 seconds.
Warning: Simulation tolerance relaxed to achieve convergence from 6.7578680483554475e-03 to 6.7578680483554579e-03 seconds.
Warning: Simulation tolerance relaxed to achieve convergence from 6.7578680483818101e-03 to 6.7578680483818205e-03 seconds.
Warning: Simulation tolerance relaxed to achieve convergence from 6.7578680483820200e-03 to 6.7578680483820304e-03 seconds.
Warning: Simulation tolerance relaxed to achieve convergence from 6.7578684352311734e-03 to 6.7578684352311838e-03 seconds.
Warning: Simulation tolerance relaxed to achieve convergence from 6.7578685048535012e-03 to 6.7578685048535116e-03 seconds.
Warning: Simulation tolerance relaxed to achieve convergence from 6.7578685048535619e-03 to 6.7578685048535724e-03 seconds.
Warning: Simulation tolerance relaxed to achieve convergence from 6.7578685048536027e-03 to 6.7578685048536131e-03 seconds.
Warning: Simulation tolerance relaxed to achieve convergence from 6.7578685048536435e-03 to 6.7578685048536539e-03 seconds.
Warning: Simulation tolerance relaxed to achieve convergence from 6.7653709224975789e-03 to 6.7653709224975893e-03 seconds.
Warning: Simulation tolerance relaxed to achieve convergence from 6.7653709434183952e-03 to 6.7653709434184056e-03 seconds.
Warning: Simulation tolerance relaxed to achieve convergence from 6.7653709434184655e-03 to 6.7653709434184759e-03 seconds.
Warning: Simulation tolerance relaxed to achieve convergence from 6.7728313100585526e-03 to 6.7728313100585630e-03 seconds.
Warning: Simulation tolerance relaxed to achieve convergence from 6.7803364585669610e-03 to 6.7803364585669714e-03 seconds.
Warning: Simulation tolerance relaxed to achieve convergence from 6.7803364585671015e-03 to 6.7803364585671119e-03 seconds.
Warning: Simulation tolerance relaxed to achieve convergence from 6.7803366535502708e-03 to 6.7803366535502813e-03 seconds.
Warning: Simulation tolerance relaxed to achieve convergence from 6.7803366962938851e-03 to 6.7803366962938955e-03 seconds.
Warning: Simulation tolerance relaxed to achieve convergence from 6.7803366962939657e-03 to 6.7803366962939761e-03 seconds.
Warning: Simulation tolerance relaxed to achieve convergence from 6.7803366962939761e-03 to 6.7803366962939865e-03 seconds.
Warning: Simulation tolerance relaxed to achieve convergence from 6.7803366962939865e-03 to 6.7803366962939969e-03 seconds.
Warning: Simulation tolerance relaxed to achieve convergence from 6.7803366962939969e-03 to 6.7803366962940073e-03 seconds.
Warning: Simulation tolerance relaxed to achieve convergence from 6.7803366962940073e-03 to 6.7803366962940178e-03 seconds.
Warning: Simulation tolerance relaxed to achieve convergence from 6.7803366962940178e-03 to 6.7803366962940282e-03 seconds.
Warning: Simulation tolerance relaxed to achieve convergence from 6.7803366962940282e-03 to 6.7803366962940386e-03 seconds.
Warning: Simulation tolerance relaxed to achieve convergence from 6.7803366962940386e-03 to 6.7803366962940490e-03 seconds.
Warning: Simulation tolerance relaxed to achieve convergence from 6.7803366962940490e-03 to 6.7803366962940594e-03 seconds.
Warning: Simulation tolerance relaxed to achieve convergence from 6.7803366962940594e-03 to 6.7803366962940698e-03 seconds.
Warning: Simulation tolerance relaxed to achieve convergence from 6.7803366962940698e-03 to 6.7803366962940802e-03 seconds.
Warning: Simulation tolerance relaxed to achieve convergence from 6.7803366962941505e-03 to 6.7803366962941609e-03 seconds.
Warning: Simulation tolerance relaxed to achieve convergence from 6.7803366962941609e-03 to 6.7803366962941713e-03 seconds.
Warning: Simulation tolerance relaxed to achieve convergence from 6.7803366962941713e-03 to 6.7803366962941817e-03 seconds.
Warning: Simulation tolerance relaxed to achieve convergence from 6.7803366962941817e-03 to 6.7803366962941921e-03 seconds.
Warning: Simulation tolerance relaxed to achieve convergence from 6.7878341274521525e-03 to 6.7878341274521629e-03 seconds.
Warning: Simulation tolerance relaxed to achieve convergence from 6.7878341274687035e-03 to 6.7878341274687139e-03 seconds.
Warning: Simulation tolerance relaxed to achieve convergence from 6.7986317027088532e-03 to 6.7986317027088636e-03 seconds.
Warning: Simulation tolerance relaxed to achieve convergence from 6.7986317027119523e-03 to 6.7986317027119627e-03 seconds.
Warning: Simulation tolerance relaxed to achieve convergence from 6.8028662569335190e-03 to 6.8028662569335294e-03 seconds.
Warning: Simulation tolerance relaxed to achieve convergence from 6.8028662576451486e-03 to 6.8028662576451590e-03 seconds.
Warning: Simulation tolerance relaxed to achieve convergence from 6.8028663028885565e-03 to 6.8028663028885670e-03 seconds.
Warning: Simulation tolerance relaxed to achieve convergence from 6.8028663028885774e-03 to 6.8028663028885878e-03 seconds.
Warning: Simulation tolerance relaxed to achieve convergence from 6.8028663028885878e-03 to 6.8028663028885982e-03 seconds.
Warning: Simulation tolerance relaxed to achieve convergence from 6.8103407100581397e-03 to 6.8103407100581501e-03 seconds.
Warning: Simulation tolerance relaxed to achieve convergence from 6.8103408584099835e-03 to 6.8103408584099939e-03 seconds.
Warning: Simulation tolerance relaxed to achieve convergence from 6.8103408584099939e-03 to 6.8103408584100043e-03 seconds.
Warning: Simulation tolerance relaxed to achieve convergence from 6.8178359625449591e-03 to 6.8178359625449695e-03 seconds.
Warning: Simulation tolerance relaxed to achieve convergence from 6.8178359625450102e-03 to 6.8178359625450206e-03 seconds.
Warning: Simulation tolerance relaxed to achieve convergence from 6.8178359625943943e-03 to 6.8178359625944047e-03 seconds.
Warning: Simulation tolerance relaxed to achieve convergence from 6.8178359627169751e-03 to 6.8178359627169855e-03 seconds.
Warning: Simulation tolerance relaxed to achieve convergence from 6.8178367325049723e-03 to 6.8178367325049827e-03 seconds.
Warning: Simulation tolerance relaxed to achieve convergence from 6.8178367325049827e-03 to 6.8178367325049932e-03 seconds.
Warning: Simulation tolerance relaxed to achieve convergence from 6.8178367325050244e-03 to 6.8178367325050348e-03 seconds.
Warning: Simulation tolerance relaxed to achieve convergence from 6.8178367325052447e-03 to 6.8178367325052551e-03 seconds.
Warning: Simulation tolerance relaxed to achieve convergence from 6.8178367325146946e-03 to 6.8178367325147050e-03 seconds.
Warning: Simulation tolerance relaxed to achieve convergence from 6.8253126729576367e-03 to 6.8253126729576471e-03 seconds.
Warning: Simulation tolerance relaxed to achieve convergence from 6.8328500789723613e-03 to 6.8328500789723717e-03 seconds.
Warning: Simulation tolerance relaxed to achieve convergence from 6.8328501785251440e-03 to 6.8328501785251544e-03 seconds.
Warning: Simulation tolerance relaxed to achieve convergence from 6.8328501785251544e-03 to 6.8328501785251648e-03 seconds.
Warning: Simulation tolerance relaxed to achieve convergence from 6.8328501785251648e-03 to 6.8328501785251752e-03 seconds.
Warning: Simulation tolerance relaxed to achieve convergence from 6.8328501785360849e-03 to 6.8328501785360953e-03 seconds.
Warning: Simulation tolerance relaxed to achieve convergence from 6.8328501785361656e-03 to 6.8328501785361760e-03 seconds.
Warning: Simulation tolerance relaxed to achieve convergence from 6.8328501785363364e-03 to 6.8328501785363469e-03 seconds.
Warning: Simulation tolerance relaxed to achieve convergence from 6.8328501785363972e-03 to 6.8328501785364076e-03 seconds.
Warning: Simulation tolerance relaxed to achieve convergence from 6.8328501786399255e-03 to 6.8328501786399359e-03 seconds.
Warning: Simulation tolerance relaxed to achieve convergence from 6.8328501787918326e-03 to 6.8328501787918430e-03 seconds.
Warning: Simulation tolerance relaxed to achieve convergence from 6.8328502597754907e-03 to 6.8328502597755011e-03 seconds.
Warning: Simulation tolerance relaxed to achieve convergence from 6.8328502597756408e-03 to 6.8328502597756512e-03 seconds.
Warning: Simulation tolerance relaxed to achieve convergence from 6.8328502597769618e-03 to 6.8328502597769722e-03 seconds.
Warning: Simulation tolerance relaxed to achieve convergence from 6.8328502680915278e-03 to 6.8328502680915382e-03 seconds.
Warning: Simulation tolerance relaxed to achieve convergence from 6.8328505873665249e-03 to 6.8328505873665353e-03 seconds.
Warning: Simulation tolerance relaxed to achieve convergence from 6.8328505873665353e-03 to 6.8328505873665457e-03 seconds.
Warning: Simulation tolerance relaxed to achieve convergence from 6.8328505975346829e-03 to 6.8328505975346933e-03 seconds.
Warning: Simulation tolerance relaxed to achieve convergence from 6.8328505975348139e-03 to 6.8328505975348243e-03 seconds.
Warning: Simulation tolerance relaxed to achieve convergence from 6.8328505975352441e-03 to 6.8328505975352545e-03 seconds.
Warning: Simulation tolerance relaxed to achieve convergence from 6.8328506423083355e-03 to 6.8328506423083460e-03 seconds.
Warning: Simulation tolerance relaxed to achieve convergence from 6.8328506629765362e-03 to 6.8328506629765466e-03 seconds.
Warning: Simulation tolerance relaxed to achieve convergence from 6.8328506629767062e-03 to 6.8328506629767166e-03 seconds.
Warning: Simulation tolerance relaxed to achieve convergence from 6.8328506643630851e-03 to 6.8328506643630955e-03 seconds.
Warning: Simulation tolerance relaxed to achieve convergence from 6.8328506643630955e-03 to 6.8328506643631059e-03 seconds.
Warning: Simulation tolerance relaxed to achieve convergence from 6.8328506643631362e-03 to 6.8328506643631466e-03 seconds.
Warning: Simulation tolerance relaxed to achieve convergence from 6.8328506643631466e-03 to 6.8328506643631571e-03 seconds.
Warning: Simulation tolerance relaxed to achieve convergence from 6.8328506645722424e-03 to 6.8328506645722528e-03 seconds.
Warning: Simulation tolerance relaxed to achieve convergence from 6.8403669861293098e-03 to 6.8403669861293202e-03 seconds.
Warning: Simulation tolerance relaxed to achieve convergence from 6.8403670115777240e-03 to 6.8403670115777344e-03 seconds.
Warning: Simulation tolerance relaxed to achieve convergence from 6.8478659820537984e-03 to 6.8478659820538088e-03 seconds.
Warning: Simulation tolerance relaxed to achieve convergence from 6.8478659820538192e-03 to 6.8478659820538296e-03 seconds.
Warning: Simulation tolerance relaxed to achieve convergence from 6.8478659820539692e-03 to 6.8478659820539797e-03 seconds.
Warning: Simulation tolerance relaxed to achieve convergence from 6.8478668152028412e-03 to 6.8478668152028516e-03 seconds.
Warning: Simulation tolerance relaxed to achieve convergence from 6.8478668152287380e-03 to 6.8478668152287484e-03 seconds.
Warning: Simulation tolerance relaxed to achieve convergence from 6.8478668152287796e-03 to 6.8478668152287901e-03 seconds.
Warning: Simulation tolerance relaxed to achieve convergence from 6.8478668153049062e-03 to 6.8478668153049167e-03 seconds.
Warning: Simulation tolerance relaxed to achieve convergence from 6.8478668153049375e-03 to 6.8478668153049479e-03 seconds.
Warning: Simulation tolerance relaxed to achieve convergence from 6.8778360110659980e-03 to 6.8778360110660084e-03 seconds.
Warning: Simulation tolerance relaxed to achieve convergence from 6.8778360110660387e-03 to 6.8778360110660491e-03 seconds.
Warning: Simulation tolerance relaxed to achieve convergence from 6.8853363003268143e-03 to 6.8853363003268248e-03 seconds.
Warning: Simulation tolerance relaxed to achieve convergence from 6.8853363003269765e-03 to 6.8853363003269870e-03 seconds.
Warning: Simulation tolerance relaxed to achieve convergence from 6.8928005070907263e-03 to 6.8928005070907367e-03 seconds.
Warning: Simulation tolerance relaxed to achieve convergence from 6.9078290733911498e-03 to 6.9078290733911602e-03 seconds.
Warning: Simulation tolerance relaxed to achieve convergence from 6.9078299588523247e-03 to 6.9078299588523351e-03 seconds.
Warning: Simulation tolerance relaxed to achieve convergence from 6.9153208401502983e-03 to 6.9153208401503087e-03 seconds.
Warning: Simulation tolerance relaxed to achieve convergence from 6.9228626033632119e-03 to 6.9228626033632223e-03 seconds.
Warning: Simulation tolerance relaxed to achieve convergence from 6.9303488149193579e-03 to 6.9303488149193683e-03 seconds.
Warning: Simulation tolerance relaxed to achieve convergence from 6.9303498433047218e-03 to 6.9303498433047322e-03 seconds.
Warning: Simulation tolerance relaxed to achieve convergence from 6.9303506339430665e-03 to 6.9303506339430769e-03 seconds.
Warning: Simulation tolerance relaxed to achieve convergence from 6.9303506343132053e-03 to 6.9303506343132157e-03 seconds.
Warning: Simulation tolerance relaxed to achieve convergence from 6.9303506343133762e-03 to 6.9303506343133866e-03 seconds.
Warning: Simulation tolerance relaxed to achieve convergence from 6.9303506346815938e-03 to 6.9303506346816042e-03 seconds.
Warning: Simulation tolerance relaxed to achieve convergence from 6.9378263209811403e-03 to 6.9378263209811507e-03 seconds.
Warning: Simulation tolerance relaxed to achieve convergence from 6.9453550532981257e-03 to 6.9453550532981361e-03 seconds.
Warning: Simulation tolerance relaxed to achieve convergence from 6.9453550532982671e-03 to 6.9453550532982775e-03 seconds.
Warning: Simulation tolerance relaxed to achieve convergence from 6.9528173078793123e-03 to 6.9528173078793228e-03 seconds.
Warning: Simulation tolerance relaxed to achieve convergence from 6.9528173078793228e-03 to 6.9528173078793332e-03 seconds.
Warning: Simulation tolerance relaxed to achieve convergence from 6.9528173078793332e-03 to 6.9528173078793436e-03 seconds.
Warning: Simulation tolerance relaxed to achieve convergence from 6.9528173078793436e-03 to 6.9528173078793540e-03 seconds.
Warning: Simulation tolerance relaxed to achieve convergence from 6.9528173277826396e-03 to 6.9528173277826500e-03 seconds.
Warning: Simulation tolerance relaxed to achieve convergence from 6.9603694016081947e-03 to 6.9603694016082051e-03 seconds.
Warning: Simulation tolerance relaxed to achieve convergence from 6.9603694016105843e-03 to 6.9603694016105947e-03 seconds.
Warning: Simulation tolerance relaxed to achieve convergence from 6.9603694016106155e-03 to 6.9603694016106259e-03 seconds.
Warning: Simulation tolerance relaxed to achieve convergence from 6.9603694016106259e-03 to 6.9603694016106363e-03 seconds.
Warning: Simulation tolerance relaxed to achieve convergence from 6.9753660257014759e-03 to 6.9753660257014863e-03 seconds.
Warning: Simulation tolerance relaxed to achieve convergence from 6.9753661245182483e-03 to 6.9753661245182588e-03 seconds.
Warning: Simulation tolerance relaxed to achieve convergence from 6.9753661245182787e-03 to 6.9753661245182891e-03 seconds.
Warning: Simulation tolerance relaxed to achieve convergence from 6.9753661245341488e-03 to 6.9753661245341592e-03 seconds.
Warning: Simulation tolerance relaxed to achieve convergence from 6.9753665915285182e-03 to 6.9753665915285286e-03 seconds.
Warning: Simulation tolerance relaxed to achieve convergence from 6.9753665915285989e-03 to 6.9753665915286093e-03 seconds.
Warning: Simulation tolerance relaxed to achieve convergence from 6.9753666027707840e-03 to 6.9753666027707944e-03 seconds.
Warning: Simulation tolerance relaxed to achieve convergence from 6.9753666027708551e-03 to 6.9753666027708655e-03 seconds.
Warning: Simulation tolerance relaxed to achieve convergence from 6.9753666027708864e-03 to 6.9753666027708968e-03 seconds.
Warning: Simulation tolerance relaxed to achieve convergence from 6.9753666027710564e-03 to 6.9753666027710668e-03 seconds.
Warning: Simulation tolerance relaxed to achieve convergence from 6.9753666027710971e-03 to 6.9753666027711075e-03 seconds.
Warning: Simulation tolerance relaxed to achieve convergence from 6.9753666098941172e-03 to 6.9753666098941276e-03 seconds.
Warning: Simulation tolerance relaxed to achieve convergence from 6.9903329713607958e-03 to 6.9903329713608062e-03 seconds.
Warning: Simulation tolerance relaxed to achieve convergence from 6.9903331649035748e-03 to 6.9903331649035852e-03 seconds.
Warning: Simulation tolerance relaxed to achieve convergence from 6.9978239974303538e-03 to 6.9978239974303642e-03 seconds.
Warning: Simulation tolerance relaxed to achieve convergence from 6.9978240039684433e-03 to 6.9978240039684537e-03 seconds.
Warning: Simulation tolerance relaxed to achieve convergence from 6.9978240039684537e-03 to 6.9978240039684642e-03 seconds.
Warning: Simulation tolerance relaxed to achieve convergence from 6.9978240039685058e-03 to 6.9978240039685162e-03 seconds.
Warning: Simulation tolerance relaxed to achieve convergence from 6.9978240039685370e-03 to 6.9978240039685474e-03 seconds.
Warning: Simulation tolerance relaxed to achieve convergence from 6.9978240039685474e-03 to 6.9978240039685578e-03 seconds.
Warning: Simulation tolerance relaxed to achieve convergence from 7.0011679482760584e-03 to 7.0011679482760688e-03 seconds.
Warning: Simulation tolerance relaxed to achieve convergence from 7.0053417253866579e-03 to 7.0053417253866683e-03 seconds.
Warning: Simulation tolerance relaxed to achieve convergence from 7.0128197347299488e-03 to 7.0128197347299592e-03 seconds.
Warning: Simulation tolerance relaxed to achieve convergence from 7.0128197360767985e-03 to 7.0128197360768089e-03 seconds.
Warning: Simulation tolerance relaxed to achieve convergence from 7.0128199712253614e-03 to 7.0128199712253718e-03 seconds.
Warning: Simulation tolerance relaxed to achieve convergence from 7.0128205038158687e-03 to 7.0128205038158791e-03 seconds.
Warning: Simulation tolerance relaxed to achieve convergence from 7.0203384749249493e-03 to 7.0203384749249597e-03 seconds.
Warning: Simulation tolerance relaxed to achieve convergence from 7.0278792032042190e-03 to 7.0278792032042294e-03 seconds.
Warning: Simulation tolerance relaxed to achieve convergence from 7.0278792032042493e-03 to 7.0278792032042597e-03 seconds.
Warning: Simulation tolerance relaxed to achieve convergence from 7.0278792032046310e-03 to 7.0278792032046414e-03 seconds.
Warning: Simulation tolerance relaxed to achieve convergence from 7.0278792032056128e-03 to 7.0278792032056232e-03 seconds.
Warning: Simulation tolerance relaxed to achieve convergence from 7.0278795204946464e-03 to 7.0278795204946568e-03 seconds.
Warning: Simulation tolerance relaxed to achieve convergence from 7.0278795204949170e-03 to 7.0278795204949274e-03 seconds.
Warning: Simulation tolerance relaxed to achieve convergence from 7.0278795278359051e-03 to 7.0278795278359155e-03 seconds.
Warning: Simulation tolerance relaxed to achieve convergence from 7.0278796783626637e-03 to 7.0278796783626741e-03 seconds.
Warning: Simulation tolerance relaxed to achieve convergence from 7.0278796784088967e-03 to 7.0278796784089071e-03 seconds.
Warning: Simulation tolerance relaxed to achieve convergence from 7.0278796784171383e-03 to 7.0278796784171487e-03 seconds.
Warning: Simulation tolerance relaxed to achieve convergence from 7.0278796784171687e-03 to 7.0278796784171791e-03 seconds.
Warning: Simulation tolerance relaxed to achieve convergence from 7.0311824356151477e-03 to 7.0311824356151581e-03 seconds.
Warning: Simulation tolerance relaxed to achieve convergence from 7.0503182050762536e-03 to 7.0503182050762640e-03 seconds.
Warning: Simulation tolerance relaxed to achieve convergence from 7.0503182050762640e-03 to 7.0503182050762744e-03 seconds.
Warning: Simulation tolerance relaxed to achieve convergence from 7.0503182050763447e-03 to 7.0503182050763551e-03 seconds.
Warning: Simulation tolerance relaxed to achieve convergence from 7.0653655570046339e-03 to 7.0653655570046443e-03 seconds.
Warning: Simulation tolerance relaxed to achieve convergence from 7.0653655570313409e-03 to 7.0653655570313513e-03 seconds.
Warning: Simulation tolerance relaxed to achieve convergence from 7.0653664279676561e-03 to 7.0653664279676665e-03 seconds.
Warning: Simulation tolerance relaxed to achieve convergence from 7.0728410702109584e-03 to 7.0728410702109688e-03 seconds.
Warning: Simulation tolerance relaxed to achieve convergence from 7.0728410909357562e-03 to 7.0728410909357666e-03 seconds.
Warning: Simulation tolerance relaxed to achieve convergence from 7.0728411267047967e-03 to 7.0728411267048071e-03 seconds.
Warning: Simulation tolerance relaxed to achieve convergence from 7.0728411267048270e-03 to 7.0728411267048374e-03 seconds.
Warning: Simulation tolerance relaxed to achieve convergence from 7.0728411267048678e-03 to 7.0728411267048782e-03 seconds.
Warning: Simulation tolerance relaxed to achieve convergence from 7.0728419185133130e-03 to 7.0728419185133234e-03 seconds.
Warning: Simulation tolerance relaxed to achieve convergence from 7.0803110057515665e-03 to 7.0803110057515769e-03 seconds.
Warning: Simulation tolerance relaxed to achieve convergence from 7.0803110057516975e-03 to 7.0803110057517079e-03 seconds.
Warning: Simulation tolerance relaxed to achieve convergence from 7.0878904392395661e-03 to 7.0878904392395765e-03 seconds.
Warning: Simulation tolerance relaxed to achieve convergence from 7.0878904392395964e-03 to 7.0878904392396068e-03 seconds.
Warning: Simulation tolerance relaxed to achieve convergence from 7.0878904392398167e-03 to 7.0878904392398271e-03 seconds.
Warning: Simulation tolerance relaxed to achieve convergence from 7.0878904434912224e-03 to 7.0878904434912328e-03 seconds.
Warning: Simulation tolerance relaxed to achieve convergence from 7.0953583714989431e-03 to 7.0953583714989535e-03 seconds.
Warning: Simulation tolerance relaxed to achieve convergence from 7.0953587055916896e-03 to 7.0953587055917000e-03 seconds.
Warning: Simulation tolerance relaxed to achieve convergence from 7.0953591189469060e-03 to 7.0953591189469164e-03 seconds.
Warning: Simulation tolerance relaxed to achieve convergence from 7.1028673049009202e-03 to 7.1028673049009306e-03 seconds.
Warning: Simulation tolerance relaxed to achieve convergence from 7.1028675282590803e-03 to 7.1028675282590907e-03 seconds.
Warning: Simulation tolerance relaxed to achieve convergence from 7.1028675282592503e-03 to 7.1028675282592607e-03 seconds.
Warning: Simulation tolerance relaxed to achieve convergence from 7.1028675282592607e-03 to 7.1028675282592711e-03 seconds.
Warning: Simulation tolerance relaxed to achieve convergence from 7.1028675282592711e-03 to 7.1028675282592815e-03 seconds.
Warning: Simulation tolerance relaxed to achieve convergence from 7.1028675282593413e-03 to 7.1028675282593517e-03 seconds.
Warning: Simulation tolerance relaxed to achieve convergence from 7.1028675282593517e-03 to 7.1028675282593622e-03 seconds.
Warning: Simulation tolerance relaxed to achieve convergence from 7.1103227017543496e-03 to 7.1103227017543600e-03 seconds.
Warning: Simulation tolerance relaxed to achieve convergence from 7.1103235179306896e-03 to 7.1103235179307001e-03 seconds.
Warning: Simulation tolerance relaxed to achieve convergence from 7.1103235285497239e-03 to 7.1103235285497344e-03 seconds.
Warning: Simulation tolerance relaxed to achieve convergence from 7.1103235290191046e-03 to 7.1103235290191150e-03 seconds.
Warning: Simulation tolerance relaxed to achieve convergence from 7.1103241014407624e-03 to 7.1103241014407728e-03 seconds.
Warning: Simulation tolerance relaxed to achieve convergence from 7.1253665742570136e-03 to 7.1253665742570240e-03 seconds.
Warning: Simulation tolerance relaxed to achieve convergence from 7.1253665742824265e-03 to 7.1253665742824369e-03 seconds.
Warning: Simulation tolerance relaxed to achieve convergence from 7.1253665743878933e-03 to 7.1253665743879037e-03 seconds.
Warning: Simulation tolerance relaxed to achieve convergence from 7.1253669850646194e-03 to 7.1253669850646299e-03 seconds.
Warning: Simulation tolerance relaxed to achieve convergence from 7.1328587036526862e-03 to 7.1328587036526966e-03 seconds.
Warning: Simulation tolerance relaxed to achieve convergence from 7.1403689515366310e-03 to 7.1403689515366414e-03 seconds.
Warning: Simulation tolerance relaxed to achieve convergence from 7.1403689516014090e-03 to 7.1403689516014194e-03 seconds.
Warning: Simulation tolerance relaxed to achieve convergence from 7.1403689516014793e-03 to 7.1403689516014897e-03 seconds.
Warning: Simulation tolerance relaxed to achieve convergence from 7.1403689546782178e-03 to 7.1403689546782282e-03 seconds.
Warning: Simulation tolerance relaxed to achieve convergence from 7.1478235297426120e-03 to 7.1478235297426224e-03 seconds.
Warning: Simulation tolerance relaxed to achieve convergence from 7.1478235297426926e-03 to 7.1478235297427030e-03 seconds.
Warning: Simulation tolerance relaxed to achieve convergence from 7.1478235297634130e-03 to 7.1478235297634234e-03 seconds.
Warning: Simulation tolerance relaxed to achieve convergence from 7.1478235297634841e-03 to 7.1478235297634946e-03 seconds.
Warning: Simulation tolerance relaxed to achieve convergence from 7.1478235297639846e-03 to 7.1478235297639950e-03 seconds.
Warning: Simulation tolerance relaxed to achieve convergence from 7.1478235301945603e-03 to 7.1478235301945707e-03 seconds.
Warning: Simulation tolerance relaxed to achieve convergence from 7.1478235302235666e-03 to 7.1478235302235770e-03 seconds.
Warning: Simulation tolerance relaxed to achieve convergence from 7.1478235302457876e-03 to 7.1478235302457980e-03 seconds.
Warning: Simulation tolerance relaxed to achieve convergence from 7.1478235302489578e-03 to 7.1478235302489682e-03 seconds.
Warning: Simulation tolerance relaxed to achieve convergence from 7.1478235302489881e-03 to 7.1478235302489986e-03 seconds.
Warning: Simulation tolerance relaxed to achieve convergence from 7.1478237694700027e-03 to 7.1478237694700131e-03 seconds.
Warning: Simulation tolerance relaxed to achieve convergence from 7.1478239316108147e-03 to 7.1478239316108251e-03 seconds.
Warning: Simulation tolerance relaxed to achieve convergence from 7.1478241250270084e-03 to 7.1478241250270188e-03 seconds.
Warning: Simulation tolerance relaxed to achieve convergence from 7.1478241250270188e-03 to 7.1478241250270292e-03 seconds.
Warning: Simulation tolerance relaxed to achieve convergence from 7.1478241250271194e-03 to 7.1478241250271298e-03 seconds.
Warning: Simulation tolerance relaxed to achieve convergence from 7.1478241250271298e-03 to 7.1478241250271402e-03 seconds.
Warning: Simulation tolerance relaxed to achieve convergence from 7.1478243552372820e-03 to 7.1478243552372924e-03 seconds.
Warning: Simulation tolerance relaxed to achieve convergence from 7.1478243552372924e-03 to 7.1478243552373028e-03 seconds.
Warning: Simulation tolerance relaxed to achieve convergence from 7.1511171363910272e-03 to 7.1511171363910376e-03 seconds.
Warning: Simulation tolerance relaxed to achieve convergence from 7.1553397646268915e-03 to 7.1553397646269019e-03 seconds.
Warning: Simulation tolerance relaxed to achieve convergence from 7.1553397646285004e-03 to 7.1553397646285108e-03 seconds.
Warning: Simulation tolerance relaxed to achieve convergence from 7.1553397646288404e-03 to 7.1553397646288508e-03 seconds.
Warning: Simulation tolerance relaxed to achieve convergence from 7.1628796729092756e-03 to 7.1628796729092861e-03 seconds.
Warning: Simulation tolerance relaxed to achieve convergence from 7.1736532624323956e-03 to 7.1736532624324060e-03 seconds.
Warning: Simulation tolerance relaxed to achieve convergence from 7.1778346006690936e-03 to 7.1778346006691040e-03 seconds.
Warning: Simulation tolerance relaxed to achieve convergence from 7.1778346028933491e-03 to 7.1778346028933595e-03 seconds.
Warning: Simulation tolerance relaxed to achieve convergence from 7.1778346028934193e-03 to 7.1778346028934297e-03 seconds.
Warning: Simulation tolerance relaxed to achieve convergence from 7.1853226037502218e-03 to 7.1853226037502322e-03 seconds.
Warning: Simulation tolerance relaxed to achieve convergence from 7.1853226638851318e-03 to 7.1853226638851422e-03 seconds.
Warning: Simulation tolerance relaxed to achieve convergence from 7.1853226638853417e-03 to 7.1853226638853521e-03 seconds.
Warning: Simulation tolerance relaxed to achieve convergence from 7.1853226638855820e-03 to 7.1853226638855924e-03 seconds.
Warning: Simulation tolerance relaxed to achieve convergence from 7.1853226639209226e-03 to 7.1853226639209331e-03 seconds.
Warning: Simulation tolerance relaxed to achieve convergence from 7.1853226639209331e-03 to 7.1853226639209435e-03 seconds.
Warning: Simulation tolerance relaxed to achieve convergence from 7.1853226639209435e-03 to 7.1853226639209539e-03 seconds.
Warning: Simulation tolerance relaxed to achieve convergence from 7.1853226639209539e-03 to 7.1853226639209643e-03 seconds.
Warning: Simulation tolerance relaxed to achieve convergence from 7.1928220930133130e-03 to 7.1928220930133234e-03 seconds.
Warning: Simulation tolerance relaxed to achieve convergence from 7.1928221055423481e-03 to 7.1928221055423585e-03 seconds.
Warning: Simulation tolerance relaxed to achieve convergence from 7.1928224338063725e-03 to 7.1928224338063829e-03 seconds.
Warning: Simulation tolerance relaxed to achieve convergence from 7.1928224338063829e-03 to 7.1928224338063933e-03 seconds.
Warning: Simulation tolerance relaxed to achieve convergence from 7.1928224338063933e-03 to 7.1928224338064038e-03 seconds.
Warning: Simulation tolerance relaxed to achieve convergence from 7.1928224338064038e-03 to 7.1928224338064142e-03 seconds.
Warning: Simulation tolerance relaxed to achieve convergence from 7.2003236081365808e-03 to 7.2003236081365912e-03 seconds.
Warning: Simulation tolerance relaxed to achieve convergence from 7.2003236081366216e-03 to 7.2003236081366320e-03 seconds.
Warning: Simulation tolerance relaxed to achieve convergence from 7.2003236463055393e-03 to 7.2003236463055497e-03 seconds.
Warning: Simulation tolerance relaxed to achieve convergence from 7.2003236463097685e-03 to 7.2003236463097789e-03 seconds.
Warning: Simulation tolerance relaxed to achieve convergence from 7.2003236468357306e-03 to 7.2003236468357410e-03 seconds.
Warning: Simulation tolerance relaxed to achieve convergence from 7.2003242681510293e-03 to 7.2003242681510397e-03 seconds.
Warning: Simulation tolerance relaxed to achieve convergence from 7.2003242681510597e-03 to 7.2003242681510701e-03 seconds.
Warning: Simulation tolerance relaxed to achieve convergence from 7.2003242685099523e-03 to 7.2003242685099627e-03 seconds.
Warning: Simulation tolerance relaxed to achieve convergence from 7.2003242685099627e-03 to 7.2003242685099731e-03 seconds.
Warning: Simulation tolerance relaxed to achieve convergence from 7.2003242685099731e-03 to 7.2003242685099835e-03 seconds.
Warning: Simulation tolerance relaxed to achieve convergence from 7.2003242685099835e-03 to 7.2003242685099939e-03 seconds.
Warning: Simulation tolerance relaxed to achieve convergence from 7.2003242800025543e-03 to 7.2003242800025647e-03 seconds.
Warning: Simulation tolerance relaxed to achieve convergence from 7.2003242800025846e-03 to 7.2003242800025950e-03 seconds.
Warning: Simulation tolerance relaxed to achieve convergence from 7.2003242800025950e-03 to 7.2003242800026054e-03 seconds.
Warning: Simulation tolerance relaxed to achieve convergence from 7.2003242800026054e-03 to 7.2003242800026158e-03 seconds.
Warning: Simulation tolerance relaxed to achieve convergence from 7.2003242800026158e-03 to 7.2003242800026263e-03 seconds.
Warning: Simulation tolerance relaxed to achieve convergence from 7.2003242918133939e-03 to 7.2003242918134043e-03 seconds.
Warning: Simulation tolerance relaxed to achieve convergence from 7.2078229711332866e-03 to 7.2078229711332971e-03 seconds.
Warning: Simulation tolerance relaxed to achieve convergence from 7.2078229757361898e-03 to 7.2078229757362002e-03 seconds.
Warning: Simulation tolerance relaxed to achieve convergence from 7.2153501298338188e-03 to 7.2153501298338292e-03 seconds.
Warning: Simulation tolerance relaxed to achieve convergence from 7.2153504524742201e-03 to 7.2153504524742305e-03 seconds.
Warning: Simulation tolerance relaxed to achieve convergence from 7.2153506404315114e-03 to 7.2153506404315218e-03 seconds.
Warning: Simulation tolerance relaxed to achieve convergence from 7.2228554975905107e-03 to 7.2228554975905211e-03 seconds.
Warning: Simulation tolerance relaxed to achieve convergence from 7.2228554991427872e-03 to 7.2228554991427977e-03 seconds.
Warning: Simulation tolerance relaxed to achieve convergence from 7.2228556802570497e-03 to 7.2228556802570601e-03 seconds.
Warning: Simulation tolerance relaxed to achieve convergence from 7.2228557296450590e-03 to 7.2228557296450694e-03 seconds.
Warning: Simulation tolerance relaxed to achieve convergence from 7.2228557296450694e-03 to 7.2228557296450798e-03 seconds.
Warning: Simulation tolerance relaxed to achieve convergence from 7.2228557296451701e-03 to 7.2228557296451805e-03 seconds.
Warning: Simulation tolerance relaxed to achieve convergence from 7.2228565984728465e-03 to 7.2228565984728569e-03 seconds.
Warning: Simulation tolerance relaxed to achieve convergence from 7.2228566095024500e-03 to 7.2228566095024604e-03 seconds.
Warning: Simulation tolerance relaxed to achieve convergence from 7.2228566095024803e-03 to 7.2228566095024907e-03 seconds.
Warning: Simulation tolerance relaxed to achieve convergence from 7.2228566096108997e-03 to 7.2228566096109101e-03 seconds.
Warning: Simulation tolerance relaxed to achieve convergence from 7.2228566102811075e-03 to 7.2228566102811179e-03 seconds.
Warning: Simulation tolerance relaxed to achieve convergence from 7.2228566102811179e-03 to 7.2228566102811283e-03 seconds.
Warning: Simulation tolerance relaxed to achieve convergence from 7.2303595322297824e-03 to 7.2303595322297928e-03 seconds.
Warning: Simulation tolerance relaxed to achieve convergence from 7.2303595322297928e-03 to 7.2303595322298032e-03 seconds.
Warning: Simulation tolerance relaxed to achieve convergence from 7.2378913849006502e-03 to 7.2378913849006606e-03 seconds.
Warning: Simulation tolerance relaxed to achieve convergence from 7.2486271705862158e-03 to 7.2486271705862262e-03 seconds.
Warning: Simulation tolerance relaxed to achieve convergence from 7.2486271716529008e-03 to 7.2486271716529112e-03 seconds.
Warning: Simulation tolerance relaxed to achieve convergence from 7.2486271736615883e-03 to 7.2486271736615987e-03 seconds.
Warning: Simulation tolerance relaxed to achieve convergence from 7.2528715276403474e-03 to 7.2528715276403578e-03 seconds.
Warning: Simulation tolerance relaxed to achieve convergence from 7.2678408653012389e-03 to 7.2678408653012493e-03 seconds.
Warning: Simulation tolerance relaxed to achieve convergence from 7.2678408653013794e-03 to 7.2678408653013898e-03 seconds.
Warning: Simulation tolerance relaxed to achieve convergence from 7.2678408655780140e-03 to 7.2678408655780244e-03 seconds.
Warning: Simulation tolerance relaxed to achieve convergence from 7.2678408655780348e-03 to 7.2678408655780452e-03 seconds.
Warning: Simulation tolerance relaxed to achieve convergence from 7.2678408655854239e-03 to 7.2678408655854343e-03 seconds.
Warning: Simulation tolerance relaxed to achieve convergence from 7.2678408663367691e-03 to 7.2678408663367795e-03 seconds.
Warning: Simulation tolerance relaxed to achieve convergence from 7.2678412155020604e-03 to 7.2678412155020708e-03 seconds.
Warning: Simulation tolerance relaxed to achieve convergence from 7.2678412155021610e-03 to 7.2678412155021714e-03 seconds.
Warning: Simulation tolerance relaxed to achieve convergence from 7.2678412218345713e-03 to 7.2678412218345817e-03 seconds.
Warning: Simulation tolerance relaxed to achieve convergence from 7.2828106251579894e-03 to 7.2828106251579998e-03 seconds.
Warning: Simulation tolerance relaxed to achieve convergence from 7.2828106260518569e-03 to 7.2828106260518673e-03 seconds.
Warning: Simulation tolerance relaxed to achieve convergence from 7.2828106507672316e-03 to 7.2828106507672420e-03 seconds.
Warning: Simulation tolerance relaxed to achieve convergence from 7.2828106511281894e-03 to 7.2828106511281998e-03 seconds.
Warning: Simulation tolerance relaxed to achieve convergence from 7.2903670665091557e-03 to 7.2903670665091661e-03 seconds.
Warning: Simulation tolerance relaxed to achieve convergence from 7.2903670665091661e-03 to 7.2903670665091765e-03 seconds.
Warning: Simulation tolerance relaxed to achieve convergence from 7.2978562862246344e-03 to 7.2978562862246448e-03 seconds.
Warning: Simulation tolerance relaxed to achieve convergence from 7.3011888992062270e-03 to 7.3011888992062374e-03 seconds.
Warning: Simulation tolerance relaxed to achieve convergence from 7.3053263161572818e-03 to 7.3053263161572922e-03 seconds.
Warning: Simulation tolerance relaxed to achieve convergence from 7.3053265456570317e-03 to 7.3053265456570421e-03 seconds.
Warning: Simulation tolerance relaxed to achieve convergence from 7.3053265456882220e-03 to 7.3053265456882325e-03 seconds.
Warning: Simulation tolerance relaxed to achieve convergence from 7.3203665202214389e-03 to 7.3203665202214493e-03 seconds.
Warning: Simulation tolerance relaxed to achieve convergence from 7.3611200647895189e-03 to 7.3611200647895293e-03 seconds.
Warning: Simulation tolerance relaxed to achieve convergence from 7.3611200789880970e-03 to 7.3611200789881074e-03 seconds.
Warning: Simulation tolerance relaxed to achieve convergence from 7.3611202843968104e-03 to 7.3611202843968208e-03 seconds.
Warning: Simulation tolerance relaxed to achieve convergence from 7.3611202850910650e-03 to 7.3611202850910754e-03 seconds.
Warning: Simulation tolerance relaxed to achieve convergence from 7.3653187606903406e-03 to 7.3653187606903510e-03 seconds.
Warning: Simulation tolerance relaxed to achieve convergence from 7.3653187924518490e-03 to 7.3653187924518594e-03 seconds.
Warning: Simulation tolerance relaxed to achieve convergence from 7.3728499024273159e-03 to 7.3728499024273263e-03 seconds.
Warning: Simulation tolerance relaxed to achieve convergence from 7.3728499024273367e-03 to 7.3728499024273472e-03 seconds.
Warning: Simulation tolerance relaxed to achieve convergence from 7.3803600802757000e-03 to 7.3803600802757104e-03 seconds.
Warning: Simulation tolerance relaxed to achieve convergence from 7.3803600802757304e-03 to 7.3803600802757408e-03 seconds.
Warning: Simulation tolerance relaxed to achieve convergence from 7.3878234075966890e-03 to 7.3878234075966994e-03 seconds.
Warning: Simulation tolerance relaxed to achieve convergence from 7.3878234075966994e-03 to 7.3878234075967098e-03 seconds.
Warning: Simulation tolerance relaxed to achieve convergence from 7.3878234075967098e-03 to 7.3878234075967202e-03 seconds.
Warning: Simulation tolerance relaxed to achieve convergence from 7.3878234075967202e-03 to 7.3878234075967306e-03 seconds.
Warning: Simulation tolerance relaxed to achieve convergence from 7.3878234102268594e-03 to 7.3878234102268698e-03 seconds.
Warning: Simulation tolerance relaxed to achieve convergence from 7.3953524442246458e-03 to 7.3953524442246562e-03 seconds.
Warning: Simulation tolerance relaxed to achieve convergence from 7.3953546780152653e-03 to 7.3953546780152757e-03 seconds.
Warning: Simulation tolerance relaxed to achieve convergence from 7.3953548101885020e-03 to 7.3953548101885124e-03 seconds.
Warning: Simulation tolerance relaxed to achieve convergence from 7.3953548101885324e-03 to 7.3953548101885428e-03 seconds.
Warning: Simulation tolerance relaxed to achieve convergence from 7.3953548101885836e-03 to 7.3953548101885940e-03 seconds.
Warning: Simulation tolerance relaxed to achieve convergence from 7.3953548101885940e-03 to 7.3953548101886044e-03 seconds.
Warning: Simulation tolerance relaxed to achieve convergence from 7.4028721023534109e-03 to 7.4028721023534213e-03 seconds.
Warning: Simulation tolerance relaxed to achieve convergence from 7.4028721037948135e-03 to 7.4028721037948239e-03 seconds.
Warning: Simulation tolerance relaxed to achieve convergence from 7.4028721037948239e-03 to 7.4028721037948343e-03 seconds.
Warning: Simulation tolerance relaxed to achieve convergence from 7.4028729557277448e-03 to 7.4028729557277552e-03 seconds.
Warning: Simulation tolerance relaxed to achieve convergence from 7.4028730693562854e-03 to 7.4028730693562958e-03 seconds.
Warning: Simulation tolerance relaxed to achieve convergence from 7.4028730693563565e-03 to 7.4028730693563669e-03 seconds.
Warning: Simulation tolerance relaxed to achieve convergence from 7.4028730693564571e-03 to 7.4028730693564675e-03 seconds.
Warning: Simulation tolerance relaxed to achieve convergence from 7.4028730693576558e-03 to 7.4028730693576662e-03 seconds.
Warning: Simulation tolerance relaxed to achieve convergence from 7.4028730695324388e-03 to 7.4028730695324492e-03 seconds.
Warning: Simulation tolerance relaxed to achieve convergence from 7.4028730695324995e-03 to 7.4028730695325099e-03 seconds.
Warning: Simulation tolerance relaxed to achieve convergence from 7.4028730695337693e-03 to 7.4028730695337797e-03 seconds.
Warning: Simulation tolerance relaxed to achieve convergence from 7.4028731390098036e-03 to 7.4028731390098140e-03 seconds.
Warning: Simulation tolerance relaxed to achieve convergence from 7.4028731392523934e-03 to 7.4028731392524038e-03 seconds.
Warning: Simulation tolerance relaxed to achieve convergence from 7.4028736409833731e-03 to 7.4028736409833835e-03 seconds.
Warning: Simulation tolerance relaxed to achieve convergence from 7.4028736409838137e-03 to 7.4028736409838241e-03 seconds.
Warning: Simulation tolerance relaxed to achieve convergence from 7.4028736409838241e-03 to 7.4028736409838345e-03 seconds.
Warning: Simulation tolerance relaxed to achieve convergence from 7.4028736409840644e-03 to 7.4028736409840748e-03 seconds.
Warning: Simulation tolerance relaxed to achieve convergence from 7.4028736486849963e-03 to 7.4028736486850067e-03 seconds.
Warning: Simulation tolerance relaxed to achieve convergence from 7.4028736486857162e-03 to 7.4028736486857266e-03 seconds.
Warning: Simulation tolerance relaxed to achieve convergence from 7.4028736906050878e-03 to 7.4028736906050982e-03 seconds.
Warning: Simulation tolerance relaxed to achieve convergence from 7.4028737031525335e-03 to 7.4028737031525439e-03 seconds.
Warning: Simulation tolerance relaxed to achieve convergence from 7.4028737031527443e-03 to 7.4028737031527547e-03 seconds.
Warning: Simulation tolerance relaxed to achieve convergence from 7.4028737037403949e-03 to 7.4028737037404053e-03 seconds.
Warning: Simulation tolerance relaxed to achieve convergence from 7.4028737037404053e-03 to 7.4028737037404157e-03 seconds.
Warning: Simulation tolerance relaxed to achieve convergence from 7.4028737037404157e-03 to 7.4028737037404261e-03 seconds.
Warning: Simulation tolerance relaxed to achieve convergence from 7.4061589058084260e-03 to 7.4061589058084364e-03 seconds.
Warning: Simulation tolerance relaxed to achieve convergence from 7.4103226235285513e-03 to 7.4103226235285617e-03 seconds.
Warning: Simulation tolerance relaxed to achieve convergence from 7.4103226235286120e-03 to 7.4103226235286224e-03 seconds.
Warning: Simulation tolerance relaxed to achieve convergence from 7.4178510830347410e-03 to 7.4178510830347514e-03 seconds.
Warning: Simulation tolerance relaxed to achieve convergence from 7.4253406920851564e-03 to 7.4253406920851668e-03 seconds.
Warning: Simulation tolerance relaxed to achieve convergence from 7.4253411960740834e-03 to 7.4253411960740938e-03 seconds.
Warning: Simulation tolerance relaxed to achieve convergence from 7.4328339431342207e-03 to 7.4328339431342311e-03 seconds.
Warning: Simulation tolerance relaxed to achieve convergence from 7.4328339431451599e-03 to 7.4328339431451703e-03 seconds.
Warning: Simulation tolerance relaxed to achieve convergence from 7.4403244047544477e-03 to 7.4403244047544581e-03 seconds.
Warning: Simulation tolerance relaxed to achieve convergence from 7.4403244047544581e-03 to 7.4403244047544686e-03 seconds.
Warning: Simulation tolerance relaxed to achieve convergence from 7.4478496731450426e-03 to 7.4478496731450530e-03 seconds.
Warning: Simulation tolerance relaxed to achieve convergence from 7.4478496731450730e-03 to 7.4478496731450834e-03 seconds.
Warning: Simulation tolerance relaxed to achieve convergence from 7.4478498312623700e-03 to 7.4478498312623804e-03 seconds.
Warning: Simulation tolerance relaxed to achieve convergence from 7.4478498312624116e-03 to 7.4478498312624221e-03 seconds.
Warning: Simulation tolerance relaxed to achieve convergence from 7.4478498312624221e-03 to 7.4478498312624325e-03 seconds.
Warning: Simulation tolerance relaxed to achieve convergence from 7.4478502816707195e-03 to 7.4478502816707299e-03 seconds.
Warning: Simulation tolerance relaxed to achieve convergence from 7.4478504678159819e-03 to 7.4478504678159923e-03 seconds.
Warning: Simulation tolerance relaxed to achieve convergence from 7.4478504678233007e-03 to 7.4478504678233111e-03 seconds.
Warning: Simulation tolerance relaxed to achieve convergence from 7.4478504678233111e-03 to 7.4478504678233215e-03 seconds.
Warning: Simulation tolerance relaxed to achieve convergence from 7.4478504686124334e-03 to 7.4478504686124438e-03 seconds.
Warning: Simulation tolerance relaxed to achieve convergence from 7.4478504686126034e-03 to 7.4478504686126138e-03 seconds.
Warning: Simulation tolerance relaxed to achieve convergence from 7.4553196831375042e-03 to 7.4553196831375146e-03 seconds.
Warning: Simulation tolerance relaxed to achieve convergence from 7.4553196832342601e-03 to 7.4553196832342706e-03 seconds.
Warning: Simulation tolerance relaxed to achieve convergence from 7.4553196832343408e-03 to 7.4553196832343512e-03 seconds.
Warning: Simulation tolerance relaxed to achieve convergence from 7.4553196837956748e-03 to 7.4553196837956852e-03 seconds.
Warning: Simulation tolerance relaxed to achieve convergence from 7.4628651222124077e-03 to 7.4628651222124181e-03 seconds.
Warning: Simulation tolerance relaxed to achieve convergence from 7.4628653116543091e-03 to 7.4628653116543195e-03 seconds.
Warning: Simulation tolerance relaxed to achieve convergence from 7.4628653116543195e-03 to 7.4628653116543299e-03 seconds.
Warning: Simulation tolerance relaxed to achieve convergence from 7.4628653116957915e-03 to 7.4628653116958019e-03 seconds.
Warning: Simulation tolerance relaxed to achieve convergence from 7.4628653116958019e-03 to 7.4628653116958123e-03 seconds.
Warning: Simulation tolerance relaxed to achieve convergence from 7.4628653121164585e-03 to 7.4628653121164689e-03 seconds.
Warning: Simulation tolerance relaxed to achieve convergence from 7.4628655026797259e-03 to 7.4628655026797363e-03 seconds.
Warning: Simulation tolerance relaxed to achieve convergence from 7.4628655026801561e-03 to 7.4628655026801665e-03 seconds.
Warning: Simulation tolerance relaxed to achieve convergence from 7.4628655026832353e-03 to 7.4628655026832457e-03 seconds.
Warning: Simulation tolerance relaxed to achieve convergence from 7.4628655026838363e-03 to 7.4628655026838468e-03 seconds.
Warning: Simulation tolerance relaxed to achieve convergence from 7.4778603508966193e-03 to 7.4778603508966297e-03 seconds.
Warning: Simulation tolerance relaxed to achieve convergence from 7.4778603514657907e-03 to 7.4778603514658011e-03 seconds.
Warning: Simulation tolerance relaxed to achieve convergence from 7.4778607690724353e-03 to 7.4778607690724457e-03 seconds.
Warning: Simulation tolerance relaxed to achieve convergence from 7.4778607690724457e-03 to 7.4778607690724561e-03 seconds.
Warning: Simulation tolerance relaxed to achieve convergence from 7.4778607690724561e-03 to 7.4778607690724665e-03 seconds.
Warning: Simulation tolerance relaxed to achieve convergence from 7.4778607690727666e-03 to 7.4778607690727771e-03 seconds.
Warning: Simulation tolerance relaxed to achieve convergence from 7.4778607690728074e-03 to 7.4778607690728178e-03 seconds.
Warning: Simulation tolerance relaxed to achieve convergence from 7.4778610900697959e-03 to 7.4778610900698064e-03 seconds.
Warning: Simulation tolerance relaxed to achieve convergence from 7.4778610900698064e-03 to 7.4778610900698168e-03 seconds.
Warning: Simulation tolerance relaxed to achieve convergence from 7.4778610900699174e-03 to 7.4778610900699278e-03 seconds.
Warning: Simulation tolerance relaxed to achieve convergence from 7.5078853765213069e-03 to 7.5078853765213173e-03 seconds.
Warning: Simulation tolerance relaxed to achieve convergence from 7.5078858686472233e-03 to 7.5078858686472337e-03 seconds.
Warning: Simulation tolerance relaxed to achieve convergence from 7.5153726695569448e-03 to 7.5153726695569552e-03 seconds.
Warning: Simulation tolerance relaxed to achieve convergence from 7.5153731381748887e-03 to 7.5153731381748991e-03 seconds.
Warning: Simulation tolerance relaxed to achieve convergence from 7.5228523038788466e-03 to 7.5228523038788570e-03 seconds.
Warning: Simulation tolerance relaxed to achieve convergence from 7.5303322711937973e-03 to 7.5303322711938077e-03 seconds.
Warning: Simulation tolerance relaxed to achieve convergence from 7.5303322715912294e-03 to 7.5303322715912398e-03 seconds.
Warning: Simulation tolerance relaxed to achieve convergence from 7.5378183413960720e-03 to 7.5378183413960824e-03 seconds.
Warning: Simulation tolerance relaxed to achieve convergence from 7.5378183413971908e-03 to 7.5378183413972013e-03 seconds.
Warning: Simulation tolerance relaxed to achieve convergence from 7.5378198089508467e-03 to 7.5378198089508571e-03 seconds.
Warning: Simulation tolerance relaxed to achieve convergence from 7.5378205540923100e-03 to 7.5378205540923204e-03 seconds.
Warning: Simulation tolerance relaxed to achieve convergence from 7.5453430177382227e-03 to 7.5453430177382331e-03 seconds.
Warning: Simulation tolerance relaxed to achieve convergence from 7.5528431587480469e-03 to 7.5528431587480573e-03 seconds.
Warning: Simulation tolerance relaxed to achieve convergence from 7.5528431587480573e-03 to 7.5528431587480677e-03 seconds.
Warning: Simulation tolerance relaxed to achieve convergence from 7.5528431587480876e-03 to 7.5528431587480981e-03 seconds.
Warning: Simulation tolerance relaxed to achieve convergence from 7.5528431587481189e-03 to 7.5528431587481293e-03 seconds.
Warning: Simulation tolerance relaxed to achieve convergence from 7.5603542617550768e-03 to 7.5603542617550873e-03 seconds.
Warning: Simulation tolerance relaxed to achieve convergence from 7.5603543254604477e-03 to 7.5603543254604581e-03 seconds.
Warning: Simulation tolerance relaxed to achieve convergence from 7.5603545882481655e-03 to 7.5603545882481759e-03 seconds.
Warning: Simulation tolerance relaxed to achieve convergence from 7.5603550524681578e-03 to 7.5603550524681682e-03 seconds.
Warning: Simulation tolerance relaxed to achieve convergence from 7.5603550524681682e-03 to 7.5603550524681786e-03 seconds.
Warning: Simulation tolerance relaxed to achieve convergence from 7.5603550524681986e-03 to 7.5603550524682090e-03 seconds.
Warning: Simulation tolerance relaxed to achieve convergence from 7.5678641333923784e-03 to 7.5678641333923888e-03 seconds.
Warning: Simulation tolerance relaxed to achieve convergence from 7.5711673777785508e-03 to 7.5711673777785612e-03 seconds.
Warning: Simulation tolerance relaxed to achieve convergence from 7.5711676148100720e-03 to 7.5711676148100824e-03 seconds.
Warning: Simulation tolerance relaxed to achieve convergence from 7.5753352046171556e-03 to 7.5753352046171660e-03 seconds.
Warning: Simulation tolerance relaxed to achieve convergence from 7.5753356030424275e-03 to 7.5753356030424379e-03 seconds.
Warning: Simulation tolerance relaxed to achieve convergence from 7.5753356057166330e-03 to 7.5753356057166434e-03 seconds.
Warning: Simulation tolerance relaxed to achieve convergence from 7.5753364821458564e-03 to 7.5753364821458669e-03 seconds.
Warning: Simulation tolerance relaxed to achieve convergence from 7.5753364821628082e-03 to 7.5753364821628186e-03 seconds.
Warning: Simulation tolerance relaxed to achieve convergence from 7.5828185307091076e-03 to 7.5828185307091180e-03 seconds.
Warning: Simulation tolerance relaxed to achieve convergence from 7.5828193615526526e-03 to 7.5828193615526630e-03 seconds.
Warning: Simulation tolerance relaxed to achieve convergence from 7.5828193615527333e-03 to 7.5828193615527437e-03 seconds.
Warning: Simulation tolerance relaxed to achieve convergence from 7.5828193615528738e-03 to 7.5828193615528842e-03 seconds.
Warning: Simulation tolerance relaxed to achieve convergence from 7.5828193615528946e-03 to 7.5828193615529050e-03 seconds.
Warning: Simulation tolerance relaxed to achieve convergence from 7.5828193615529050e-03 to 7.5828193615529154e-03 seconds.
Warning: Simulation tolerance relaxed to achieve convergence from 7.5828193615529154e-03 to 7.5828193615529258e-03 seconds.
Warning: Simulation tolerance relaxed to achieve convergence from 7.5828193615529258e-03 to 7.5828193615529362e-03 seconds.
Warning: Simulation tolerance relaxed to achieve convergence from 7.5828193615529770e-03 to 7.5828193615529874e-03 seconds.
Warning: Simulation tolerance relaxed to achieve convergence from 7.5828193615529874e-03 to 7.5828193615529978e-03 seconds.
Warning: Simulation tolerance relaxed to achieve convergence from 7.5828193615700302e-03 to 7.5828193615700406e-03 seconds.
Warning: Simulation tolerance relaxed to achieve convergence from 7.5828193616638891e-03 to 7.5828193616638995e-03 seconds.
Warning: Simulation tolerance relaxed to achieve convergence from 7.5828195806219535e-03 to 7.5828195806219639e-03 seconds.
Warning: Simulation tolerance relaxed to achieve convergence from 7.5828195806223733e-03 to 7.5828195806223837e-03 seconds.
Warning: Simulation tolerance relaxed to achieve convergence from 7.5828196540892387e-03 to 7.5828196540892491e-03 seconds.
Warning: Simulation tolerance relaxed to achieve convergence from 7.5936060504587398e-03 to 7.5936060504587502e-03 seconds.
Warning: Simulation tolerance relaxed to achieve convergence from 7.5978710218889732e-03 to 7.5978710218889836e-03 seconds.
Warning: Simulation tolerance relaxed to achieve convergence from 7.5978710218892439e-03 to 7.5978710218892543e-03 seconds.
Warning: Simulation tolerance relaxed to achieve convergence from 7.5978726755929387e-03 to 7.5978726755929491e-03 seconds.
Warning: Simulation tolerance relaxed to achieve convergence from 7.6053658947209633e-03 to 7.6053658947209737e-03 seconds.
Warning: Simulation tolerance relaxed to achieve convergence from 7.6053658947212938e-03 to 7.6053658947213042e-03 seconds.
Warning: Simulation tolerance relaxed to achieve convergence from 7.6053658973867103e-03 to 7.6053658973867207e-03 seconds.
Warning: Simulation tolerance relaxed to achieve convergence from 7.6053658973869011e-03 to 7.6053658973869115e-03 seconds.
Warning: Simulation tolerance relaxed to achieve convergence from 7.6128418587880914e-03 to 7.6128418587881018e-03 seconds.
Warning: Simulation tolerance relaxed to achieve convergence from 7.6128418587881616e-03 to 7.6128418587881721e-03 seconds.
Warning: Simulation tolerance relaxed to achieve convergence from 7.6203156918116053e-03 to 7.6203156918116157e-03 seconds.
Warning: Simulation tolerance relaxed to achieve convergence from 7.6353690489285317e-03 to 7.6353690489285421e-03 seconds.
Warning: Simulation tolerance relaxed to achieve convergence from 7.6353691652096007e-03 to 7.6353691652096111e-03 seconds.
Warning: Simulation tolerance relaxed to achieve convergence from 7.6428798544735891e-03 to 7.6428798544735995e-03 seconds.
Warning: Simulation tolerance relaxed to achieve convergence from 7.6578427141378172e-03 to 7.6578427141378276e-03 seconds.
Warning: Simulation tolerance relaxed to achieve convergence from 7.6611534048732300e-03 to 7.6611534048732404e-03 seconds.
Warning: Simulation tolerance relaxed to achieve convergence from 7.6653857174077559e-03 to 7.6653857174077663e-03 seconds.
Warning: Simulation tolerance relaxed to achieve convergence from 7.6653857174077663e-03 to 7.6653857174077767e-03 seconds.
Warning: Simulation tolerance relaxed to achieve convergence from 7.6653857174078270e-03 to 7.6653857174078374e-03 seconds.
Warning: Simulation tolerance relaxed to achieve convergence from 7.6653866349455672e-03 to 7.6653866349455776e-03 seconds.
Warning: Simulation tolerance relaxed to achieve convergence from 7.6728398090987124e-03 to 7.6728398090987228e-03 seconds.
Warning: Simulation tolerance relaxed to achieve convergence from 7.6803558426034296e-03 to 7.6803558426034400e-03 seconds.
Warning: Simulation tolerance relaxed to achieve convergence from 7.6803558868842690e-03 to 7.6803558868842794e-03 seconds.
Warning: Simulation tolerance relaxed to achieve convergence from 7.6803560096845632e-03 to 7.6803560096845736e-03 seconds.
Warning: Simulation tolerance relaxed to achieve convergence from 7.6803560096846638e-03 to 7.6803560096846742e-03 seconds.
Warning: Simulation tolerance relaxed to achieve convergence from 7.6803560202308345e-03 to 7.6803560202308449e-03 seconds.
Warning: Simulation tolerance relaxed to achieve convergence from 7.6803560206192990e-03 to 7.6803560206193094e-03 seconds.
Warning: Simulation tolerance relaxed to achieve convergence from 7.6803560206197092e-03 to 7.6803560206197196e-03 seconds.
Warning: Simulation tolerance relaxed to achieve convergence from 7.6803560206197196e-03 to 7.6803560206197300e-03 seconds.
Warning: Simulation tolerance relaxed to achieve convergence from 7.6803560206197604e-03 to 7.6803560206197708e-03 seconds.
Warning: Simulation tolerance relaxed to achieve convergence from 7.6803560206197708e-03 to 7.6803560206197812e-03 seconds.
Warning: Simulation tolerance relaxed to achieve convergence from 7.6803560206197812e-03 to 7.6803560206197916e-03 seconds.
Warning: Simulation tolerance relaxed to achieve convergence from 7.6803560206198515e-03 to 7.6803560206198619e-03 seconds.
Warning: Simulation tolerance relaxed to achieve convergence from 7.6803560206303292e-03 to 7.6803560206303396e-03 seconds.
Warning: Simulation tolerance relaxed to achieve convergence from 7.6803560208089415e-03 to 7.6803560208089519e-03 seconds.
Warning: Simulation tolerance relaxed to achieve convergence from 7.6803560208089624e-03 to 7.6803560208089728e-03 seconds.
Warning: Simulation tolerance relaxed to achieve convergence from 7.6878245072258449e-03 to 7.6878245072258553e-03 seconds.
Warning: Simulation tolerance relaxed to achieve convergence from 7.6878245072259151e-03 to 7.6878245072259255e-03 seconds.
Warning: Simulation tolerance relaxed to achieve convergence from 7.6878245742575211e-03 to 7.6878245742575315e-03 seconds.
Warning: Simulation tolerance relaxed to achieve convergence from 7.6878245742575315e-03 to 7.6878245742575419e-03 seconds.
Warning: Simulation tolerance relaxed to achieve convergence from 7.6878245742575419e-03 to 7.6878245742575523e-03 seconds.
Warning: Simulation tolerance relaxed to achieve convergence from 7.7028676227020067e-03 to 7.7028676227020171e-03 seconds.
Warning: Simulation tolerance relaxed to achieve convergence from 7.7028676598479683e-03 to 7.7028676598479787e-03 seconds.
Warning: Simulation tolerance relaxed to achieve convergence from 7.7028676618760032e-03 to 7.7028676618760136e-03 seconds.
Warning: Simulation tolerance relaxed to achieve convergence from 7.7028676815688573e-03 to 7.7028676815688677e-03 seconds.
Warning: Simulation tolerance relaxed to achieve convergence from 7.7028676816163905e-03 to 7.7028676816164009e-03 seconds.
Warning: Simulation tolerance relaxed to achieve convergence from 7.7028676816486051e-03 to 7.7028676816486156e-03 seconds.
Warning: Simulation tolerance relaxed to achieve convergence from 7.7028676816486355e-03 to 7.7028676816486459e-03 seconds.
Warning: Simulation tolerance relaxed to achieve convergence from 7.7028676817879364e-03 to 7.7028676817879468e-03 seconds.
Warning: Simulation tolerance relaxed to achieve convergence from 7.7103708887000652e-03 to 7.7103708887000756e-03 seconds.
Warning: Simulation tolerance relaxed to achieve convergence from 7.7103710894859323e-03 to 7.7103710894859427e-03 seconds.
Warning: Simulation tolerance relaxed to achieve convergence from 7.7103710969447939e-03 to 7.7103710969448043e-03 seconds.
Warning: Simulation tolerance relaxed to achieve convergence from 7.7103712933779501e-03 to 7.7103712933779605e-03 seconds.
Warning: Simulation tolerance relaxed to achieve convergence from 7.7103713013002761e-03 to 7.7103713013002865e-03 seconds.
Warning: Simulation tolerance relaxed to achieve convergence from 7.7103713013003368e-03 to 7.7103713013003472e-03 seconds.
Warning: Simulation tolerance relaxed to achieve convergence from 7.7103713039674802e-03 to 7.7103713039674907e-03 seconds.
Warning: Simulation tolerance relaxed to achieve convergence from 7.7253421164603540e-03 to 7.7253421164603644e-03 seconds.
Warning: Simulation tolerance relaxed to achieve convergence from 7.7253421164603844e-03 to 7.7253421164603948e-03 seconds.
Warning: Simulation tolerance relaxed to achieve convergence from 7.7253421164603948e-03 to 7.7253421164604052e-03 seconds.
Warning: Simulation tolerance relaxed to achieve convergence from 7.7253421164972472e-03 to 7.7253421164972576e-03 seconds.
Warning: Simulation tolerance relaxed to achieve convergence from 7.7253421164972880e-03 to 7.7253421164972984e-03 seconds.
Warning: Simulation tolerance relaxed to achieve convergence from 7.7253421164972984e-03 to 7.7253421164973088e-03 seconds.
Warning: Simulation tolerance relaxed to achieve convergence from 7.7253421164973392e-03 to 7.7253421164973496e-03 seconds.
Warning: Simulation tolerance relaxed to achieve convergence from 7.7253421164978414e-03 to 7.7253421164978518e-03 seconds.
Warning: Simulation tolerance relaxed to achieve convergence from 7.7253421164978717e-03 to 7.7253421164978821e-03 seconds.
Warning: Simulation tolerance relaxed to achieve convergence from 7.7253427985739878e-03 to 7.7253427985739982e-03 seconds.
Warning: Simulation tolerance relaxed to achieve convergence from 7.7436275615961276e-03 to 7.7436275615961380e-03 seconds.
Warning: Simulation tolerance relaxed to achieve convergence from 7.7478261598213994e-03 to 7.7478261598214098e-03 seconds.
Warning: Simulation tolerance relaxed to achieve convergence from 7.7478261598214904e-03 to 7.7478261598215008e-03 seconds.
Warning: Simulation tolerance relaxed to achieve convergence from 7.7478380399214784e-03 to 7.7478380399214888e-03 seconds.
Warning: Simulation tolerance relaxed to achieve convergence from 7.7478380399214888e-03 to 7.7478380399214992e-03 seconds.
Warning: Simulation tolerance relaxed to achieve convergence from 7.7478387308038245e-03 to 7.7478387308038349e-03 seconds.
Warning: Simulation tolerance relaxed to achieve convergence from 7.7478387810827687e-03 to 7.7478387810827791e-03 seconds.
Warning: Simulation tolerance relaxed to achieve convergence from 7.7478387810829899e-03 to 7.7478387810830003e-03 seconds.
Warning: Simulation tolerance relaxed to achieve convergence from 7.7553401189993680e-03 to 7.7553401189993784e-03 seconds.
Warning: Simulation tolerance relaxed to achieve convergence from 7.7553401190208621e-03 to 7.7553401190208725e-03 seconds.
Warning: Simulation tolerance relaxed to achieve convergence from 7.7703643190725237e-03 to 7.7703643190725341e-03 seconds.
Warning: Simulation tolerance relaxed to achieve convergence from 7.7703652496796350e-03 to 7.7703652496796454e-03 seconds.
Warning: Simulation tolerance relaxed to achieve convergence from 7.7886503385804339e-03 to 7.7886503385804443e-03 seconds.
Warning: Simulation tolerance relaxed to achieve convergence from 7.7928847747824759e-03 to 7.7928847747824864e-03 seconds.
Warning: Simulation tolerance relaxed to achieve convergence from 7.8036395343966548e-03 to 7.8036395343966652e-03 seconds.
Warning: Simulation tolerance relaxed to achieve convergence from 7.8078716620936916e-03 to 7.8078716620937020e-03 seconds.
Warning: Simulation tolerance relaxed to achieve convergence from 7.8078716620937219e-03 to 7.8078716620937324e-03 seconds.
Warning: Simulation tolerance relaxed to achieve convergence from 7.8078716620937428e-03 to 7.8078716620937532e-03 seconds.
Warning: Simulation tolerance relaxed to achieve convergence from 7.8078716649453983e-03 to 7.8078716649454087e-03 seconds.
Warning: Simulation tolerance relaxed to achieve convergence from 7.8078716649454287e-03 to 7.8078716649454391e-03 seconds.
Warning: Simulation tolerance relaxed to achieve convergence from 7.8078717106564782e-03 to 7.8078717106564886e-03 seconds.
Warning: Simulation tolerance relaxed to achieve convergence from 7.8078718418610298e-03 to 7.8078718418610402e-03 seconds.
Warning: Simulation tolerance relaxed to achieve convergence from 7.8078718418611000e-03 to 7.8078718418611104e-03 seconds.
Warning: Simulation tolerance relaxed to achieve convergence from 7.8078718419113636e-03 to 7.8078718419113740e-03 seconds.
Warning: Simulation tolerance relaxed to achieve convergence from 7.8078718419140247e-03 to 7.8078718419140351e-03 seconds.
Warning: Simulation tolerance relaxed to achieve convergence from 7.8078718697744244e-03 to 7.8078718697744348e-03 seconds.
Warning: Simulation tolerance relaxed to achieve convergence from 7.8153849527848613e-03 to 7.8153849527848717e-03 seconds.
Warning: Simulation tolerance relaxed to achieve convergence from 7.8228391525223158e-03 to 7.8228391525223262e-03 seconds.
Warning: Simulation tolerance relaxed to achieve convergence from 7.8228391875374472e-03 to 7.8228391875374576e-03 seconds.
Warning: Simulation tolerance relaxed to achieve convergence from 7.8228392712785116e-03 to 7.8228392712785220e-03 seconds.
Warning: Simulation tolerance relaxed to achieve convergence from 7.8228393032597227e-03 to 7.8228393032597331e-03 seconds.
Warning: Simulation tolerance relaxed to achieve convergence from 7.8228393032597938e-03 to 7.8228393032598043e-03 seconds.
Warning: Simulation tolerance relaxed to achieve convergence from 7.8228393032598043e-03 to 7.8228393032598147e-03 seconds.
Warning: Simulation tolerance relaxed to achieve convergence from 7.8228393032598355e-03 to 7.8228393032598459e-03 seconds.
Warning: Simulation tolerance relaxed to achieve convergence from 7.8303329979041436e-03 to 7.8303329979041540e-03 seconds.
Warning: Simulation tolerance relaxed to achieve convergence from 7.8303329979042165e-03 to 7.8303329979042269e-03 seconds.
Warning: Simulation tolerance relaxed to achieve convergence from 7.8378596868354886e-03 to 7.8378596868354990e-03 seconds.
Warning: Simulation tolerance relaxed to achieve convergence from 7.8378596876603219e-03 to 7.8378596876603323e-03 seconds.
Warning: Simulation tolerance relaxed to achieve convergence from 7.8378603863486773e-03 to 7.8378603863486877e-03 seconds.
Warning: Simulation tolerance relaxed to achieve convergence from 7.8378603863486981e-03 to 7.8378603863487085e-03 seconds.
Warning: Simulation tolerance relaxed to achieve convergence from 7.8378603863487085e-03 to 7.8378603863487190e-03 seconds.
Warning: Simulation tolerance relaxed to achieve convergence from 7.8453156915333326e-03 to 7.8453156915333430e-03 seconds.
Warning: Simulation tolerance relaxed to achieve convergence from 7.8453156916006989e-03 to 7.8453156916007093e-03 seconds.
Warning: Simulation tolerance relaxed to achieve convergence from 7.8453156916007717e-03 to 7.8453156916007821e-03 seconds.
Warning: Simulation tolerance relaxed to achieve convergence from 7.8453156916256633e-03 to 7.8453156916256737e-03 seconds.
Warning: Simulation tolerance relaxed to achieve convergence from 7.8453156916256737e-03 to 7.8453156916256841e-03 seconds.
Warning: Simulation tolerance relaxed to achieve convergence from 7.8453156922697609e-03 to 7.8453156922697713e-03 seconds.
Warning: Simulation tolerance relaxed to achieve convergence from 7.8603390184012797e-03 to 7.8603390184012901e-03 seconds.
Warning: Simulation tolerance relaxed to achieve convergence from 7.8603390184013525e-03 to 7.8603390184013629e-03 seconds.
Warning: Simulation tolerance relaxed to achieve convergence from 7.8603390184013629e-03 to 7.8603390184013733e-03 seconds.
Warning: Simulation tolerance relaxed to achieve convergence from 7.8603390184018261e-03 to 7.8603390184018365e-03 seconds.
Warning: Simulation tolerance relaxed to achieve convergence from 7.8603390184018365e-03 to 7.8603390184018469e-03 seconds.
Warning: Simulation tolerance relaxed to achieve convergence from 7.8636412446027523e-03 to 7.8636412446027627e-03 seconds.
Warning: Simulation tolerance relaxed to achieve convergence from 7.8636413190868257e-03 to 7.8636413190868362e-03 seconds.
Warning: Simulation tolerance relaxed to achieve convergence from 7.8678132601909413e-03 to 7.8678132601909517e-03 seconds.
Warning: Simulation tolerance relaxed to achieve convergence from 7.8678132602258647e-03 to 7.8678132602258751e-03 seconds.
Warning: Simulation tolerance relaxed to achieve convergence from 7.8828205368962709e-03 to 7.8828205368962814e-03 seconds.
Warning: Simulation tolerance relaxed to achieve convergence from 7.8828205392867407e-03 to 7.8828205392867511e-03 seconds.
Warning: Simulation tolerance relaxed to achieve convergence from 7.8828205392868431e-03 to 7.8828205392868535e-03 seconds.
Warning: Simulation tolerance relaxed to achieve convergence from 7.8828205392919848e-03 to 7.8828205392919952e-03 seconds.
Warning: Simulation tolerance relaxed to achieve convergence from 7.8903597909051135e-03 to 7.8903597909051239e-03 seconds.
Warning: Simulation tolerance relaxed to achieve convergence from 7.8903597909051448e-03 to 7.8903597909051552e-03 seconds.
Warning: Simulation tolerance relaxed to achieve convergence from 7.8903597909295454e-03 to 7.8903597909295558e-03 seconds.
Warning: Simulation tolerance relaxed to achieve convergence from 7.8903598621292963e-03 to 7.8903598621293067e-03 seconds.
Warning: Simulation tolerance relaxed to achieve convergence from 7.8903598621295600e-03 to 7.8903598621295704e-03 seconds.
Warning: Simulation tolerance relaxed to achieve convergence from 7.8903600107548180e-03 to 7.8903600107548284e-03 seconds.
Warning: Simulation tolerance relaxed to achieve convergence from 7.8978348124362444e-03 to 7.8978348124362548e-03 seconds.
Warning: Simulation tolerance relaxed to achieve convergence from 7.8978348124362548e-03 to 7.8978348124362652e-03 seconds.
Warning: Simulation tolerance relaxed to achieve convergence from 7.8978348124366573e-03 to 7.8978348124366677e-03 seconds.
Warning: Simulation tolerance relaxed to achieve convergence from 7.9053686125197635e-03 to 7.9053686125197739e-03 seconds.
Warning: Simulation tolerance relaxed to achieve convergence from 7.9053686125198346e-03 to 7.9053686125198450e-03 seconds.
Warning: Simulation tolerance relaxed to achieve convergence from 7.9053686125198867e-03 to 7.9053686125198971e-03 seconds.
Warning: Simulation tolerance relaxed to achieve convergence from 7.9053686125199578e-03 to 7.9053686125199682e-03 seconds.
Warning: Simulation tolerance relaxed to achieve convergence from 7.9053686125200098e-03 to 7.9053686125200202e-03 seconds.
Warning: Simulation tolerance relaxed to achieve convergence from 7.9053686125445301e-03 to 7.9053686125445406e-03 seconds.
Warning: Simulation tolerance relaxed to achieve convergence from 7.9053686125656348e-03 to 7.9053686125656452e-03 seconds.
Warning: Simulation tolerance relaxed to achieve convergence from 7.9053686125657163e-03 to 7.9053686125657267e-03 seconds.
Warning: Simulation tolerance relaxed to achieve convergence from 7.9053686952337849e-03 to 7.9053686952337953e-03 seconds.
Warning: Simulation tolerance relaxed to achieve convergence from 7.9053686952700406e-03 to 7.9053686952700510e-03 seconds.
Warning: Simulation tolerance relaxed to achieve convergence from 7.9053686952701031e-03 to 7.9053686952701135e-03 seconds.
Warning: Simulation tolerance relaxed to achieve convergence from 7.9053686952701135e-03 to 7.9053686952701239e-03 seconds.
Warning: Simulation tolerance relaxed to achieve convergence from 7.9053686961596693e-03 to 7.9053686961596797e-03 seconds.
Warning: Simulation tolerance relaxed to achieve convergence from 7.9053687500981549e-03 to 7.9053687500981653e-03 seconds.
Warning: Simulation tolerance relaxed to achieve convergence from 7.9053688019782176e-03 to 7.9053688019782280e-03 seconds.
Warning: Simulation tolerance relaxed to achieve convergence from 7.9053688019782905e-03 to 7.9053688019783009e-03 seconds.
Warning: Simulation tolerance relaxed to achieve convergence from 7.9053688155149033e-03 to 7.9053688155149137e-03 seconds.
Warning: Simulation tolerance relaxed to achieve convergence from 7.9086614041111881e-03 to 7.9086614041111985e-03 seconds.
Warning: Simulation tolerance relaxed to achieve convergence from 7.9128220230493644e-03 to 7.9128220230493748e-03 seconds.
Warning: Simulation tolerance relaxed to achieve convergence from 7.9128220230493748e-03 to 7.9128220230493852e-03 seconds.
Warning: Simulation tolerance relaxed to achieve convergence from 7.9128220241912062e-03 to 7.9128220241912166e-03 seconds.
Warning: Simulation tolerance relaxed to achieve convergence from 7.9128220241942264e-03 to 7.9128220241942368e-03 seconds.
Warning: Simulation tolerance relaxed to achieve convergence from 7.9128222349901262e-03 to 7.9128222349901366e-03 seconds.
Warning: Simulation tolerance relaxed to achieve convergence from 7.9128223087345326e-03 to 7.9128223087345431e-03 seconds.
Warning: Simulation tolerance relaxed to achieve convergence from 7.9161664649862497e-03 to 7.9161664649862601e-03 seconds.
Warning: Simulation tolerance relaxed to achieve convergence from 7.9203341077048513e-03 to 7.9203341077048618e-03 seconds.
Warning: Simulation tolerance relaxed to achieve convergence from 7.9278569367920125e-03 to 7.9278569367920229e-03 seconds.
Warning: Simulation tolerance relaxed to achieve convergence from 7.9278571257916548e-03 to 7.9278571257916652e-03 seconds.
Warning: Simulation tolerance relaxed to achieve convergence from 7.9353505553241971e-03 to 7.9353505553242075e-03 seconds.
Warning: Simulation tolerance relaxed to achieve convergence from 7.9353507140676911e-03 to 7.9353507140677015e-03 seconds.
Warning: Simulation tolerance relaxed to achieve convergence from 7.9353507511662792e-03 to 7.9353507511662896e-03 seconds.
Warning: Simulation tolerance relaxed to achieve convergence from 7.9353507829181442e-03 to 7.9353507829181547e-03 seconds.
Warning: Simulation tolerance relaxed to achieve convergence from 7.9353507829181547e-03 to 7.9353507829181651e-03 seconds.
Warning: Simulation tolerance relaxed to achieve convergence from 7.9353507829182258e-03 to 7.9353507829182362e-03 seconds.
Warning: Simulation tolerance relaxed to achieve convergence from 7.9428366651053926e-03 to 7.9428366651054030e-03 seconds.
Warning: Simulation tolerance relaxed to achieve convergence from 7.9428366652138822e-03 to 7.9428366652138926e-03 seconds.
Warning: Simulation tolerance relaxed to achieve convergence from 7.9428370194832166e-03 to 7.9428370194832270e-03 seconds.
Warning: Simulation tolerance relaxed to achieve convergence from 7.9503414707468092e-03 to 7.9503414707468197e-03 seconds.
Warning: Simulation tolerance relaxed to achieve convergence from 7.9578839189360841e-03 to 7.9578839189360945e-03 seconds.
Warning: Simulation tolerance relaxed to achieve convergence from 7.9578849800494757e-03 to 7.9578849800494861e-03 seconds.
Warning: Simulation tolerance relaxed to achieve convergence from 7.9578849800495382e-03 to 7.9578849800495486e-03 seconds.
Warning: Simulation tolerance relaxed to achieve convergence from 7.9578849800495694e-03 to 7.9578849800495798e-03 seconds.
Warning: Simulation tolerance relaxed to achieve convergence from 7.9578849800497030e-03 to 7.9578849800497134e-03 seconds.
Warning: Simulation tolerance relaxed to achieve convergence from 7.9578849831314271e-03 to 7.9578849831314375e-03 seconds.
Warning: Simulation tolerance relaxed to achieve convergence from 7.9578849831317376e-03 to 7.9578849831317480e-03 seconds.
Warning: Simulation tolerance relaxed to achieve convergence from 7.9653597954642864e-03 to 7.9653597954642968e-03 seconds.
Warning: Simulation tolerance relaxed to achieve convergence from 7.9653604779985204e-03 to 7.9653604779985308e-03 seconds.
Warning: Simulation tolerance relaxed to achieve convergence from 7.9653606353804664e-03 to 7.9653606353804769e-03 seconds.
Warning: Simulation tolerance relaxed to achieve convergence from 7.9653606737285047e-03 to 7.9653606737285151e-03 seconds.
Warning: Simulation tolerance relaxed to achieve convergence from 7.9653607396639337e-03 to 7.9653607396639441e-03 seconds.
Warning: Simulation tolerance relaxed to achieve convergence from 7.9836253873911810e-03 to 7.9836253873911914e-03 seconds.
Warning: Simulation tolerance relaxed to achieve convergence from 7.9836253873911914e-03 to 7.9836253873912019e-03 seconds.
Warning: Simulation tolerance relaxed to achieve convergence from 7.9878366839432700e-03 to 7.9878366839432804e-03 seconds.
Warning: Simulation tolerance relaxed to achieve convergence from 7.9878366849031341e-03 to 7.9878366849031445e-03 seconds.
Warning: Simulation tolerance relaxed to achieve convergence from 7.9878372551496664e-03 to 7.9878372551496768e-03 seconds.
Warning: Simulation tolerance relaxed to achieve convergence from 7.9878372551497687e-03 to 7.9878372551497791e-03 seconds.
Warning: Simulation tolerance relaxed to achieve convergence from 7.9878372551497896e-03 to 7.9878372551498000e-03 seconds.
Warning: Simulation tolerance relaxed to achieve convergence from 7.9878372601001040e-03 to 7.9878372601001144e-03 seconds.
Warning: Simulation tolerance relaxed to achieve convergence from 7.9911689228738744e-03 to 7.9911689228738848e-03 seconds.
Warning: Simulation tolerance relaxed to achieve convergence from 7.9911690372061264e-03 to 7.9911690372061368e-03 seconds.
Warning: Simulation tolerance relaxed to achieve convergence from 7.9953781668342487e-03 to 7.9953781668342591e-03 seconds.
Warning: Simulation tolerance relaxed to achieve convergence from 7.9953782072035330e-03 to 7.9953782072035434e-03 seconds.
Warning: Simulation tolerance relaxed to achieve convergence from 7.9953782709448872e-03 to 7.9953782709448976e-03 seconds.
Warning: Simulation tolerance relaxed to achieve convergence from 7.9953782709477859e-03 to 7.9953782709477964e-03 seconds.
Warning: Simulation tolerance relaxed to achieve convergence from 7.9953782709477964e-03 to 7.9953782709478068e-03 seconds.
Warning: Simulation tolerance relaxed to achieve convergence from 7.9953782709478068e-03 to 7.9953782709478172e-03 seconds.
Warning: Simulation tolerance relaxed to achieve convergence from 7.9953783164699293e-03 to 7.9953783164699397e-03 seconds.
Warning: Simulation tolerance relaxed to achieve convergence from 7.9953783164699709e-03 to 7.9953783164699813e-03 seconds.
Warning: Simulation tolerance relaxed to achieve convergence from 7.9953783183794175e-03 to 7.9953783183794279e-03 seconds.
Warning: Simulation tolerance relaxed to achieve convergence from 7.9953783438669341e-03 to 7.9953783438669445e-03 seconds.
Warning: Simulation tolerance relaxed to achieve convergence from 7.9953783438669965e-03 to 7.9953783438670070e-03 seconds.
Warning: Simulation tolerance relaxed to achieve convergence from 7.9953783438670070e-03 to 7.9953783438670174e-03 seconds.
Warning: Simulation tolerance relaxed to achieve convergence from 7.9953789161739640e-03 to 7.9953789161739744e-03 seconds.
Warning: Simulation tolerance relaxed to achieve convergence from 7.9953789162415800e-03 to 7.9953789162415904e-03 seconds.
Warning: Simulation tolerance relaxed to achieve convergence from 8.0028688806223023e-03 to 8.0028688806223127e-03 seconds.
Warning: Simulation tolerance relaxed to achieve convergence from 8.0028693050904903e-03 to 8.0028693050905007e-03 seconds.
Warning: Simulation tolerance relaxed to achieve convergence from 8.0028694991031175e-03 to 8.0028694991031279e-03 seconds.
Warning: Simulation tolerance relaxed to achieve convergence from 8.0178654058377027e-03 to 8.0178654058377131e-03 seconds.
Warning: Simulation tolerance relaxed to achieve convergence from 8.0178654330365709e-03 to 8.0178654330365813e-03 seconds.
Warning: Simulation tolerance relaxed to achieve convergence from 8.0178660354225523e-03 to 8.0178660354225627e-03 seconds.
Warning: Simulation tolerance relaxed to achieve convergence from 8.0253402346693505e-03 to 8.0253402346693609e-03 seconds.
Warning: Simulation tolerance relaxed to achieve convergence from 8.0253402449733616e-03 to 8.0253402449733720e-03 seconds.
Warning: Simulation tolerance relaxed to achieve convergence from 8.0253402449733720e-03 to 8.0253402449733825e-03 seconds.
Warning: Simulation tolerance relaxed to achieve convergence from 8.0328419383560671e-03 to 8.0328419383560775e-03 seconds.
Warning: Simulation tolerance relaxed to achieve convergence from 8.0328428019964711e-03 to 8.0328428019964815e-03 seconds.

Simulation stopped by user.
Total elapsed time: 300.751 seconds.

Files loaded:
C:\Users\ramaz\Desktop\Circuitos II\TP-TA138-G7\Simulación\BUCK\Buck_lazo_abierto.net
C:\Users\ramaz\AppData\Local\LTspice\lib\cmp\standard.dio
C:\Users\ramaz\AppData\Local\LTspice\lib\cmp\standard.mos
C:\Users\ramaz\Desktop\Circuitos II\TP-TA138-G7\Simulación\BUCK\Modelos\lm393.lib
C:\Users\ramaz\Desktop\Circuitos II\TP-TA138-G7\Simulación\BUCK\Modelos\TL082.txt
C:\Users\ramaz\Desktop\Circuitos II\TP-TA138-G7\Simulación\BUCK\Modelos\lm358.txt
C:\Users\ramaz\Desktop\Circuitos II\TP-TA138-G7\Simulación\BUCK\Modelos\TL431.spi
C:\Users\ramaz\Desktop\Circuitos II\TP-TA138-G7\Simulación\BUCK\LM319.txt
C:\Users\ramaz\Desktop\Circuitos II\TP-TA138-G7\Simulación\BUCK\Modelos\irf3205.spi
C:\Users\ramaz\Desktop\Circuitos II\TP-TA138-G7\Simulación\BUCK\Modelos\ir2111.lib
C:\Users\ramaz\Desktop\Circuitos II\TP-TA138-G7\Simulación\BUCK\Modelos\MBR360RL.LIB

