LTspice 24.1.5 for Windows
Circuit: C:\Users\ramaz\Desktop\Circuitos II\TP-TA138-G7\Simulación\BUCK\CircuitoCompleteo_buck_sincrono_pwm.net
Start Time: Sun Jun 28 12:51:38 2026
Options: gmin=1e-10  abstol=1e-10  reltol=0.003  cshunt=1e-15
solver = Normal
Maximum thread count: 12
tnom = 27
temp = 27
method = trap
gmin = 1e-10
abstol = 1e-10
reltol = 0.003
C:\Users\ramaz\Desktop\Circuitos II\TP-TA138-G7\Simulación\BUCK\CircuitoCompleteo_buck_sincrono_pwm.net(20): Limiting rise time to 3e-07.

Vgenerador Vgenerador 0 PULSE(0 12 0 0 0 3u 7.14u)
^^^^^^^^^^^^^^^^^^^^^^^^^^^^^^^^^^^^^^^^^^^^^^^^^^
C:\Users\ramaz\Desktop\Circuitos II\TP-TA138-G7\Simulación\BUCK\CircuitoCompleteo_buck_sincrono_pwm.net(20): Limiting fall time to 3e-07.

Vgenerador Vgenerador 0 PULSE(0 12 0 0 0 3u 7.14u)
^^^^^^^^^^^^^^^^^^^^^^^^^^^^^^^^^^^^^^^^^^^^^^^^^^
Instance "u6:x_gd_template:x_ho_stage:M_HO_PMOS": Length shorter than recommended for a level 1 MOSFET.
Instance "u6:x_gd_template:x_ho_stage:M_HO_NMOS": Length shorter than recommended for a level 1 MOSFET.
Instance "u6:x_gd_template:x_lo_stage:M_LO_PMOS": Length shorter than recommended for a level 1 MOSFET.
Instance "u6:x_gd_template:x_lo_stage:M_LO_NMOS": Length shorter than recommended for a level 1 MOSFET.
Direct Newton iteration failed to find .op point.  (Use ".option noopiter" to skip.)
Starting Gmin stepping
Increasing initial diagonal Gmin to 100
Increasing initial diagonal Gmin to 1000
Increasing initial diagonal Gmin to 10000
Increasing initial diagonal Gmin to 100000
Gmin = 100000
vernier = 0.5
vernier = 0.25
vernier = 0.125
vernier = 0.0625
vernier = 0.03125
vernier = 0.015625
vernier = 0.0078125
Gmin = 64000
vernier = 0.00390625
vernier = 0.00195312
vernier = 0.000976562
vernier = 0.000488281
Gmin = 0
Gmin stepping failed

Starting source stepping with srcstepmethod=0
Source Step = 3.0303%
vernier = 0.25
Source Step = 0.0177557%
Source Step = 0.0473485%
Source Step = 0.0769413%
Source Step = 0.106534%
Source Step = 0.136127%
vernier = 0.00146484
Source Step = 0.173118%
Source Step = 0.217507%
Source Step = 0.261896%
Source Step = 0.306286%
Source Step = 0.350675%
vernier = 0.00219727
Source Step = 0.403942%
Source Step = 0.470526%
Source Step = 0.537109%
Source Step = 0.603693%
Source Step = 0.670277%
vernier = 0.0032959
Source Step = 0.746848%
Source Step = 0.846724%
Source Step = 0.9466%
Source Step = 1.04648%
Source Step = 1.14635%
vernier = 0.00494385
Source Step = 1.25621%
Source Step = 1.40603%
Source Step = 1.55584%
Source Step = 1.70566%
Source Step = 1.85547%
vernier = 0.00741577
Source Step = 2.01277%
Source Step = 2.23749%
Source Step = 2.46221%
Source Step = 2.68693%
Source Step = 2.91165%
Source Step = 3.13637%
vernier = 0.0111237
Source Step = 3.47346%
Source Step = 3.81054%
Source Step = 4.14762%
Source Step = 4.4847%
Source Step = 4.82178%
vernier = 0.0166855
Source Step = 5.31054%
Source Step = 5.81616%
Source Step = 6.32179%
Source Step = 6.82741%
Source Step = 7.33303%
vernier = 0.0250282
Source Step = 8.0409%
Source Step = 8.79933%
Source Step = 9.55776%
Source Step = 10.3162%
Source Step = 11.0746%
vernier = 0.0375423
Source Step = 12.0985%
Source Step = 13.2361%
Source Step = 14.3738%
Source Step = 15.5114%
Source Step = 16.6491%
vernier = 0.0563135
Source Step = 18.128%
Source Step = 19.8345%
Source Step = 21.541%
Source Step = 23.2474%
Source Step = 24.9539%
vernier = 0.0844703
Source Step = 27.087%
Source Step = 29.6467%
Source Step = 32.2064%
Source Step = 34.7661%
Source Step = 37.3258%
vernier = 0.126705
Source Step = 40.3975%
Source Step = 44.237%
Source Step = 48.0766%
Source Step = 50.0084%
Starting source stepping with srcstepmethod=1
Source Step = 3.0303%
Source Step = 33.3333%
Source Step = 50.1894%
vernier = 0.015625
Source stepping failed

Pseudo Transient failed in finding the operating point at 5.00122 µs.
Trouble finding operating point....skipping operating point for Transient analysis.
Changing Tseed to 1e-09
Changing Tseed to 1e-11
Changing Tseed to 1e-08
Changing Tseed to 1e-12
Changing Tseed to 1e-07
Changing Tseed to 1e-13
Warning: Simulation tolerance relaxed to achieve convergence from 3.3621507537773157e-05 to 3.3621507537774160e-05 seconds.
Warning: Simulation tolerance relaxed to achieve convergence from 3.3621507537790159e-05 to 3.3621507537791161e-05 seconds.
Warning: Simulation tolerance relaxed to achieve convergence from 3.3621507537967161e-05 to 3.3621507537968164e-05 seconds.
Warning: Simulation tolerance relaxed to achieve convergence from 3.3621507538224178e-05 to 3.3621507538225181e-05 seconds.
Warning: Simulation tolerance relaxed to achieve convergence from 3.3621507538229186e-05 to 3.3621507538230189e-05 seconds.
Warning: Simulation tolerance relaxed to achieve convergence from 3.3621507538232195e-05 to 3.3621507538233197e-05 seconds.
Warning: Simulation tolerance relaxed to achieve convergence from 3.3621507538235196e-05 to 3.3621507538236199e-05 seconds.
Warning: Simulation tolerance relaxed to achieve convergence from 3.3621507538358206e-05 to 3.3621507538359209e-05 seconds.
Warning: Simulation tolerance relaxed to achieve convergence from 3.3621507538402218e-05 to 3.3621507538403221e-05 seconds.
Warning: Simulation tolerance relaxed to achieve convergence from 3.3621507538403221e-05 to 3.3621507538404224e-05 seconds.
Warning: Simulation tolerance relaxed to achieve convergence from 3.3621507539105228e-05 to 3.3621507539106231e-05 seconds.
Warning: Simulation tolerance relaxed to achieve convergence from 3.3621507539109233e-05 to 3.3621507539110236e-05 seconds.
Warning: Simulation tolerance relaxed to achieve convergence from 3.3621507539117242e-05 to 3.3621507539118245e-05 seconds.
Warning: Simulation tolerance relaxed to achieve convergence from 3.3621507539147261e-05 to 3.3621507539148264e-05 seconds.
Warning: Simulation tolerance relaxed to achieve convergence from 3.3621507545771276e-05 to 3.3621507545772279e-05 seconds.
Warning: Simulation tolerance relaxed to achieve convergence from 3.3621507545860302e-05 to 3.3621507545861305e-05 seconds.
Warning: Simulation tolerance relaxed to achieve convergence from 3.3621507548963309e-05 to 3.3621507548964312e-05 seconds.
Warning: Simulation tolerance relaxed to achieve convergence from 3.3621507548968317e-05 to 3.3621507548969320e-05 seconds.
Warning: Simulation tolerance relaxed to achieve convergence from 3.3621507549038316e-05 to 3.3621507549039318e-05 seconds.
Warning: Simulation tolerance relaxed to achieve convergence from 3.3621507549067325e-05 to 3.3621507549068328e-05 seconds.
Warning: Simulation tolerance relaxed to achieve convergence from 3.3621752743622827e-05 to 3.3621752743623830e-05 seconds.
Warning: Simulation tolerance relaxed to achieve convergence from 3.3621752744011839e-05 to 3.3621752744012842e-05 seconds.
Warning: Simulation tolerance relaxed to achieve convergence from 3.3621752744060845e-05 to 3.3621752744061848e-05 seconds.
Warning: Simulation tolerance relaxed to achieve convergence from 3.3621752744341870e-05 to 3.3621752744342873e-05 seconds.
Warning: Simulation tolerance relaxed to achieve convergence from 3.3621752744428871e-05 to 3.3621752744429874e-05 seconds.
Warning: Simulation tolerance relaxed to achieve convergence from 3.3621752744441874e-05 to 3.3621752744442877e-05 seconds.
Warning: Simulation tolerance relaxed to achieve convergence from 3.3621752744528888e-05 to 3.3621752744529891e-05 seconds.
Warning: Simulation tolerance relaxed to achieve convergence from 3.3621752744562899e-05 to 3.3621752744563901e-05 seconds.
Warning: Simulation tolerance relaxed to achieve convergence from 3.3621752744576905e-05 to 3.3621752744577908e-05 seconds.
Warning: Simulation tolerance relaxed to achieve convergence from 3.3621752744583905e-05 to 3.3621752744584908e-05 seconds.
Warning: Simulation tolerance relaxed to achieve convergence from 3.3621752744604911e-05 to 3.3621752744605914e-05 seconds.
Warning: Simulation tolerance relaxed to achieve convergence from 3.3621752745857931e-05 to 3.3621752745858933e-05 seconds.
Warning: Simulation tolerance relaxed to achieve convergence from 3.3621752745893940e-05 to 3.3621752745894943e-05 seconds.
Warning: Simulation tolerance relaxed to achieve convergence from 3.3621752745894943e-05 to 3.3621752745895945e-05 seconds.
Warning: Simulation tolerance relaxed to achieve convergence from 3.3621752746125952e-05 to 3.3621752746126955e-05 seconds.
Warning: Simulation tolerance relaxed to achieve convergence from 3.3621752746172966e-05 to 3.3621752746173969e-05 seconds.
Warning: Simulation tolerance relaxed to achieve convergence from 3.3621752746259966e-05 to 3.3621752746260969e-05 seconds.
Warning: Simulation tolerance relaxed to achieve convergence from 3.3621752746277971e-05 to 3.3621752746278974e-05 seconds.
Warning: Simulation tolerance relaxed to achieve convergence from 3.3621752746338978e-05 to 3.3621752746339980e-05 seconds.
Warning: Simulation tolerance relaxed to achieve convergence from 3.3621752746395986e-05 to 3.3621752746396989e-05 seconds.
Warning: Simulation tolerance relaxed to achieve convergence from 3.3621752746410000e-05 to 3.3621752746411002e-05 seconds.
Warning: Simulation tolerance relaxed to achieve convergence from 3.3621752746413001e-05 to 3.3621752746414004e-05 seconds.
Warning: Simulation tolerance relaxed to achieve convergence from 3.3621752746416003e-05 to 3.3621752746417006e-05 seconds.
Warning: Simulation tolerance relaxed to achieve convergence from 3.3621837418523870e-05 to 3.3621837418524873e-05 seconds.
Warning: Simulation tolerance relaxed to achieve convergence from 3.3621837418525876e-05 to 3.3621837418526879e-05 seconds.
Warning: Simulation tolerance relaxed to achieve convergence from 3.3621837418531880e-05 to 3.3621837418532883e-05 seconds.
Warning: Simulation tolerance relaxed to achieve convergence from 3.3621837418712887e-05 to 3.3621837418713890e-05 seconds.
Warning: Simulation tolerance relaxed to achieve convergence from 3.3621837418714893e-05 to 3.3621837418715896e-05 seconds.
Warning: Simulation tolerance relaxed to achieve convergence from 3.3621837418737898e-05 to 3.3621837418738901e-05 seconds.
Warning: Simulation tolerance relaxed to achieve convergence from 3.3621837418770906e-05 to 3.3621837418771908e-05 seconds.
Warning: Simulation tolerance relaxed to achieve convergence from 3.3621837418835910e-05 to 3.3621837418836913e-05 seconds.
Warning: Simulation tolerance relaxed to achieve convergence from 3.3621837418852919e-05 to 3.3621837418853922e-05 seconds.
Warning: Simulation tolerance relaxed to achieve convergence from 3.3621837418879929e-05 to 3.3621837418880932e-05 seconds.
Warning: Simulation tolerance relaxed to achieve convergence from 3.3621837418886929e-05 to 3.3621837418887932e-05 seconds.
Warning: Simulation tolerance relaxed to achieve convergence from 3.3621837418973943e-05 to 3.3621837418974946e-05 seconds.
Warning: Simulation tolerance relaxed to achieve convergence from 3.3621837419107950e-05 to 3.3621837419108953e-05 seconds.
Warning: Simulation tolerance relaxed to achieve convergence from 3.3621837419157952e-05 to 3.3621837419158955e-05 seconds.
Warning: Simulation tolerance relaxed to achieve convergence from 3.3621837419159958e-05 to 3.3621837419160961e-05 seconds.
Warning: Simulation tolerance relaxed to achieve convergence from 3.3621837419166958e-05 to 3.3621837419167961e-05 seconds.
Warning: Simulation tolerance relaxed to achieve convergence from 3.3621837419330957e-05 to 3.3621837419331960e-05 seconds.
Warning: Simulation tolerance relaxed to achieve convergence from 3.3621837419331960e-05 to 3.3621837419332963e-05 seconds.
Warning: Simulation tolerance relaxed to achieve convergence from 3.3621837419338960e-05 to 3.3621837419339963e-05 seconds.
Warning: Simulation tolerance relaxed to achieve convergence from 3.3621837419406966e-05 to 3.3621837419407969e-05 seconds.
Warning: Simulation tolerance relaxed to achieve convergence from 3.3621837419426977e-05 to 3.3621837419427980e-05 seconds.
Warning: Simulation tolerance relaxed to achieve convergence from 3.3621837419432980e-05 to 3.3621837419433983e-05 seconds.
Warning: Simulation tolerance relaxed to achieve convergence from 3.3621837419458988e-05 to 3.3621837419459991e-05 seconds.
Warning: Simulation tolerance relaxed to achieve convergence from 3.3621837419466990e-05 to 3.3621837419467993e-05 seconds.
Warning: Simulation tolerance relaxed to achieve convergence from 3.3621837419496000e-05 to 3.3621837419497003e-05 seconds.
Warning: Simulation tolerance relaxed to achieve convergence from 3.3621837419598003e-05 to 3.3621837419599006e-05 seconds.
Warning: Simulation tolerance relaxed to achieve convergence from 3.3621837419599006e-05 to 3.3621837419600009e-05 seconds.
Warning: Simulation tolerance relaxed to achieve convergence from 3.3621837419602008e-05 to 3.3621837419603010e-05 seconds.
Warning: Simulation tolerance relaxed to achieve convergence from 3.3621837419611013e-05 to 3.3621837419612016e-05 seconds.
Warning: Simulation tolerance relaxed to achieve convergence from 3.3621837419639033e-05 to 3.3621837419640036e-05 seconds.
Warning: Simulation tolerance relaxed to achieve convergence from 3.3621837419652043e-05 to 3.3621837419653046e-05 seconds.
Warning: Simulation tolerance relaxed to achieve convergence from 3.3621837419654049e-05 to 3.3621837419655052e-05 seconds.
Warning: Simulation tolerance relaxed to achieve convergence from 3.3621837419657051e-05 to 3.3621837419658054e-05 seconds.
Warning: Simulation tolerance relaxed to achieve convergence from 3.3621837419682056e-05 to 3.3621837419683058e-05 seconds.
Warning: Simulation tolerance relaxed to achieve convergence from 3.3621837419683058e-05 to 3.3621837419684061e-05 seconds.
Warning: Simulation tolerance relaxed to achieve convergence from 3.3621837419688066e-05 to 3.3621837419689069e-05 seconds.
Warning: Simulation tolerance relaxed to achieve convergence from 3.3621837419742073e-05 to 3.3621837419743076e-05 seconds.
Warning: Simulation tolerance relaxed to achieve convergence from 3.3621837419835077e-05 to 3.3621837419836080e-05 seconds.
Warning: Simulation tolerance relaxed to achieve convergence from 3.3621837420163102e-05 to 3.3621837420164105e-05 seconds.
Warning: Simulation tolerance relaxed to achieve convergence from 3.3621837420164105e-05 to 3.3621837420165108e-05 seconds.
Warning: Simulation tolerance relaxed to achieve convergence from 3.3621837420224116e-05 to 3.3621837420225119e-05 seconds.
Warning: Simulation tolerance relaxed to achieve convergence from 3.3621837420228121e-05 to 3.3621837420229124e-05 seconds.
Warning: Simulation tolerance relaxed to achieve convergence from 3.3621837420246125e-05 to 3.3621837420247128e-05 seconds.
Warning: Simulation tolerance relaxed to achieve convergence from 3.3621837420285129e-05 to 3.3621837420286132e-05 seconds.
Warning: Simulation tolerance relaxed to achieve convergence from 3.3621837420327149e-05 to 3.3621837420328152e-05 seconds.
Warning: Simulation tolerance relaxed to achieve convergence from 3.3621837420381156e-05 to 3.3621837420382159e-05 seconds.
Warning: Simulation tolerance relaxed to achieve convergence from 3.3621837420607171e-05 to 3.3621837420608174e-05 seconds.
Warning: Simulation tolerance relaxed to achieve convergence from 3.3621837420728175e-05 to 3.3621837420729178e-05 seconds.
Warning: Simulation tolerance relaxed to achieve convergence from 3.3621837420743178e-05 to 3.3621837420744181e-05 seconds.
Warning: Simulation tolerance relaxed to achieve convergence from 3.3621837420775202e-05 to 3.3621837420776205e-05 seconds.
Warning: Simulation tolerance relaxed to achieve convergence from 3.3621837420797205e-05 to 3.3621837420798208e-05 seconds.
Warning: Simulation tolerance relaxed to achieve convergence from 3.3621837420798208e-05 to 3.3621837420799211e-05 seconds.
Warning: Simulation tolerance relaxed to achieve convergence from 3.3621837420799211e-05 to 3.3621837420800214e-05 seconds.
Warning: Simulation tolerance relaxed to achieve convergence from 3.3621837420800214e-05 to 3.3621837420801216e-05 seconds.
Warning: Simulation tolerance relaxed to achieve convergence from 3.3621837420877226e-05 to 3.3621837420878229e-05 seconds.
Warning: Simulation tolerance relaxed to achieve convergence from 3.3621837420909230e-05 to 3.3621837420910233e-05 seconds.
Warning: Simulation tolerance relaxed to achieve convergence from 3.3621837420921238e-05 to 3.3621837420922240e-05 seconds.
Warning: Simulation tolerance relaxed to achieve convergence from 3.3621837420987238e-05 to 3.3621837420988241e-05 seconds.
Warning: Simulation tolerance relaxed to achieve convergence from 3.3621837421459246e-05 to 3.3621837421460249e-05 seconds.
Warning: Simulation tolerance relaxed to achieve convergence from 3.3621837421461252e-05 to 3.3621837421462254e-05 seconds.
Warning: Simulation tolerance relaxed to achieve convergence from 3.3621837421464260e-05 to 3.3621837421465263e-05 seconds.
Warning: Simulation tolerance relaxed to achieve convergence from 3.3621837421471260e-05 to 3.3621837421472263e-05 seconds.
Warning: Simulation tolerance relaxed to achieve convergence from 3.3621837421791262e-05 to 3.3621837421792265e-05 seconds.
Warning: Simulation tolerance relaxed to achieve convergence from 3.3621837421842267e-05 to 3.3621837421843270e-05 seconds.
Warning: Simulation tolerance relaxed to achieve convergence from 3.3621837421852269e-05 to 3.3621837421853272e-05 seconds.
Warning: Simulation tolerance relaxed to achieve convergence from 3.3621837422055279e-05 to 3.3621837422056282e-05 seconds.
Warning: Simulation tolerance relaxed to achieve convergence from 3.3621837422057285e-05 to 3.3621837422058288e-05 seconds.
Warning: Simulation tolerance relaxed to achieve convergence from 3.3621837422060287e-05 to 3.3621837422061290e-05 seconds.
Warning: Simulation tolerance relaxed to achieve convergence from 3.3621837422061290e-05 to 3.3621837422062293e-05 seconds.
Warning: Simulation tolerance relaxed to achieve convergence from 3.3621837422062293e-05 to 3.3621837422063296e-05 seconds.
Warning: Simulation tolerance relaxed to achieve convergence from 3.3621837422063296e-05 to 3.3621837422064298e-05 seconds.
Warning: Simulation tolerance relaxed to achieve convergence from 3.3621837422065301e-05 to 3.3621837422066304e-05 seconds.
Warning: Simulation tolerance relaxed to achieve convergence from 3.3621837422066304e-05 to 3.3621837422067307e-05 seconds.
Warning: Simulation tolerance relaxed to achieve convergence from 3.3621837422139325e-05 to 3.3621837422140328e-05 seconds.
Warning: Simulation tolerance relaxed to achieve convergence from 3.3621837422150330e-05 to 3.3621837422151333e-05 seconds.
Warning: Simulation tolerance relaxed to achieve convergence from 3.3621837422284344e-05 to 3.3621837422285347e-05 seconds.
Warning: Simulation tolerance relaxed to achieve convergence from 3.3621837425078340e-05 to 3.3621837425079343e-05 seconds.
Warning: Simulation tolerance relaxed to achieve convergence from 3.3621837425085340e-05 to 3.3621837425086343e-05 seconds.
Warning: Simulation tolerance relaxed to achieve convergence from 3.3621837425086343e-05 to 3.3621837425087345e-05 seconds.
Warning: Simulation tolerance relaxed to achieve convergence from 3.3621837425092353e-05 to 3.3621837425093356e-05 seconds.
Warning: Simulation tolerance relaxed to achieve convergence from 3.3621837425099353e-05 to 3.3621837425100356e-05 seconds.
Warning: Simulation tolerance relaxed to achieve convergence from 3.3621837425164364e-05 to 3.3621837425165367e-05 seconds.
Warning: Simulation tolerance relaxed to achieve convergence from 3.3621837425226367e-05 to 3.3621837425227370e-05 seconds.
Warning: Simulation tolerance relaxed to achieve convergence from 3.3621837425227370e-05 to 3.3621837425228373e-05 seconds.
Warning: Simulation tolerance relaxed to achieve convergence from 3.3621837425335384e-05 to 3.3621837425336387e-05 seconds.
Warning: Simulation tolerance relaxed to achieve convergence from 3.3621837425363383e-05 to 3.3621837425364386e-05 seconds.
Warning: Simulation tolerance relaxed to achieve convergence from 3.3621837425397393e-05 to 3.3621837425398396e-05 seconds.
Warning: Simulation tolerance relaxed to achieve convergence from 3.3621837425422398e-05 to 3.3621837425423401e-05 seconds.
Warning: Simulation tolerance relaxed to achieve convergence from 3.3621837425456401e-05 to 3.3621837425457404e-05 seconds.
Warning: Simulation tolerance relaxed to achieve convergence from 3.3621837425489422e-05 to 3.3621837425490425e-05 seconds.
Warning: Simulation tolerance relaxed to achieve convergence from 3.3621837425606461e-05 to 3.3621837425607464e-05 seconds.
Warning: Simulation tolerance relaxed to achieve convergence from 3.3621837425631466e-05 to 3.3621837425632469e-05 seconds.
Warning: Simulation tolerance relaxed to achieve convergence from 3.3621837425634468e-05 to 3.3621837425635471e-05 seconds.
Warning: Simulation tolerance relaxed to achieve convergence from 3.3621837425666472e-05 to 3.3621837425667475e-05 seconds.
Warning: Simulation tolerance relaxed to achieve convergence from 3.3621837425674482e-05 to 3.3621837425675484e-05 seconds.
Warning: Simulation tolerance relaxed to achieve convergence from 3.3621837425687492e-05 to 3.3621837425688495e-05 seconds.
Warning: Simulation tolerance relaxed to achieve convergence from 3.3621837425730494e-05 to 3.3621837425731497e-05 seconds.
Warning: Simulation tolerance relaxed to achieve convergence from 3.3621837425731497e-05 to 3.3621837425732500e-05 seconds.
Warning: Simulation tolerance relaxed to achieve convergence from 3.3621837425736505e-05 to 3.3621837425737508e-05 seconds.
Warning: Simulation tolerance relaxed to achieve convergence from 3.3621837425744507e-05 to 3.3621837425745510e-05 seconds.
Warning: Simulation tolerance relaxed to achieve convergence from 3.3621837425748512e-05 to 3.3621837425749515e-05 seconds.
Warning: Simulation tolerance relaxed to achieve convergence from 3.3755903374727689e-05 to 3.3755903374728692e-05 seconds.
Warning: Simulation tolerance relaxed to achieve convergence from 3.3755903374730691e-05 to 3.3755903374731694e-05 seconds.
Warning: Simulation tolerance relaxed to achieve convergence from 3.3755903374731694e-05 to 3.3755903374732697e-05 seconds.
Warning: Simulation tolerance relaxed to achieve convergence from 3.3755903374732697e-05 to 3.3755903374733700e-05 seconds.
Warning: Simulation tolerance relaxed to achieve convergence from 3.3755903374752707e-05 to 3.3755903374753710e-05 seconds.
Warning: Simulation tolerance relaxed to achieve convergence from 3.3755903374763712e-05 to 3.3755903374764714e-05 seconds.
Warning: Simulation tolerance relaxed to achieve convergence from 3.3755903374909733e-05 to 3.3755903374910736e-05 seconds.
Warning: Simulation tolerance relaxed to achieve convergence from 3.3755903375087739e-05 to 3.3755903375088742e-05 seconds.
Warning: Simulation tolerance relaxed to achieve convergence from 3.3755903375094739e-05 to 3.3755903375095742e-05 seconds.
Warning: Simulation tolerance relaxed to achieve convergence from 3.3755903375095742e-05 to 3.3755903375096745e-05 seconds.
Warning: Simulation tolerance relaxed to achieve convergence from 3.3755903375105743e-05 to 3.3755903375106746e-05 seconds.
Warning: Simulation tolerance relaxed to achieve convergence from 3.3755903375112743e-05 to 3.3755903375113746e-05 seconds.
Warning: Simulation tolerance relaxed to achieve convergence from 3.3755903375170755e-05 to 3.3755903375171758e-05 seconds.
Warning: Simulation tolerance relaxed to achieve convergence from 3.3755903375188759e-05 to 3.3755903375189762e-05 seconds.
Warning: Simulation tolerance relaxed to achieve convergence from 3.3755903375191761e-05 to 3.3755903375192764e-05 seconds.
Warning: Simulation tolerance relaxed to achieve convergence from 3.3755903375212761e-05 to 3.3755903375213764e-05 seconds.
Warning: Simulation tolerance relaxed to achieve convergence from 3.3755903375213764e-05 to 3.3755903375214767e-05 seconds.
Warning: Simulation tolerance relaxed to achieve convergence from 3.3755903375261774e-05 to 3.3755903375262777e-05 seconds.
Warning: Simulation tolerance relaxed to achieve convergence from 3.3755903375268774e-05 to 3.3755903375269776e-05 seconds.
Warning: Simulation tolerance relaxed to achieve convergence from 3.3755903375286778e-05 to 3.3755903375287781e-05 seconds.
Warning: Simulation tolerance relaxed to achieve convergence from 3.3755903375349777e-05 to 3.3755903375350780e-05 seconds.
Warning: Simulation tolerance relaxed to achieve convergence from 3.3755903375542785e-05 to 3.3755903375543788e-05 seconds.
Warning: Simulation tolerance relaxed to achieve convergence from 3.3755903375544791e-05 to 3.3755903375545794e-05 seconds.
Warning: Simulation tolerance relaxed to achieve convergence from 3.3755903375597809e-05 to 3.3755903375598812e-05 seconds.
Warning: Simulation tolerance relaxed to achieve convergence from 3.3755903375618808e-05 to 3.3755903375619811e-05 seconds.
Warning: Simulation tolerance relaxed to achieve convergence from 3.3755903375625808e-05 to 3.3755903375626811e-05 seconds.
Warning: Simulation tolerance relaxed to achieve convergence from 3.3755903375800819e-05 to 3.3755903375801822e-05 seconds.
Warning: Simulation tolerance relaxed to achieve convergence from 3.3755903375801822e-05 to 3.3755903375802824e-05 seconds.
Warning: Simulation tolerance relaxed to achieve convergence from 1.3843420411486644e-04 to 1.3843420411486745e-04 seconds.
Warning: Simulation tolerance relaxed to achieve convergence from 1.3843420411489450e-04 to 1.3843420411489550e-04 seconds.
Warning: Simulation tolerance relaxed to achieve convergence from 1.3843420411489751e-04 to 1.3843420411489851e-04 seconds.
Warning: Simulation tolerance relaxed to achieve convergence from 1.4030178018496840e-04 to 1.4030178018496940e-04 seconds.
Warning: Simulation tolerance relaxed to achieve convergence from 1.4030178018496940e-04 to 1.4030178018497040e-04 seconds.
Warning: Simulation tolerance relaxed to achieve convergence from 1.4030178018499344e-04 to 1.4030178018499445e-04 seconds.
Warning: Simulation tolerance relaxed to achieve convergence from 1.4030178018500247e-04 to 1.4030178018500347e-04 seconds.
Warning: Simulation tolerance relaxed to achieve convergence from 1.4030178018500347e-04 to 1.4030178018500448e-04 seconds.
Warning: Simulation tolerance relaxed to achieve convergence from 1.4030181426731751e-04 to 1.4030181426731851e-04 seconds.
Warning: Simulation tolerance relaxed to achieve convergence from 1.4030181426733554e-04 to 1.4030181426733654e-04 seconds.
Warning: Simulation tolerance relaxed to achieve convergence from 1.4030181426733654e-04 to 1.4030181426733754e-04 seconds.
Warning: Simulation tolerance relaxed to achieve convergence from 1.4030181426733854e-04 to 1.4030181426733955e-04 seconds.
Warning: Simulation tolerance relaxed to achieve convergence from 1.4030181426734256e-04 to 1.4030181426734356e-04 seconds.
Warning: Simulation tolerance relaxed to achieve convergence from 1.4030181426734356e-04 to 1.4030181426734456e-04 seconds.
Warning: Simulation tolerance relaxed to achieve convergence from 1.4030181426734456e-04 to 1.4030181426734556e-04 seconds.
Warning: Simulation tolerance relaxed to achieve convergence from 1.4030181426734556e-04 to 1.4030181426734657e-04 seconds.
Warning: Simulation tolerance relaxed to achieve convergence from 1.4030181426735559e-04 to 1.4030181426735660e-04 seconds.
Warning: Simulation tolerance relaxed to achieve convergence from 1.4030181426735660e-04 to 1.4030181426735760e-04 seconds.
Warning: Simulation tolerance relaxed to achieve convergence from 1.4030181426735860e-04 to 1.4030181426735960e-04 seconds.
Warning: Simulation tolerance relaxed to achieve convergence from 1.4030181426735960e-04 to 1.4030181426736061e-04 seconds.
Warning: Simulation tolerance relaxed to achieve convergence from 1.4030181426737665e-04 to 1.4030181426737766e-04 seconds.
Warning: Simulation tolerance relaxed to achieve convergence from 1.4030181426737766e-04 to 1.4030181426737866e-04 seconds.
Warning: Simulation tolerance relaxed to achieve convergence from 1.4030181426737866e-04 to 1.4030181426737966e-04 seconds.
Warning: Simulation tolerance relaxed to achieve convergence from 1.4030181426737966e-04 to 1.4030181426738067e-04 seconds.
Warning: Simulation tolerance relaxed to achieve convergence from 1.4030181426738067e-04 to 1.4030181426738167e-04 seconds.
Warning: Simulation tolerance relaxed to achieve convergence from 1.4030181426738367e-04 to 1.4030181426738468e-04 seconds.
Warning: Simulation tolerance relaxed to achieve convergence from 1.4030181426800267e-04 to 1.4030181426800367e-04 seconds.
Warning: Simulation tolerance relaxed to achieve convergence from 1.4030181426800367e-04 to 1.4030181426800468e-04 seconds.
Warning: Simulation tolerance relaxed to achieve convergence from 1.4030181426801969e-04 to 1.4030181426802070e-04 seconds.
Warning: Simulation tolerance relaxed to achieve convergence from 1.4030181426815072e-04 to 1.4030181426815172e-04 seconds.
Warning: Simulation tolerance relaxed to achieve convergence from 1.4030181426815172e-04 to 1.4030181426815273e-04 seconds.
Warning: Simulation tolerance relaxed to achieve convergence from 1.4030181426815473e-04 to 1.4030181426815573e-04 seconds.
Warning: Simulation tolerance relaxed to achieve convergence from 1.4030181426815774e-04 to 1.4030181426815874e-04 seconds.
Warning: Simulation tolerance relaxed to achieve convergence from 1.4030181426815874e-04 to 1.4030181426815975e-04 seconds.
Warning: Simulation tolerance relaxed to achieve convergence from 1.4030181426816275e-04 to 1.4030181426816376e-04 seconds.
Warning: Simulation tolerance relaxed to achieve convergence from 1.4030181426816376e-04 to 1.4030181426816476e-04 seconds.
Warning: Simulation tolerance relaxed to achieve convergence from 1.4030181426819978e-04 to 1.4030181426820078e-04 seconds.
Warning: Simulation tolerance relaxed to achieve convergence from 1.4030181426824982e-04 to 1.4030181426825082e-04 seconds.
Warning: Simulation tolerance relaxed to achieve convergence from 1.4030181426825784e-04 to 1.4030181426825884e-04 seconds.
Warning: Simulation tolerance relaxed to achieve convergence from 1.4030181426827288e-04 to 1.4030181426827389e-04 seconds.
Warning: Simulation tolerance relaxed to achieve convergence from 1.4030181426853491e-04 to 1.4030181426853591e-04 seconds.
Warning: Simulation tolerance relaxed to achieve convergence from 1.4030181426853992e-04 to 1.4030181426854092e-04 seconds.
Warning: Simulation tolerance relaxed to achieve convergence from 1.4030181426854092e-04 to 1.4030181426854193e-04 seconds.
Warning: Simulation tolerance relaxed to achieve convergence from 1.4030181426856697e-04 to 1.4030181426856797e-04 seconds.
Warning: Simulation tolerance relaxed to achieve convergence from 1.4030181426856797e-04 to 1.4030181426856898e-04 seconds.
Warning: Simulation tolerance relaxed to achieve convergence from 1.4030181426856898e-04 to 1.4030181426856998e-04 seconds.
Warning: Simulation tolerance relaxed to achieve convergence from 1.4030181426856998e-04 to 1.4030181426857098e-04 seconds.
Warning: Simulation tolerance relaxed to achieve convergence from 1.4030181426857299e-04 to 1.4030181426857399e-04 seconds.
Warning: Simulation tolerance relaxed to achieve convergence from 1.4030181426862007e-04 to 1.4030181426862107e-04 seconds.
Warning: Simulation tolerance relaxed to achieve convergence from 1.4030181426862910e-04 to 1.4030181426863010e-04 seconds.
Warning: Simulation tolerance relaxed to achieve convergence from 1.4030181426863411e-04 to 1.4030181426863511e-04 seconds.
Warning: Simulation tolerance relaxed to achieve convergence from 1.4030181426863913e-04 to 1.4030181426864013e-04 seconds.
Warning: Simulation tolerance relaxed to achieve convergence from 1.4030181426865815e-04 to 1.4030181426865916e-04 seconds.
Warning: Simulation tolerance relaxed to achieve convergence from 1.4030181426868220e-04 to 1.4030181426868320e-04 seconds.
Warning: Simulation tolerance relaxed to achieve convergence from 1.4030181426874622e-04 to 1.4030181426874722e-04 seconds.
Warning: Simulation tolerance relaxed to achieve convergence from 1.4030181426875825e-04 to 1.4030181426875926e-04 seconds.
Warning: Simulation tolerance relaxed to achieve convergence from 1.4030181426875926e-04 to 1.4030181426876026e-04 seconds.
Warning: Simulation tolerance relaxed to achieve convergence from 1.4030181426882227e-04 to 1.4030181426882328e-04 seconds.
Warning: Simulation tolerance relaxed to achieve convergence from 1.4030181426882428e-04 to 1.4030181426882528e-04 seconds.
Warning: Simulation tolerance relaxed to achieve convergence from 1.4030181426882528e-04 to 1.4030181426882629e-04 seconds.
Warning: Simulation tolerance relaxed to achieve convergence from 1.4030181426885935e-04 to 1.4030181426886036e-04 seconds.
Warning: Simulation tolerance relaxed to achieve convergence from 1.4030181426886036e-04 to 1.4030181426886136e-04 seconds.
Warning: Simulation tolerance relaxed to achieve convergence from 1.4030181426886136e-04 to 1.4030181426886236e-04 seconds.
Warning: Simulation tolerance relaxed to achieve convergence from 1.4030181426886337e-04 to 1.4030181426886437e-04 seconds.
Warning: Simulation tolerance relaxed to achieve convergence from 1.4030181426886537e-04 to 1.4030181426886637e-04 seconds.
Warning: Simulation tolerance relaxed to achieve convergence from 1.4030181426887941e-04 to 1.4030181426888041e-04 seconds.
Warning: Simulation tolerance relaxed to achieve convergence from 1.4030181426888643e-04 to 1.4030181426888744e-04 seconds.
Warning: Simulation tolerance relaxed to achieve convergence from 1.4030181426888744e-04 to 1.4030181426888844e-04 seconds.
Warning: Simulation tolerance relaxed to achieve convergence from 1.4030181426889546e-04 to 1.4030181426889646e-04 seconds.
Warning: Simulation tolerance relaxed to achieve convergence from 1.4030181426889746e-04 to 1.4030181426889847e-04 seconds.
Warning: Simulation tolerance relaxed to achieve convergence from 1.4030181426890148e-04 to 1.4030181426890248e-04 seconds.
Warning: Simulation tolerance relaxed to achieve convergence from 1.4030181426890248e-04 to 1.4030181426890348e-04 seconds.
Warning: Simulation tolerance relaxed to achieve convergence from 1.4030181426893053e-04 to 1.4030181426893153e-04 seconds.
Warning: Simulation tolerance relaxed to achieve convergence from 1.4030181426893655e-04 to 1.4030181426893755e-04 seconds.
Warning: Simulation tolerance relaxed to achieve convergence from 1.4030181426893755e-04 to 1.4030181426893856e-04 seconds.
Warning: Simulation tolerance relaxed to achieve convergence from 1.4030181426897959e-04 to 1.4030181426898060e-04 seconds.
Warning: Simulation tolerance relaxed to achieve convergence from 1.4030181426899163e-04 to 1.4030181426899263e-04 seconds.
Warning: Simulation tolerance relaxed to achieve convergence from 1.4030181426912967e-04 to 1.4030181426913068e-04 seconds.
Warning: Simulation tolerance relaxed to achieve convergence from 1.4030181426926571e-04 to 1.4030181426926672e-04 seconds.
Warning: Simulation tolerance relaxed to achieve convergence from 1.4030181426926872e-04 to 1.4030181426926972e-04 seconds.
Warning: Simulation tolerance relaxed to achieve convergence from 1.4030181426926972e-04 to 1.4030181426927073e-04 seconds.
Warning: Simulation tolerance relaxed to achieve convergence from 1.4030181426927073e-04 to 1.4030181426927173e-04 seconds.
Warning: Simulation tolerance relaxed to achieve convergence from 1.4030181426928775e-04 to 1.4030181426928875e-04 seconds.
Warning: Simulation tolerance relaxed to achieve convergence from 1.4030181426928875e-04 to 1.4030181426928976e-04 seconds.
Warning: Simulation tolerance relaxed to achieve convergence from 1.4030181426935077e-04 to 1.4030181426935177e-04 seconds.
Warning: Simulation tolerance relaxed to achieve convergence from 1.4030181426938582e-04 to 1.4030181426938682e-04 seconds.
Warning: Simulation tolerance relaxed to achieve convergence from 1.4030181426940284e-04 to 1.4030181426940384e-04 seconds.
Warning: Simulation tolerance relaxed to achieve convergence from 1.4030181426940685e-04 to 1.4030181426940785e-04 seconds.
Warning: Simulation tolerance relaxed to achieve convergence from 1.4030181426967289e-04 to 1.4030181426967389e-04 seconds.
Warning: Simulation tolerance relaxed to achieve convergence from 1.4030181426967589e-04 to 1.4030181426967690e-04 seconds.
Warning: Simulation tolerance relaxed to achieve convergence from 1.4030181426967690e-04 to 1.4030181426967790e-04 seconds.
Warning: Simulation tolerance relaxed to achieve convergence from 1.4030181426968893e-04 to 1.4030181426968993e-04 seconds.
Warning: Simulation tolerance relaxed to achieve convergence from 1.4030181426968993e-04 to 1.4030181426969094e-04 seconds.
Warning: Simulation tolerance relaxed to achieve convergence from 1.4030181426969695e-04 to 1.4030181426969796e-04 seconds.
Warning: Simulation tolerance relaxed to achieve convergence from 1.4030181426970698e-04 to 1.4030181426970799e-04 seconds.
Warning: Simulation tolerance relaxed to achieve convergence from 1.4030181426971501e-04 to 1.4030181426971601e-04 seconds.
Warning: Simulation tolerance relaxed to achieve convergence from 1.4030181426971802e-04 to 1.4030181426971902e-04 seconds.
Warning: Simulation tolerance relaxed to achieve convergence from 1.4030181426971902e-04 to 1.4030181426972002e-04 seconds.
Warning: Simulation tolerance relaxed to achieve convergence from 1.4030181426972002e-04 to 1.4030181426972102e-04 seconds.
Warning: Simulation tolerance relaxed to achieve convergence from 1.4030181426972102e-04 to 1.4030181426972203e-04 seconds.
Warning: Simulation tolerance relaxed to achieve convergence from 1.4030186990863117e-04 to 1.4030186990863217e-04 seconds.
Warning: Simulation tolerance relaxed to achieve convergence from 1.4030186990863418e-04 to 1.4030186990863518e-04 seconds.
Warning: Simulation tolerance relaxed to achieve convergence from 1.4043469917070868e-04 to 1.4043469917070968e-04 seconds.
Warning: Simulation tolerance relaxed to achieve convergence from 1.4043469917077471e-04 to 1.4043469917077571e-04 seconds.
Warning: Simulation tolerance relaxed to achieve convergence from 1.4043469917077571e-04 to 1.4043469917077671e-04 seconds.
Warning: Simulation tolerance relaxed to achieve convergence from 1.4043469917084073e-04 to 1.4043469917084174e-04 seconds.
Warning: Simulation tolerance relaxed to achieve convergence from 1.4043469917088681e-04 to 1.4043469917088782e-04 seconds.
Warning: Simulation tolerance relaxed to achieve convergence from 1.4043469917089484e-04 to 1.4043469917089584e-04 seconds.
Warning: Simulation tolerance relaxed to achieve convergence from 1.4043469917091186e-04 to 1.4043469917091286e-04 seconds.
Warning: Simulation tolerance relaxed to achieve convergence from 1.4043469917091587e-04 to 1.4043469917091687e-04 seconds.
Warning: Simulation tolerance relaxed to achieve convergence from 1.4043469917093089e-04 to 1.4043469917093189e-04 seconds.
Warning: Simulation tolerance relaxed to achieve convergence from 1.4043469917093289e-04 to 1.4043469917093389e-04 seconds.
Warning: Simulation tolerance relaxed to achieve convergence from 1.4043469917095192e-04 to 1.4043469917095292e-04 seconds.
Warning: Simulation tolerance relaxed to achieve convergence from 1.4043469917106199e-04 to 1.4043469917106300e-04 seconds.
Warning: Simulation tolerance relaxed to achieve convergence from 1.4043469917106300e-04 to 1.4043469917106400e-04 seconds.
Warning: Simulation tolerance relaxed to achieve convergence from 1.4043469917106400e-04 to 1.4043469917106500e-04 seconds.
Warning: Simulation tolerance relaxed to achieve convergence from 1.4043469917106500e-04 to 1.4043469917106600e-04 seconds.
Warning: Simulation tolerance relaxed to achieve convergence from 1.4043469917208900e-04 to 1.4043469917209001e-04 seconds.
Warning: Simulation tolerance relaxed to achieve convergence from 1.4043469917209001e-04 to 1.4043469917209101e-04 seconds.
Warning: Simulation tolerance relaxed to achieve convergence from 1.4043469917209302e-04 to 1.4043469917209402e-04 seconds.
Warning: Simulation tolerance relaxed to achieve convergence from 1.4043469917209502e-04 to 1.4043469917209602e-04 seconds.
Warning: Simulation tolerance relaxed to achieve convergence from 1.4043469917210706e-04 to 1.4043469917210806e-04 seconds.
Warning: Simulation tolerance relaxed to achieve convergence from 1.4043469917210906e-04 to 1.4043469917211006e-04 seconds.
Warning: Simulation tolerance relaxed to achieve convergence from 1.4043469917211006e-04 to 1.4043469917211107e-04 seconds.
Warning: Simulation tolerance relaxed to achieve convergence from 1.4043469917211809e-04 to 1.4043469917211909e-04 seconds.
Warning: Simulation tolerance relaxed to achieve convergence from 1.4043469917215116e-04 to 1.4043469917215216e-04 seconds.
Warning: Simulation tolerance relaxed to achieve convergence from 1.4043469917215216e-04 to 1.4043469917215316e-04 seconds.
Warning: Simulation tolerance relaxed to achieve convergence from 1.4043469917215316e-04 to 1.4043469917215416e-04 seconds.
Warning: Simulation tolerance relaxed to achieve convergence from 1.4043469917219019e-04 to 1.4043469917219119e-04 seconds.
Warning: Simulation tolerance relaxed to achieve convergence from 1.4043469917219219e-04 to 1.4043469917219320e-04 seconds.
Warning: Simulation tolerance relaxed to achieve convergence from 1.4043469917219921e-04 to 1.4043469917220022e-04 seconds.
Warning: Simulation tolerance relaxed to achieve convergence from 1.4043469917220222e-04 to 1.4043469917220322e-04 seconds.
Warning: Simulation tolerance relaxed to achieve convergence from 1.4043469917220322e-04 to 1.4043469917220423e-04 seconds.
Warning: Simulation tolerance relaxed to achieve convergence from 1.4043469917297130e-04 to 1.4043469917297230e-04 seconds.
Warning: Simulation tolerance relaxed to achieve convergence from 1.4043469917298133e-04 to 1.4043469917298233e-04 seconds.
Warning: Simulation tolerance relaxed to achieve convergence from 1.4043469917299136e-04 to 1.4043469917299236e-04 seconds.
Warning: Simulation tolerance relaxed to achieve convergence from 1.4043469917302640e-04 to 1.4043469917302741e-04 seconds.
Warning: Simulation tolerance relaxed to achieve convergence from 1.4043469917302741e-04 to 1.4043469917302841e-04 seconds.
Warning: Simulation tolerance relaxed to achieve convergence from 1.4043469917303042e-04 to 1.4043469917303142e-04 seconds.
Warning: Simulation tolerance relaxed to achieve convergence from 1.4043469917307649e-04 to 1.4043469917307750e-04 seconds.
Warning: Simulation tolerance relaxed to achieve convergence from 1.4043469917307750e-04 to 1.4043469917307850e-04 seconds.
Warning: Simulation tolerance relaxed to achieve convergence from 1.4043469917310054e-04 to 1.4043469917310154e-04 seconds.
Warning: Simulation tolerance relaxed to achieve convergence from 1.4169280431272752e-04 to 1.4169280431272852e-04 seconds.
Warning: Simulation tolerance relaxed to achieve convergence from 1.4169280431286857e-04 to 1.4169280431286957e-04 seconds.
Warning: Simulation tolerance relaxed to achieve convergence from 1.4169280431316464e-04 to 1.4169280431316564e-04 seconds.
Warning: Simulation tolerance relaxed to achieve convergence from 1.4169280431467566e-04 to 1.4169280431467667e-04 seconds.
Warning: Simulation tolerance relaxed to achieve convergence from 1.4169280431550570e-04 to 1.4169280431550671e-04 seconds.
Warning: Simulation tolerance relaxed to achieve convergence from 1.4169280431573772e-04 to 1.4169280431573872e-04 seconds.
Warning: Simulation tolerance relaxed to achieve convergence from 1.4169280431575678e-04 to 1.4169280431575778e-04 seconds.
Warning: Simulation tolerance relaxed to achieve convergence from 1.4169280431575778e-04 to 1.4169280431575878e-04 seconds.
Warning: Simulation tolerance relaxed to achieve convergence from 1.4169280431577182e-04 to 1.4169280431577282e-04 seconds.
Warning: Simulation tolerance relaxed to achieve convergence from 1.4169280431769498e-04 to 1.4169280431769598e-04 seconds.
Warning: Simulation tolerance relaxed to achieve convergence from 1.4169280431782007e-04 to 1.4169280431782107e-04 seconds.
Warning: Simulation tolerance relaxed to achieve convergence from 1.4792204723179477e-04 to 1.4792204723179577e-04 seconds.
Warning: Simulation tolerance relaxed to achieve convergence from 1.4792204723212781e-04 to 1.4792204723212881e-04 seconds.
Warning: Simulation tolerance relaxed to achieve convergence from 1.4792204723244586e-04 to 1.4792204723244686e-04 seconds.
Warning: Simulation tolerance relaxed to achieve convergence from 1.4792204723245288e-04 to 1.4792204723245388e-04 seconds.
Warning: Simulation tolerance relaxed to achieve convergence from 1.4792204723247993e-04 to 1.4792204723248093e-04 seconds.
Warning: Simulation tolerance relaxed to achieve convergence from 1.4792204723248093e-04 to 1.4792204723248193e-04 seconds.
Warning: Simulation tolerance relaxed to achieve convergence from 1.4792204723248193e-04 to 1.4792204723248294e-04 seconds.
Warning: Simulation tolerance relaxed to achieve convergence from 1.4792204723248294e-04 to 1.4792204723248394e-04 seconds.
Warning: Simulation tolerance relaxed to achieve convergence from 1.4792204723248394e-04 to 1.4792204723248494e-04 seconds.
Warning: Simulation tolerance relaxed to achieve convergence from 1.4792204723254696e-04 to 1.4792204723254796e-04 seconds.
Warning: Simulation tolerance relaxed to achieve convergence from 1.4792204723254796e-04 to 1.4792204723254896e-04 seconds.
Warning: Simulation tolerance relaxed to achieve convergence from 1.4792204723264202e-04 to 1.4792204723264302e-04 seconds.
Warning: Simulation tolerance relaxed to achieve convergence from 1.4792204723264302e-04 to 1.4792204723264402e-04 seconds.
Warning: Simulation tolerance relaxed to achieve convergence from 1.4792204723264402e-04 to 1.4792204723264503e-04 seconds.
Warning: Simulation tolerance relaxed to achieve convergence from 1.4792204723264503e-04 to 1.4792204723264603e-04 seconds.
Warning: Simulation tolerance relaxed to achieve convergence from 1.4792204723264603e-04 to 1.4792204723264703e-04 seconds.
Warning: Simulation tolerance relaxed to achieve convergence from 1.4792204723295906e-04 to 1.4792204723296007e-04 seconds.
Warning: Simulation tolerance relaxed to achieve convergence from 1.4792204723296007e-04 to 1.4792204723296107e-04 seconds.
Warning: Simulation tolerance relaxed to achieve convergence from 1.4792204723296107e-04 to 1.4792204723296207e-04 seconds.
Warning: Simulation tolerance relaxed to achieve convergence from 1.4792204723296308e-04 to 1.4792204723296408e-04 seconds.
Warning: Simulation tolerance relaxed to achieve convergence from 1.4792204723296408e-04 to 1.4792204723296508e-04 seconds.
Warning: Simulation tolerance relaxed to achieve convergence from 1.4792204723296709e-04 to 1.4792204723296809e-04 seconds.
Warning: Simulation tolerance relaxed to achieve convergence from 1.4792204723296809e-04 to 1.4792204723296909e-04 seconds.
Warning: Simulation tolerance relaxed to achieve convergence from 1.4792204723296909e-04 to 1.4792204723297010e-04 seconds.
Warning: Simulation tolerance relaxed to achieve convergence from 1.4792204723304615e-04 to 1.4792204723304716e-04 seconds.
Warning: Simulation tolerance relaxed to achieve convergence from 1.4792204723304716e-04 to 1.4792204723304816e-04 seconds.
Warning: Simulation tolerance relaxed to achieve convergence from 1.4792204723305016e-04 to 1.4792204723305117e-04 seconds.
Warning: Simulation tolerance relaxed to achieve convergence from 1.4792204723305217e-04 to 1.4792204723305317e-04 seconds.
Warning: Simulation tolerance relaxed to achieve convergence from 1.4792204723305317e-04 to 1.4792204723305418e-04 seconds.
Warning: Simulation tolerance relaxed to achieve convergence from 1.4792204723305518e-04 to 1.4792204723305618e-04 seconds.
Warning: Simulation tolerance relaxed to achieve convergence from 1.4792204723311823e-04 to 1.4792204723311923e-04 seconds.
Warning: Simulation tolerance relaxed to achieve convergence from 1.4792204723312324e-04 to 1.4792204723312424e-04 seconds.
Warning: Simulation tolerance relaxed to achieve convergence from 1.4792204723312424e-04 to 1.4792204723312525e-04 seconds.
Warning: Simulation tolerance relaxed to achieve convergence from 1.4792204723313126e-04 to 1.4792204723313227e-04 seconds.
Warning: Simulation tolerance relaxed to achieve convergence from 1.4792204723313227e-04 to 1.4792204723313327e-04 seconds.
Warning: Simulation tolerance relaxed to achieve convergence from 1.4792204723313327e-04 to 1.4792204723313427e-04 seconds.
Warning: Simulation tolerance relaxed to achieve convergence from 1.4792204723317829e-04 to 1.4792204723317929e-04 seconds.
Warning: Simulation tolerance relaxed to achieve convergence from 1.4792204723319233e-04 to 1.4792204723319333e-04 seconds.
Warning: Simulation tolerance relaxed to achieve convergence from 1.4792204723319434e-04 to 1.4792204723319534e-04 seconds.
Warning: Simulation tolerance relaxed to achieve convergence from 1.4792204723319734e-04 to 1.4792204723319835e-04 seconds.
Warning: Simulation tolerance relaxed to achieve convergence from 1.4792204723320035e-04 to 1.4792204723320136e-04 seconds.
Warning: Simulation tolerance relaxed to achieve convergence from 1.4792204723337637e-04 to 1.4792204723337738e-04 seconds.
Warning: Simulation tolerance relaxed to achieve convergence from 1.4792204723337738e-04 to 1.4792204723337838e-04 seconds.
Warning: Simulation tolerance relaxed to achieve convergence from 1.4792204723338039e-04 to 1.4792204723338139e-04 seconds.
Warning: Simulation tolerance relaxed to achieve convergence from 1.4792204723338139e-04 to 1.4792204723338239e-04 seconds.
Warning: Simulation tolerance relaxed to achieve convergence from 1.4792204723338941e-04 to 1.4792204723339041e-04 seconds.
Warning: Simulation tolerance relaxed to achieve convergence from 1.4792204723339041e-04 to 1.4792204723339142e-04 seconds.
Warning: Simulation tolerance relaxed to achieve convergence from 1.4792204723342145e-04 to 1.4792204723342245e-04 seconds.
Warning: Simulation tolerance relaxed to achieve convergence from 1.4792204723344351e-04 to 1.4792204723344452e-04 seconds.
Warning: Simulation tolerance relaxed to achieve convergence from 1.4792204723344452e-04 to 1.4792204723344552e-04 seconds.
Warning: Simulation tolerance relaxed to achieve convergence from 1.4792204723344752e-04 to 1.4792204723344853e-04 seconds.
Warning: Simulation tolerance relaxed to achieve convergence from 1.4792204723417557e-04 to 1.4792204723417657e-04 seconds.
Warning: Simulation tolerance relaxed to achieve convergence from 1.4792204723418259e-04 to 1.4792204723418359e-04 seconds.
Warning: Simulation tolerance relaxed to achieve convergence from 1.4792204723418961e-04 to 1.4792204723419061e-04 seconds.
Warning: Simulation tolerance relaxed to achieve convergence from 1.4792204723419663e-04 to 1.4792204723419763e-04 seconds.
Warning: Simulation tolerance relaxed to achieve convergence from 1.4792204723419763e-04 to 1.4792204723419863e-04 seconds.
Warning: Simulation tolerance relaxed to achieve convergence from 1.4792204723421568e-04 to 1.4792204723421668e-04 seconds.
Warning: Simulation tolerance relaxed to achieve convergence from 1.4792206280167224e-04 to 1.4792206280167324e-04 seconds.
Warning: Simulation tolerance relaxed to achieve convergence from 1.4792206280167926e-04 to 1.4792206280168026e-04 seconds.
Warning: Simulation tolerance relaxed to achieve convergence from 1.4792206280168829e-04 to 1.4792206280168929e-04 seconds.
Warning: Simulation tolerance relaxed to achieve convergence from 1.4792206280168929e-04 to 1.4792206280169029e-04 seconds.
Warning: Simulation tolerance relaxed to achieve convergence from 1.4792206280169029e-04 to 1.4792206280169129e-04 seconds.
Warning: Simulation tolerance relaxed to achieve convergence from 1.4792206280169129e-04 to 1.4792206280169230e-04 seconds.
Warning: Simulation tolerance relaxed to achieve convergence from 1.4792206280169230e-04 to 1.4792206280169330e-04 seconds.
Warning: Simulation tolerance relaxed to achieve convergence from 1.4792206280169330e-04 to 1.4792206280169430e-04 seconds.
Warning: Simulation tolerance relaxed to achieve convergence from 1.4792206280169731e-04 to 1.4792206280169831e-04 seconds.
Warning: Simulation tolerance relaxed to achieve convergence from 1.4792206280169831e-04 to 1.4792206280169932e-04 seconds.
Warning: Simulation tolerance relaxed to achieve convergence from 1.4792206280170533e-04 to 1.4792206280170634e-04 seconds.
Warning: Simulation tolerance relaxed to achieve convergence from 1.4792206280170634e-04 to 1.4792206280170734e-04 seconds.
Warning: Simulation tolerance relaxed to achieve convergence from 1.4792206280170834e-04 to 1.4792206280170935e-04 seconds.
Warning: Simulation tolerance relaxed to achieve convergence from 1.4792206280171436e-04 to 1.4792206280171536e-04 seconds.
Warning: Simulation tolerance relaxed to achieve convergence from 1.4792206280173141e-04 to 1.4792206280173241e-04 seconds.
Warning: Simulation tolerance relaxed to achieve convergence from 1.4792206280173241e-04 to 1.4792206280173342e-04 seconds.
Warning: Simulation tolerance relaxed to achieve convergence from 1.4792206280173342e-04 to 1.4792206280173442e-04 seconds.
Warning: Simulation tolerance relaxed to achieve convergence from 1.4792206280175044e-04 to 1.4792206280175144e-04 seconds.
Warning: Simulation tolerance relaxed to achieve convergence from 1.4792206280185848e-04 to 1.4792206280185948e-04 seconds.
Warning: Simulation tolerance relaxed to achieve convergence from 1.4792206280193651e-04 to 1.4792206280193752e-04 seconds.
Warning: Simulation tolerance relaxed to achieve convergence from 1.4792206280193752e-04 to 1.4792206280193852e-04 seconds.
Warning: Simulation tolerance relaxed to achieve convergence from 1.4792206280193852e-04 to 1.4792206280193952e-04 seconds.
Warning: Simulation tolerance relaxed to achieve convergence from 1.4792206280193952e-04 to 1.4792206280194053e-04 seconds.
Warning: Simulation tolerance relaxed to achieve convergence from 1.4792206280195855e-04 to 1.4792206280195955e-04 seconds.
Warning: Simulation tolerance relaxed to achieve convergence from 1.4792206280239958e-04 to 1.4792206280240058e-04 seconds.
Warning: Simulation tolerance relaxed to achieve convergence from 1.4792206280259663e-04 to 1.4792206280259763e-04 seconds.
Warning: Simulation tolerance relaxed to achieve convergence from 1.4792206280274167e-04 to 1.4792206280274267e-04 seconds.
Warning: Simulation tolerance relaxed to achieve convergence from 1.4792206280274267e-04 to 1.4792206280274368e-04 seconds.
Warning: Simulation tolerance relaxed to achieve convergence from 1.4792206280274368e-04 to 1.4792206280274468e-04 seconds.
Warning: Simulation tolerance relaxed to achieve convergence from 1.4792206280279973e-04 to 1.4792206280280073e-04 seconds.
Warning: Simulation tolerance relaxed to achieve convergence from 1.4792206280280073e-04 to 1.4792206280280173e-04 seconds.
Warning: Simulation tolerance relaxed to achieve convergence from 1.4792206280280173e-04 to 1.4792206280280274e-04 seconds.
Warning: Simulation tolerance relaxed to achieve convergence from 1.4792206280280976e-04 to 1.4792206280281076e-04 seconds.
Warning: Simulation tolerance relaxed to achieve convergence from 1.4792206280325181e-04 to 1.4792206280325282e-04 seconds.
Warning: Simulation tolerance relaxed to achieve convergence from 1.4792206280325984e-04 to 1.4792206280326084e-04 seconds.
Warning: Simulation tolerance relaxed to achieve convergence from 1.4792206280352986e-04 to 1.4792206280353086e-04 seconds.
Warning: Simulation tolerance relaxed to achieve convergence from 1.4792206280353287e-04 to 1.4792206280353387e-04 seconds.
Warning: Simulation tolerance relaxed to achieve convergence from 1.4792206280356293e-04 to 1.4792206280356393e-04 seconds.
Warning: Simulation tolerance relaxed to achieve convergence from 1.4792206280357496e-04 to 1.4792206280357596e-04 seconds.
Warning: Simulation tolerance relaxed to achieve convergence from 1.4792206280357596e-04 to 1.4792206280357697e-04 seconds.
Warning: Simulation tolerance relaxed to achieve convergence from 1.4792206280390003e-04 to 1.4792206280390103e-04 seconds.
Warning: Simulation tolerance relaxed to achieve convergence from 1.4792206280390103e-04 to 1.4792206280390204e-04 seconds.
Warning: Simulation tolerance relaxed to achieve convergence from 1.4792206280390304e-04 to 1.4792206280390404e-04 seconds.
Warning: Simulation tolerance relaxed to achieve convergence from 1.4792206280397907e-04 to 1.4792206280398007e-04 seconds.
Warning: Simulation tolerance relaxed to achieve convergence from 1.4792206280405811e-04 to 1.4792206280405911e-04 seconds.
Warning: Simulation tolerance relaxed to achieve convergence from 1.4792206280406312e-04 to 1.4792206280406413e-04 seconds.
Warning: Simulation tolerance relaxed to achieve convergence from 1.4792206280409413e-04 to 1.4792206280409513e-04 seconds.
Warning: Simulation tolerance relaxed to achieve convergence from 1.4792206280409513e-04 to 1.4792206280409614e-04 seconds.
Warning: Simulation tolerance relaxed to achieve convergence from 1.4792206280461219e-04 to 1.4792206280461319e-04 seconds.
Warning: Simulation tolerance relaxed to achieve convergence from 1.4792206280461319e-04 to 1.4792206280461420e-04 seconds.
Warning: Simulation tolerance relaxed to achieve convergence from 1.4792206280463322e-04 to 1.4792206280463423e-04 seconds.
Warning: Simulation tolerance relaxed to achieve convergence from 1.4792206280466827e-04 to 1.4792206280466927e-04 seconds.
Warning: Simulation tolerance relaxed to achieve convergence from 1.4792206280467128e-04 to 1.4792206280467228e-04 seconds.
Warning: Simulation tolerance relaxed to achieve convergence from 1.4792206280473332e-04 to 1.4792206280473432e-04 seconds.
Warning: Simulation tolerance relaxed to achieve convergence from 1.4792206280473633e-04 to 1.4792206280473733e-04 seconds.
Warning: Simulation tolerance relaxed to achieve convergence from 1.4792206280473733e-04 to 1.4792206280473834e-04 seconds.
Warning: Simulation tolerance relaxed to achieve convergence from 1.4792206280473834e-04 to 1.4792206280473934e-04 seconds.
Warning: Simulation tolerance relaxed to achieve convergence from 1.4792206280473934e-04 to 1.4792206280474034e-04 seconds.
Warning: Simulation tolerance relaxed to achieve convergence from 1.4792206280474335e-04 to 1.4792206280474435e-04 seconds.
Warning: Simulation tolerance relaxed to achieve convergence from 1.4792206280474837e-04 to 1.4792206280474937e-04 seconds.
Warning: Simulation tolerance relaxed to achieve convergence from 1.4792206280477140e-04 to 1.4792206280477241e-04 seconds.
Warning: Simulation tolerance relaxed to achieve convergence from 1.4792206280502446e-04 to 1.4792206280502546e-04 seconds.
Warning: Simulation tolerance relaxed to achieve convergence from 1.4792206280565557e-04 to 1.4792206280565657e-04 seconds.
Warning: Simulation tolerance relaxed to achieve convergence from 1.4792211729009220e-04 to 1.4792211729009320e-04 seconds.
Warning: Simulation tolerance relaxed to achieve convergence from 1.4792211729011524e-04 to 1.4792211729011624e-04 seconds.
Warning: Simulation tolerance relaxed to achieve convergence from 1.4792211729022328e-04 to 1.4792211729022428e-04 seconds.
Warning: Simulation tolerance relaxed to achieve convergence from 1.4792211729026931e-04 to 1.4792211729027031e-04 seconds.
Warning: Simulation tolerance relaxed to achieve convergence from 1.4792211729027031e-04 to 1.4792211729027131e-04 seconds.
Warning: Simulation tolerance relaxed to achieve convergence from 1.4805386292545365e-04 to 1.4805386292545466e-04 seconds.
Warning: Simulation tolerance relaxed to achieve convergence from 1.4805386292547569e-04 to 1.4805386292547669e-04 seconds.
Warning: Simulation tolerance relaxed to achieve convergence from 1.4805386292548572e-04 to 1.4805386292548672e-04 seconds.
Warning: Simulation tolerance relaxed to achieve convergence from 1.4805386292561078e-04 to 1.4805386292561179e-04 seconds.
Warning: Simulation tolerance relaxed to achieve convergence from 1.4805386292561981e-04 to 1.4805386292562081e-04 seconds.
Warning: Simulation tolerance relaxed to achieve convergence from 1.4805386292562081e-04 to 1.4805386292562181e-04 seconds.
Warning: Simulation tolerance relaxed to achieve convergence from 1.4805386292562583e-04 to 1.4805386292562683e-04 seconds.
Warning: Simulation tolerance relaxed to achieve convergence from 1.4805386292589490e-04 to 1.4805386292589590e-04 seconds.
Warning: Simulation tolerance relaxed to achieve convergence from 1.4805386292597193e-04 to 1.4805386292597293e-04 seconds.
Warning: Simulation tolerance relaxed to achieve convergence from 1.4805386292600299e-04 to 1.4805386292600400e-04 seconds.
Warning: Simulation tolerance relaxed to achieve convergence from 1.4805386292600700e-04 to 1.4805386292600801e-04 seconds.
Warning: Simulation tolerance relaxed to achieve convergence from 1.4805386292601402e-04 to 1.4805386292601503e-04 seconds.
Warning: Simulation tolerance relaxed to achieve convergence from 1.4805386292601804e-04 to 1.4805386292601904e-04 seconds.
Warning: Simulation tolerance relaxed to achieve convergence from 1.4805386292602205e-04 to 1.4805386292602305e-04 seconds.
Warning: Simulation tolerance relaxed to achieve convergence from 1.4805386292619709e-04 to 1.4805386292619809e-04 seconds.
Warning: Simulation tolerance relaxed to achieve convergence from 1.4805386292619809e-04 to 1.4805386292619910e-04 seconds.
Warning: Simulation tolerance relaxed to achieve convergence from 1.4805386292620110e-04 to 1.4805386292620211e-04 seconds.
Warning: Simulation tolerance relaxed to achieve convergence from 1.4805386292620311e-04 to 1.4805386292620411e-04 seconds.
Warning: Simulation tolerance relaxed to achieve convergence from 1.4805386292620512e-04 to 1.4805386292620612e-04 seconds.
Warning: Simulation tolerance relaxed to achieve convergence from 1.4805386292620612e-04 to 1.4805386292620712e-04 seconds.
Warning: Simulation tolerance relaxed to achieve convergence from 1.4805386292621113e-04 to 1.4805386292621214e-04 seconds.
Warning: Simulation tolerance relaxed to achieve convergence from 1.5554160109637109e-04 to 1.5554160109637209e-04 seconds.
Warning: Simulation tolerance relaxed to achieve convergence from 1.5554160109637209e-04 to 1.5554160109637310e-04 seconds.
Warning: Simulation tolerance relaxed to achieve convergence from 1.5554160109644314e-04 to 1.5554160109644414e-04 seconds.
Warning: Simulation tolerance relaxed to achieve convergence from 1.5554160109658031e-04 to 1.5554160109658132e-04 seconds.
Warning: Simulation tolerance relaxed to achieve convergence from 1.5554160109658332e-04 to 1.5554160109658433e-04 seconds.
Warning: Simulation tolerance relaxed to achieve convergence from 1.5554160109658633e-04 to 1.5554160109658733e-04 seconds.
Warning: Simulation tolerance relaxed to achieve convergence from 1.5554160109660037e-04 to 1.5554160109660137e-04 seconds.
Warning: Simulation tolerance relaxed to achieve convergence from 1.5554160109660238e-04 to 1.5554160109660338e-04 seconds.
Warning: Simulation tolerance relaxed to achieve convergence from 1.5554160109666439e-04 to 1.5554160109666540e-04 seconds.
Warning: Simulation tolerance relaxed to achieve convergence from 1.5554160109667242e-04 to 1.5554160109667342e-04 seconds.
Warning: Simulation tolerance relaxed to achieve convergence from 1.5554160109669044e-04 to 1.5554160109669144e-04 seconds.
Warning: Simulation tolerance relaxed to achieve convergence from 1.5554160109669746e-04 to 1.5554160109669846e-04 seconds.
Warning: Simulation tolerance relaxed to achieve convergence from 1.5554160109674953e-04 to 1.5554160109675053e-04 seconds.
Warning: Simulation tolerance relaxed to achieve convergence from 1.5554160109675755e-04 to 1.5554160109675856e-04 seconds.
Warning: Simulation tolerance relaxed to achieve convergence from 1.5554160109676558e-04 to 1.5554160109676658e-04 seconds.
Warning: Simulation tolerance relaxed to achieve convergence from 1.5554160109677561e-04 to 1.5554160109677661e-04 seconds.
Warning: Simulation tolerance relaxed to achieve convergence from 1.5554160109677661e-04 to 1.5554160109677761e-04 seconds.
Warning: Simulation tolerance relaxed to achieve convergence from 1.5554160109678263e-04 to 1.5554160109678363e-04 seconds.
Warning: Simulation tolerance relaxed to achieve convergence from 1.5554160109678563e-04 to 1.5554160109678664e-04 seconds.
Warning: Simulation tolerance relaxed to achieve convergence from 1.5554180088947153e-04 to 1.5554180088947253e-04 seconds.
Warning: Simulation tolerance relaxed to achieve convergence from 1.5554180088949861e-04 to 1.5554180088949961e-04 seconds.
Warning: Simulation tolerance relaxed to achieve convergence from 1.5554180088950864e-04 to 1.5554180088950964e-04 seconds.
Warning: Simulation tolerance relaxed to achieve convergence from 1.5554180088951265e-04 to 1.5554180088951365e-04 seconds.
Warning: Simulation tolerance relaxed to achieve convergence from 1.5554180088958372e-04 to 1.5554180088958472e-04 seconds.
Warning: Simulation tolerance relaxed to achieve convergence from 1.5554180088958973e-04 to 1.5554180088959074e-04 seconds.
Warning: Simulation tolerance relaxed to achieve convergence from 1.5554180088959274e-04 to 1.5554180088959375e-04 seconds.
Warning: Simulation tolerance relaxed to achieve convergence from 1.5554180088960578e-04 to 1.5554180088960678e-04 seconds.
Warning: Simulation tolerance relaxed to achieve convergence from 1.5554180088962885e-04 to 1.5554180088962985e-04 seconds.
Warning: Simulation tolerance relaxed to achieve convergence from 1.5554180088979096e-04 to 1.5554180088979197e-04 seconds.
Warning: Simulation tolerance relaxed to achieve convergence from 1.5554180088996197e-04 to 1.5554180088996297e-04 seconds.
Warning: Simulation tolerance relaxed to achieve convergence from 1.5554180089025202e-04 to 1.5554180089025302e-04 seconds.
Warning: Simulation tolerance relaxed to achieve convergence from 1.5554180089065103e-04 to 1.5554180089065204e-04 seconds.
Warning: Simulation tolerance relaxed to achieve convergence from 1.5554180089065204e-04 to 1.5554180089065304e-04 seconds.
Warning: Simulation tolerance relaxed to achieve convergence from 1.5554180089065605e-04 to 1.5554180089065705e-04 seconds.
Warning: Simulation tolerance relaxed to achieve convergence from 1.5554180089066307e-04 to 1.5554180089066407e-04 seconds.
Warning: Simulation tolerance relaxed to achieve convergence from 1.5554180089070210e-04 to 1.5554180089070310e-04 seconds.
Warning: Simulation tolerance relaxed to achieve convergence from 1.5554180089070410e-04 to 1.5554180089070511e-04 seconds.
Warning: Simulation tolerance relaxed to achieve convergence from 1.5554180089077116e-04 to 1.5554180089077217e-04 seconds.
Warning: Simulation tolerance relaxed to achieve convergence from 1.5554180089077217e-04 to 1.5554180089077317e-04 seconds.
Warning: Simulation tolerance relaxed to achieve convergence from 1.5554180089078718e-04 to 1.5554180089078818e-04 seconds.
Warning: Simulation tolerance relaxed to achieve convergence from 1.5554180089087525e-04 to 1.5554180089087625e-04 seconds.
Warning: Simulation tolerance relaxed to achieve convergence from 1.5554180089088227e-04 to 1.5554180089088327e-04 seconds.
Warning: Simulation tolerance relaxed to achieve convergence from 1.5554180089089029e-04 to 1.5554180089089129e-04 seconds.
Warning: Simulation tolerance relaxed to achieve convergence from 1.5554184290017276e-04 to 1.5554184290017377e-04 seconds.
Warning: Simulation tolerance relaxed to achieve convergence from 1.5554184290017577e-04 to 1.5554184290017677e-04 seconds.
Warning: Simulation tolerance relaxed to achieve convergence from 1.5554184290019081e-04 to 1.5554184290019182e-04 seconds.
Warning: Simulation tolerance relaxed to achieve convergence from 1.5554184290019382e-04 to 1.5554184290019483e-04 seconds.
Warning: Simulation tolerance relaxed to achieve convergence from 1.5554185967817688e-04 to 1.5554185967817788e-04 seconds.
Warning: Simulation tolerance relaxed to achieve convergence from 1.5554185967818189e-04 to 1.5554185967818290e-04 seconds.
Warning: Simulation tolerance relaxed to achieve convergence from 1.5554185967819092e-04 to 1.5554185967819192e-04 seconds.
Warning: Simulation tolerance relaxed to achieve convergence from 1.5554185967824299e-04 to 1.5554185967824399e-04 seconds.
Warning: Simulation tolerance relaxed to achieve convergence from 1.5554185967827703e-04 to 1.5554185967827803e-04 seconds.
Warning: Simulation tolerance relaxed to achieve convergence from 1.5554198608199555e-04 to 1.5554198608199655e-04 seconds.
Warning: Simulation tolerance relaxed to achieve convergence from 1.5554198608201059e-04 to 1.5554198608201160e-04 seconds.
Warning: Simulation tolerance relaxed to achieve convergence from 1.5554198608205169e-04 to 1.5554198608205269e-04 seconds.
Warning: Simulation tolerance relaxed to achieve convergence from 1.5554198608206971e-04 to 1.5554198608207071e-04 seconds.
Warning: Simulation tolerance relaxed to achieve convergence from 1.5554198608207172e-04 to 1.5554198608207272e-04 seconds.
Warning: Simulation tolerance relaxed to achieve convergence from 1.5554198608258574e-04 to 1.5554198608258674e-04 seconds.
Warning: Simulation tolerance relaxed to achieve convergence from 1.5554198608259276e-04 to 1.5554198608259376e-04 seconds.
Warning: Simulation tolerance relaxed to achieve convergence from 1.5554198608274883e-04 to 1.5554198608274983e-04 seconds.
Warning: Simulation tolerance relaxed to achieve convergence from 1.5554198608275083e-04 to 1.5554198608275184e-04 seconds.
Warning: Simulation tolerance relaxed to achieve convergence from 1.5554198608279586e-04 to 1.5554198608279686e-04 seconds.
Warning: Simulation tolerance relaxed to achieve convergence from 1.5554198608342494e-04 to 1.5554198608342594e-04 seconds.
Warning: Simulation tolerance relaxed to achieve convergence from 1.5554198608345299e-04 to 1.5554198608345399e-04 seconds.
Warning: Simulation tolerance relaxed to achieve convergence from 1.5554198608347603e-04 to 1.5554198608347703e-04 seconds.
Warning: Simulation tolerance relaxed to achieve convergence from 1.5554198608353116e-04 to 1.5554198608353216e-04 seconds.
Warning: Simulation tolerance relaxed to achieve convergence from 1.5554198608354019e-04 to 1.5554198608354119e-04 seconds.
Warning: Simulation tolerance relaxed to achieve convergence from 1.5554198608358028e-04 to 1.5554198608358128e-04 seconds.
Warning: Simulation tolerance relaxed to achieve convergence from 1.5554198608358228e-04 to 1.5554198608358328e-04 seconds.
Warning: Simulation tolerance relaxed to achieve convergence from 1.5554198608404437e-04 to 1.5554198608404537e-04 seconds.
Warning: Simulation tolerance relaxed to achieve convergence from 1.5554198608405139e-04 to 1.5554198608405239e-04 seconds.
Warning: Simulation tolerance relaxed to achieve convergence from 1.5554198608405841e-04 to 1.5554198608405941e-04 seconds.
Warning: Simulation tolerance relaxed to achieve convergence from 1.5554198608407145e-04 to 1.5554198608407245e-04 seconds.
Warning: Simulation tolerance relaxed to achieve convergence from 1.5554198608408047e-04 to 1.5554198608408148e-04 seconds.
Warning: Simulation tolerance relaxed to achieve convergence from 1.5554198608431255e-04 to 1.5554198608431355e-04 seconds.
Warning: Simulation tolerance relaxed to achieve convergence from 1.5554198608431455e-04 to 1.5554198608431555e-04 seconds.
Warning: Simulation tolerance relaxed to achieve convergence from 1.5554198608434461e-04 to 1.5554198608434561e-04 seconds.
Warning: Simulation tolerance relaxed to achieve convergence from 1.5554198608439665e-04 to 1.5554198608439766e-04 seconds.
Warning: Simulation tolerance relaxed to achieve convergence from 1.5554198608443273e-04 to 1.5554198608443373e-04 seconds.
Warning: Simulation tolerance relaxed to achieve convergence from 1.5554198608451578e-04 to 1.5554198608451678e-04 seconds.
Warning: Simulation tolerance relaxed to achieve convergence from 1.5554198608472002e-04 to 1.5554198608472102e-04 seconds.
Warning: Simulation tolerance relaxed to achieve convergence from 1.5554198608472102e-04 to 1.5554198608472202e-04 seconds.
Warning: Simulation tolerance relaxed to achieve convergence from 1.5554198608477707e-04 to 1.5554198608477808e-04 seconds.
Warning: Simulation tolerance relaxed to achieve convergence from 1.5554198608478510e-04 to 1.5554198608478610e-04 seconds.
Warning: Simulation tolerance relaxed to achieve convergence from 1.5554198608478610e-04 to 1.5554198608478710e-04 seconds.
Warning: Simulation tolerance relaxed to achieve convergence from 1.5554198608482914e-04 to 1.5554198608483014e-04 seconds.
Warning: Simulation tolerance relaxed to achieve convergence from 1.5554198608484118e-04 to 1.5554198608484218e-04 seconds.
Warning: Simulation tolerance relaxed to achieve convergence from 1.5554198608487519e-04 to 1.5554198608487620e-04 seconds.
Warning: Simulation tolerance relaxed to achieve convergence from 1.5554198608542030e-04 to 1.5554198608542131e-04 seconds.
Warning: Simulation tolerance relaxed to achieve convergence from 1.5554198608543635e-04 to 1.5554198608543735e-04 seconds.
Warning: Simulation tolerance relaxed to achieve convergence from 1.5554198608545638e-04 to 1.5554198608545738e-04 seconds.
Warning: Simulation tolerance relaxed to achieve convergence from 1.5554198608550745e-04 to 1.5554198608550845e-04 seconds.
Warning: Simulation tolerance relaxed to achieve convergence from 1.5554198608561364e-04 to 1.5554198608561465e-04 seconds.
Warning: Simulation tolerance relaxed to achieve convergence from 1.5554198608562367e-04 to 1.5554198608562467e-04 seconds.
Warning: Simulation tolerance relaxed to achieve convergence from 1.5554198608564771e-04 to 1.5554198608564872e-04 seconds.
Warning: Simulation tolerance relaxed to achieve convergence from 1.5554198608564972e-04 to 1.5554198608565072e-04 seconds.
Warning: Simulation tolerance relaxed to achieve convergence from 1.5554198608566978e-04 to 1.5554198608567078e-04 seconds.
Warning: Simulation tolerance relaxed to achieve convergence from 1.5554198608569282e-04 to 1.5554198608569382e-04 seconds.
Warning: Simulation tolerance relaxed to achieve convergence from 1.5554198608569382e-04 to 1.5554198608569482e-04 seconds.
Warning: Simulation tolerance relaxed to achieve convergence from 1.5554198608570485e-04 to 1.5554198608570585e-04 seconds.
Warning: Simulation tolerance relaxed to achieve convergence from 1.5554198608570786e-04 to 1.5554198608570886e-04 seconds.
Warning: Simulation tolerance relaxed to achieve convergence from 1.5554198608573591e-04 to 1.5554198608573692e-04 seconds.
Warning: Simulation tolerance relaxed to achieve convergence from 1.5554198608577795e-04 to 1.5554198608577896e-04 seconds.
Warning: Simulation tolerance relaxed to achieve convergence from 1.5554198608591608e-04 to 1.5554198608591708e-04 seconds.
Warning: Simulation tolerance relaxed to achieve convergence from 1.5554198608592812e-04 to 1.5554198608592912e-04 seconds.
Warning: Simulation tolerance relaxed to achieve convergence from 1.5567536512101665e-04 to 1.5567536512101765e-04 seconds.
Warning: Simulation tolerance relaxed to achieve convergence from 1.5567536512102567e-04 to 1.5567536512102668e-04 seconds.
Warning: Simulation tolerance relaxed to achieve convergence from 1.5567536512108975e-04 to 1.5567536512109075e-04 seconds.
Warning: Simulation tolerance relaxed to achieve convergence from 1.5567536512122980e-04 to 1.5567536512123081e-04 seconds.
Warning: Simulation tolerance relaxed to achieve convergence from 1.5567536512124384e-04 to 1.5567536512124485e-04 seconds.
Warning: Simulation tolerance relaxed to achieve convergence from 1.5567536512124485e-04 to 1.5567536512124585e-04 seconds.
Warning: Simulation tolerance relaxed to achieve convergence from 1.5567536512124886e-04 to 1.5567536512124986e-04 seconds.
Warning: Simulation tolerance relaxed to achieve convergence from 1.5567536512126992e-04 to 1.5567536512127092e-04 seconds.
Warning: Simulation tolerance relaxed to achieve convergence from 1.5567536512166600e-04 to 1.5567536512166701e-04 seconds.
Warning: Simulation tolerance relaxed to achieve convergence from 1.5567536512190927e-04 to 1.5567536512191028e-04 seconds.
Warning: Simulation tolerance relaxed to achieve convergence from 1.5567536512202642e-04 to 1.5567536512202742e-04 seconds.
Warning: Simulation tolerance relaxed to achieve convergence from 1.5567536512204046e-04 to 1.5567536512204146e-04 seconds.
Warning: Simulation tolerance relaxed to achieve convergence from 1.5567536512205851e-04 to 1.5567536512205952e-04 seconds.
Warning: Simulation tolerance relaxed to achieve convergence from 1.5567536512217371e-04 to 1.5567536512217471e-04 seconds.
Warning: Simulation tolerance relaxed to achieve convergence from 1.5567536512222578e-04 to 1.5567536512222678e-04 seconds.
Warning: Simulation tolerance relaxed to achieve convergence from 1.5567536512276780e-04 to 1.5567536512276880e-04 seconds.
Warning: Simulation tolerance relaxed to achieve convergence from 1.5567536512277081e-04 to 1.5567536512277181e-04 seconds.
Warning: Simulation tolerance relaxed to achieve convergence from 1.5567536512277783e-04 to 1.5567536512277883e-04 seconds.
Warning: Simulation tolerance relaxed to achieve convergence from 1.5567536512280688e-04 to 1.5567536512280789e-04 seconds.
Warning: Simulation tolerance relaxed to achieve convergence from 1.5567536512281089e-04 to 1.5567536512281190e-04 seconds.
Warning: Simulation tolerance relaxed to achieve convergence from 2.5460198255279051e-04 to 2.5460198255279149e-04 seconds.
Warning: Simulation tolerance relaxed to achieve convergence from 2.5460198255287448e-04 to 2.5460198255287546e-04 seconds.
Warning: Simulation tolerance relaxed to achieve convergence from 2.5460198255287546e-04 to 2.5460198255287643e-04 seconds.
Warning: Simulation tolerance relaxed to achieve convergence from 2.5460198255287941e-04 to 2.5460198255288039e-04 seconds.
Warning: Simulation tolerance relaxed to achieve convergence from 2.5460198255291237e-04 to 2.5460198255291335e-04 seconds.
Warning: Simulation tolerance relaxed to achieve convergence from 2.5460198255323742e-04 to 2.5460198255323839e-04 seconds.
Warning: Simulation tolerance relaxed to achieve convergence from 2.5460198255324035e-04 to 2.5460198255324132e-04 seconds.
Warning: Simulation tolerance relaxed to achieve convergence from 2.5460198255324132e-04 to 2.5460198255324230e-04 seconds.
Warning: Simulation tolerance relaxed to achieve convergence from 2.5460198255324230e-04 to 2.5460198255324327e-04 seconds.
Warning: Simulation tolerance relaxed to achieve convergence from 2.5460198255325720e-04 to 2.5460198255325818e-04 seconds.
Warning: Simulation tolerance relaxed to achieve convergence from 2.5460198255446425e-04 to 2.5460198255446522e-04 seconds.
Warning: Simulation tolerance relaxed to achieve convergence from 2.5460198255446723e-04 to 2.5460198255446820e-04 seconds.
Warning: Simulation tolerance relaxed to achieve convergence from 2.5460198255450122e-04 to 2.5460198255450219e-04 seconds.
Warning: Simulation tolerance relaxed to achieve convergence from 2.5460198255450821e-04 to 2.5460198255450919e-04 seconds.
Warning: Simulation tolerance relaxed to achieve convergence from 2.5460198255475834e-04 to 2.5460198255475931e-04 seconds.
Warning: Simulation tolerance relaxed to achieve convergence from 2.5460198255477232e-04 to 2.5460198255477330e-04 seconds.
Warning: Simulation tolerance relaxed to achieve convergence from 2.5460198255484724e-04 to 2.5460198255484822e-04 seconds.
Warning: Simulation tolerance relaxed to achieve convergence from 2.5460198255488606e-04 to 2.5460198255488703e-04 seconds.
Warning: Simulation tolerance relaxed to achieve convergence from 2.5460198255488904e-04 to 2.5460198255489001e-04 seconds.
Warning: Simulation tolerance relaxed to achieve convergence from 2.5460198255494504e-04 to 2.5460198255494601e-04 seconds.
Warning: Simulation tolerance relaxed to achieve convergence from 2.5460198255501101e-04 to 2.5460198255501199e-04 seconds.
Warning: Simulation tolerance relaxed to achieve convergence from 2.5460198255501399e-04 to 2.5460198255501497e-04 seconds.
Warning: Simulation tolerance relaxed to achieve convergence from 2.5460198255501795e-04 to 2.5460198255501893e-04 seconds.
Warning: Simulation tolerance relaxed to achieve convergence from 2.5460198255504489e-04 to 2.5460198255504587e-04 seconds.
Warning: Simulation tolerance relaxed to achieve convergence from 2.5460198255504587e-04 to 2.5460198255504684e-04 seconds.
Warning: Simulation tolerance relaxed to achieve convergence from 2.5460198255526883e-04 to 2.5460198255526981e-04 seconds.
Warning: Simulation tolerance relaxed to achieve convergence from 2.5460198255527279e-04 to 2.5460198255527377e-04 seconds.
Warning: Simulation tolerance relaxed to achieve convergence from 2.5460198255542978e-04 to 2.5460198255543076e-04 seconds.
Warning: Simulation tolerance relaxed to achieve convergence from 2.5460198255557279e-04 to 2.5460198255557377e-04 seconds.
Warning: Simulation tolerance relaxed to achieve convergence from 2.5460198255557474e-04 to 2.5460198255557572e-04 seconds.
Warning: Simulation tolerance relaxed to achieve convergence from 2.5460198255558369e-04 to 2.5460198255558466e-04 seconds.
Warning: Simulation tolerance relaxed to achieve convergence from 2.5460198255558466e-04 to 2.5460198255558564e-04 seconds.
Warning: Simulation tolerance relaxed to achieve convergence from 2.5460198255567568e-04 to 2.5460198255567666e-04 seconds.
Warning: Simulation tolerance relaxed to achieve convergence from 2.5460198255583370e-04 to 2.5460198255583468e-04 seconds.
Warning: Simulation tolerance relaxed to achieve convergence from 2.5460198255593166e-04 to 2.5460198255593264e-04 seconds.
Warning: Simulation tolerance relaxed to achieve convergence from 2.5460198255596668e-04 to 2.5460198255596766e-04 seconds.
Warning: Simulation tolerance relaxed to achieve convergence from 2.5460198255602669e-04 to 2.5460198255602767e-04 seconds.
Warning: Simulation tolerance relaxed to achieve convergence from 2.5460198255602967e-04 to 2.5460198255603065e-04 seconds.
Warning: Simulation tolerance relaxed to achieve convergence from 2.5460198255603065e-04 to 2.5460198255603162e-04 seconds.
Warning: Simulation tolerance relaxed to achieve convergence from 2.5460198255603162e-04 to 2.5460198255603260e-04 seconds.
Warning: Simulation tolerance relaxed to achieve convergence from 2.5460198255603260e-04 to 2.5460198255603358e-04 seconds.
Warning: Simulation tolerance relaxed to achieve convergence from 2.5460198255610557e-04 to 2.5460198255610654e-04 seconds.
Warning: Simulation tolerance relaxed to achieve convergence from 2.5460198255611955e-04 to 2.5460198255612053e-04 seconds.
Warning: Simulation tolerance relaxed to achieve convergence from 2.5460198255618352e-04 to 2.5460198255618450e-04 seconds.
Warning: Simulation tolerance relaxed to achieve convergence from 2.5460198255625855e-04 to 2.5460198255625952e-04 seconds.
Warning: Simulation tolerance relaxed to achieve convergence from 2.5460198255626652e-04 to 2.5460198255626749e-04 seconds.
Warning: Simulation tolerance relaxed to achieve convergence from 2.5460198255626749e-04 to 2.5460198255626847e-04 seconds.
Warning: Simulation tolerance relaxed to achieve convergence from 2.5460198255634946e-04 to 2.5460198255635043e-04 seconds.
Warning: Simulation tolerance relaxed to achieve convergence from 2.5460198255673462e-04 to 2.5460198255673560e-04 seconds.
Warning: Simulation tolerance relaxed to achieve convergence from 2.5460198255678449e-04 to 2.5460198255678547e-04 seconds.
Warning: Simulation tolerance relaxed to achieve convergence from 2.5460198255678547e-04 to 2.5460198255678645e-04 seconds.
Warning: Simulation tolerance relaxed to achieve convergence from 2.5460198255678645e-04 to 2.5460198255678742e-04 seconds.
Warning: Simulation tolerance relaxed to achieve convergence from 2.5460198255737246e-04 to 2.5460198255737343e-04 seconds.
Warning: Simulation tolerance relaxed to achieve convergence from 2.5460198255737441e-04 to 2.5460198255737538e-04 seconds.
Warning: Simulation tolerance relaxed to achieve convergence from 2.5460198255737538e-04 to 2.5460198255737636e-04 seconds.
Warning: Simulation tolerance relaxed to achieve convergence from 2.5460198255738238e-04 to 2.5460198255738335e-04 seconds.
Warning: Simulation tolerance relaxed to achieve convergence from 2.5460198255738937e-04 to 2.5460198255739035e-04 seconds.
Warning: Simulation tolerance relaxed to achieve convergence from 2.5460198255741230e-04 to 2.5460198255741328e-04 seconds.
Warning: Simulation tolerance relaxed to achieve convergence from 2.5460198255744819e-04 to 2.5460198255744916e-04 seconds.
Warning: Simulation tolerance relaxed to achieve convergence from 2.5460198255751508e-04 to 2.5460198255751606e-04 seconds.
Warning: Simulation tolerance relaxed to achieve convergence from 2.5460198255760610e-04 to 2.5460198255760708e-04 seconds.
Warning: Simulation tolerance relaxed to achieve convergence from 2.5460198255760908e-04 to 2.5460198255761006e-04 seconds.
Warning: Simulation tolerance relaxed to achieve convergence from 2.5460198255761608e-04 to 2.5460198255761705e-04 seconds.
Warning: Simulation tolerance relaxed to achieve convergence from 2.5460198255761900e-04 to 2.5460198255761998e-04 seconds.
Warning: Simulation tolerance relaxed to achieve convergence from 2.5460198255762296e-04 to 2.5460198255762394e-04 seconds.
Warning: Simulation tolerance relaxed to achieve convergence from 2.5460198255762394e-04 to 2.5460198255762491e-04 seconds.
Warning: Simulation tolerance relaxed to achieve convergence from 2.5460198255783991e-04 to 2.5460198255784089e-04 seconds.
Warning: Simulation tolerance relaxed to achieve convergence from 2.5460198255787889e-04 to 2.5460198255787986e-04 seconds.
Warning: Simulation tolerance relaxed to achieve convergence from 2.5460198255795489e-04 to 2.5460198255795587e-04 seconds.
Warning: Simulation tolerance relaxed to achieve convergence from 2.5460198255795787e-04 to 2.5460198255795885e-04 seconds.
Warning: Simulation tolerance relaxed to achieve convergence from 2.5460198255795885e-04 to 2.5460198255795982e-04 seconds.
Warning: Simulation tolerance relaxed to achieve convergence from 2.5460198255799083e-04 to 2.5460198255799181e-04 seconds.
Warning: Simulation tolerance relaxed to achieve convergence from 2.5460198255799181e-04 to 2.5460198255799278e-04 seconds.
Warning: Simulation tolerance relaxed to achieve convergence from 2.5460198255817596e-04 to 2.5460198255817693e-04 seconds.
Warning: Simulation tolerance relaxed to achieve convergence from 2.5460198255830888e-04 to 2.5460198255830986e-04 seconds.
Warning: Simulation tolerance relaxed to achieve convergence from 2.5460198255831685e-04 to 2.5460198255831783e-04 seconds.
Warning: Simulation tolerance relaxed to achieve convergence from 2.5460198255832780e-04 to 2.5460198255832878e-04 seconds.
Warning: Simulation tolerance relaxed to achieve convergence from 2.5460198255861880e-04 to 2.5460198255861978e-04 seconds.
Warning: Simulation tolerance relaxed to achieve convergence from 2.5460208086217317e-04 to 2.5460208086217415e-04 seconds.
Warning: Simulation tolerance relaxed to achieve convergence from 2.5460208086217415e-04 to 2.5460208086217512e-04 seconds.
Warning: Simulation tolerance relaxed to achieve convergence from 2.5460208086222218e-04 to 2.5460208086222315e-04 seconds.
Warning: Simulation tolerance relaxed to achieve convergence from 2.5460208086233016e-04 to 2.5460208086233114e-04 seconds.
Warning: Simulation tolerance relaxed to achieve convergence from 2.5460208086236215e-04 to 2.5460208086236312e-04 seconds.
Warning: Simulation tolerance relaxed to achieve convergence from 2.5460208086308515e-04 to 2.5460208086308612e-04 seconds.
Warning: Simulation tolerance relaxed to achieve convergence from 2.5460208086311616e-04 to 2.5460208086311713e-04 seconds.
Warning: Simulation tolerance relaxed to achieve convergence from 2.5460208086311713e-04 to 2.5460208086311811e-04 seconds.
Warning: Simulation tolerance relaxed to achieve convergence from 2.5460208086324713e-04 to 2.5460208086324810e-04 seconds.
Warning: Simulation tolerance relaxed to achieve convergence from 2.5460208086324810e-04 to 2.5460208086324908e-04 seconds.
Warning: Simulation tolerance relaxed to achieve convergence from 2.5460208086327911e-04 to 2.5460208086328009e-04 seconds.
Warning: Simulation tolerance relaxed to achieve convergence from 2.5460208086337409e-04 to 2.5460208086337506e-04 seconds.
Warning: Simulation tolerance relaxed to achieve convergence from 2.5460208086339512e-04 to 2.5460208086339610e-04 seconds.
Warning: Simulation tolerance relaxed to achieve convergence from 2.5460208086341491e-04 to 2.5460208086341588e-04 seconds.
Warning: Simulation tolerance relaxed to achieve convergence from 2.5460208086341784e-04 to 2.5460208086341881e-04 seconds.
Warning: Simulation tolerance relaxed to achieve convergence from 2.5460208086355884e-04 to 2.5460208086355981e-04 seconds.
Warning: Simulation tolerance relaxed to achieve convergence from 2.5460208086358182e-04 to 2.5460208086358280e-04 seconds.
Warning: Simulation tolerance relaxed to achieve convergence from 2.5460214573805345e-04 to 2.5460214573805442e-04 seconds.
Warning: Simulation tolerance relaxed to achieve convergence from 2.5460214573812934e-04 to 2.5460214573813032e-04 seconds.
Warning: Simulation tolerance relaxed to achieve convergence from 2.5460214573813129e-04 to 2.5460214573813227e-04 seconds.
Warning: Simulation tolerance relaxed to achieve convergence from 2.5460214573830823e-04 to 2.5460214573830921e-04 seconds.
Warning: Simulation tolerance relaxed to achieve convergence from 2.5460214573830921e-04 to 2.5460214573831019e-04 seconds.
Warning: Simulation tolerance relaxed to achieve convergence from 2.5460214573837220e-04 to 2.5460214573837318e-04 seconds.
Warning: Simulation tolerance relaxed to achieve convergence from 2.5460214573840619e-04 to 2.5460214573840717e-04 seconds.
Warning: Simulation tolerance relaxed to achieve convergence from 2.5460214573840814e-04 to 2.5460214573840912e-04 seconds.
Warning: Simulation tolerance relaxed to achieve convergence from 2.5460214573845308e-04 to 2.5460214573845406e-04 seconds.
Warning: Simulation tolerance relaxed to achieve convergence from 2.5460214573845406e-04 to 2.5460214573845504e-04 seconds.
Warning: Simulation tolerance relaxed to achieve convergence from 2.5460214573862406e-04 to 2.5460214573862504e-04 seconds.
Warning: Simulation tolerance relaxed to achieve convergence from 2.5460214573871584e-04 to 2.5460214573871682e-04 seconds.
Warning: Simulation tolerance relaxed to achieve convergence from 2.5460214573872582e-04 to 2.5460214573872679e-04 seconds.
Warning: Simulation tolerance relaxed to achieve convergence from 2.5460214573901280e-04 to 2.5460214573901378e-04 seconds.
Warning: Simulation tolerance relaxed to achieve convergence from 2.5460214573910680e-04 to 2.5460214573910778e-04 seconds.
Warning: Simulation tolerance relaxed to achieve convergence from 2.5460214573927193e-04 to 2.5460214573927290e-04 seconds.
Warning: Simulation tolerance relaxed to achieve convergence from 2.5460214573927290e-04 to 2.5460214573927388e-04 seconds.
Warning: Simulation tolerance relaxed to achieve convergence from 2.5460214573928689e-04 to 2.5460214573928787e-04 seconds.
Warning: Simulation tolerance relaxed to achieve convergence from 2.5460214573930082e-04 to 2.5460214573930180e-04 seconds.
Warning: Simulation tolerance relaxed to achieve convergence from 2.5460214573931481e-04 to 2.5460214573931578e-04 seconds.
Warning: Simulation tolerance relaxed to achieve convergence from 2.5460214573936175e-04 to 2.5460214573936273e-04 seconds.
Warning: Simulation tolerance relaxed to achieve convergence from 2.5460214573945077e-04 to 2.5460214573945174e-04 seconds.
Warning: Simulation tolerance relaxed to achieve convergence from 2.5460214573953485e-04 to 2.5460214573953582e-04 seconds.
Warning: Simulation tolerance relaxed to achieve convergence from 2.5460214573959979e-04 to 2.5460214573960077e-04 seconds.
Warning: Simulation tolerance relaxed to achieve convergence from 2.5460214573967178e-04 to 2.5460214573967276e-04 seconds.
Warning: Simulation tolerance relaxed to achieve convergence from 2.5460214573967276e-04 to 2.5460214573967373e-04 seconds.
Warning: Simulation tolerance relaxed to achieve convergence from 2.5460214573967975e-04 to 2.5460214573968073e-04 seconds.
Warning: Simulation tolerance relaxed to achieve convergence from 2.5460214573969065e-04 to 2.5460214573969162e-04 seconds.
Warning: Simulation tolerance relaxed to achieve convergence from 2.5460214573973266e-04 to 2.5460214573973364e-04 seconds.
Warning: Simulation tolerance relaxed to achieve convergence from 2.5460214573978768e-04 to 2.5460214573978866e-04 seconds.
Warning: Simulation tolerance relaxed to achieve convergence from 2.5460214573979066e-04 to 2.5460214573979164e-04 seconds.
Warning: Simulation tolerance relaxed to achieve convergence from 2.5460214573979164e-04 to 2.5460214573979262e-04 seconds.
Warning: Simulation tolerance relaxed to achieve convergence from 2.5460214573979262e-04 to 2.5460214573979359e-04 seconds.
Warning: Simulation tolerance relaxed to achieve convergence from 2.5460214573982064e-04 to 2.5460214573982162e-04 seconds.
Warning: Simulation tolerance relaxed to achieve convergence from 2.5460214573982162e-04 to 2.5460214573982259e-04 seconds.
Warning: Simulation tolerance relaxed to achieve convergence from 2.5460214573983555e-04 to 2.5460214573983653e-04 seconds.
Warning: Simulation tolerance relaxed to achieve convergence from 2.5460214573983853e-04 to 2.5460214573983951e-04 seconds.
Warning: Simulation tolerance relaxed to achieve convergence from 2.5460214573984851e-04 to 2.5460214573984948e-04 seconds.
Warning: Simulation tolerance relaxed to achieve convergence from 2.5460214573985046e-04 to 2.5460214573985143e-04 seconds.
Warning: Simulation tolerance relaxed to achieve convergence from 2.5460214573992445e-04 to 2.5460214573992543e-04 seconds.
Warning: Simulation tolerance relaxed to achieve convergence from 2.5460214574002350e-04 to 2.5460214574002447e-04 seconds.
Warning: Simulation tolerance relaxed to achieve convergence from 2.5460214574004740e-04 to 2.5460214574004838e-04 seconds.
Warning: Simulation tolerance relaxed to achieve convergence from 2.5460214574004838e-04 to 2.5460214574004935e-04 seconds.
Warning: Simulation tolerance relaxed to achieve convergence from 2.5460214574024343e-04 to 2.5460214574024440e-04 seconds.
Warning: Simulation tolerance relaxed to achieve convergence from 2.5460214574024440e-04 to 2.5460214574024538e-04 seconds.
Warning: Simulation tolerance relaxed to achieve convergence from 2.5460214574025237e-04 to 2.5460214574025335e-04 seconds.
Warning: Simulation tolerance relaxed to achieve convergence from 2.5460214574055839e-04 to 2.5460214574055936e-04 seconds.
Warning: Simulation tolerance relaxed to achieve convergence from 2.5460214574056034e-04 to 2.5460214574056132e-04 seconds.
Warning: Simulation tolerance relaxed to achieve convergence from 2.5460214574057031e-04 to 2.5460214574057129e-04 seconds.
Warning: Simulation tolerance relaxed to achieve convergence from 2.5460214574068643e-04 to 2.5460214574068741e-04 seconds.
Warning: Simulation tolerance relaxed to achieve convergence from 2.5460214574069343e-04 to 2.5460214574069440e-04 seconds.
Warning: Simulation tolerance relaxed to achieve convergence from 2.5460214574070833e-04 to 2.5460214574070931e-04 seconds.
Warning: Simulation tolerance relaxed to achieve convergence from 2.5460214574076233e-04 to 2.5460214574076330e-04 seconds.
Warning: Simulation tolerance relaxed to achieve convergence from 2.5460214574103224e-04 to 2.5460214574103321e-04 seconds.
Warning: Simulation tolerance relaxed to achieve convergence from 2.5460214574116321e-04 to 2.5460214574116419e-04 seconds.
Warning: Simulation tolerance relaxed to achieve convergence from 2.5460214574116619e-04 to 2.5460214574116717e-04 seconds.
Warning: Simulation tolerance relaxed to achieve convergence from 2.5460214574116717e-04 to 2.5460214574116814e-04 seconds.
Warning: Simulation tolerance relaxed to achieve convergence from 2.5473481908871971e-04 to 2.5473481908872068e-04 seconds.
Warning: Simulation tolerance relaxed to achieve convergence from 2.5473481908875771e-04 to 2.5473481908875868e-04 seconds.
Warning: Simulation tolerance relaxed to achieve convergence from 2.5473481908880763e-04 to 2.5473481908880861e-04 seconds.
Warning: Simulation tolerance relaxed to achieve convergence from 2.5599280247280557e-04 to 2.5599280247280655e-04 seconds.
Warning: Simulation tolerance relaxed to achieve convergence from 2.5599280247283056e-04 to 2.5599280247283154e-04 seconds.
Warning: Simulation tolerance relaxed to achieve convergence from 2.5599280247287453e-04 to 2.5599280247287550e-04 seconds.
Warning: Simulation tolerance relaxed to achieve convergence from 2.5599280247303455e-04 to 2.5599280247303553e-04 seconds.
Warning: Simulation tolerance relaxed to achieve convergence from 2.5599280247303651e-04 to 2.5599280247303748e-04 seconds.
Warning: Simulation tolerance relaxed to achieve convergence from 2.5599280247304350e-04 to 2.5599280247304447e-04 seconds.
Warning: Simulation tolerance relaxed to achieve convergence from 2.5599280247304746e-04 to 2.5599280247304843e-04 seconds.
Warning: Simulation tolerance relaxed to achieve convergence from 2.5599280247319149e-04 to 2.5599280247319247e-04 seconds.
Warning: Simulation tolerance relaxed to achieve convergence from 2.5599280247319247e-04 to 2.5599280247319344e-04 seconds.
Warning: Simulation tolerance relaxed to achieve convergence from 2.5599280247320044e-04 to 2.5599280247320141e-04 seconds.
Warning: Simulation tolerance relaxed to achieve convergence from 2.5599280247325253e-04 to 2.5599280247325351e-04 seconds.
Warning: Simulation tolerance relaxed to achieve convergence from 2.5599280247325351e-04 to 2.5599280247325448e-04 seconds.
Warning: Simulation tolerance relaxed to achieve convergence from 2.5599280247325844e-04 to 2.5599280247325942e-04 seconds.
Warning: Simulation tolerance relaxed to achieve convergence from 2.5599280247326543e-04 to 2.5599280247326641e-04 seconds.
Warning: Simulation tolerance relaxed to achieve convergence from 2.5599280247326641e-04 to 2.5599280247326739e-04 seconds.
Warning: Simulation tolerance relaxed to achieve convergence from 2.5599280247326939e-04 to 2.5599280247327037e-04 seconds.
Warning: Simulation tolerance relaxed to achieve convergence from 2.5599280247329932e-04 to 2.5599280247330029e-04 seconds.
Warning: Simulation tolerance relaxed to achieve convergence from 2.5599280247330826e-04 to 2.5599280247330924e-04 seconds.
Warning: Simulation tolerance relaxed to achieve convergence from 2.5599280247332626e-04 to 2.5599280247332723e-04 seconds.
Warning: Simulation tolerance relaxed to achieve convergence from 2.5599280247332723e-04 to 2.5599280247332821e-04 seconds.
Warning: Simulation tolerance relaxed to achieve convergence from 2.5599280247332821e-04 to 2.5599280247332919e-04 seconds.
Warning: Simulation tolerance relaxed to achieve convergence from 2.5599280247332919e-04 to 2.5599280247333016e-04 seconds.
Warning: Simulation tolerance relaxed to achieve convergence from 2.5599280247333016e-04 to 2.5599280247333114e-04 seconds.
Warning: Simulation tolerance relaxed to achieve convergence from 2.5599280247333211e-04 to 2.5599280247333309e-04 seconds.
Warning: Simulation tolerance relaxed to achieve convergence from 2.5599280247335315e-04 to 2.5599280247335412e-04 seconds.
Warning: Simulation tolerance relaxed to achieve convergence from 2.5599280247336209e-04 to 2.5599280247336307e-04 seconds.
Warning: Simulation tolerance relaxed to achieve convergence from 2.5599280247353415e-04 to 2.5599280247353513e-04 seconds.
Warning: Simulation tolerance relaxed to achieve convergence from 2.5599280247353611e-04 to 2.5599280247353708e-04 seconds.
Warning: Simulation tolerance relaxed to achieve convergence from 2.5599280247360490e-04 to 2.5599280247360587e-04 seconds.
Warning: Simulation tolerance relaxed to achieve convergence from 2.5599280247361986e-04 to 2.5599280247362084e-04 seconds.
Warning: Simulation tolerance relaxed to achieve convergence from 2.5599280247362084e-04 to 2.5599280247362181e-04 seconds.
Warning: Simulation tolerance relaxed to achieve convergence from 2.5612909489296584e-04 to 2.5612909489296682e-04 seconds.
Warning: Simulation tolerance relaxed to achieve convergence from 2.5612909489296682e-04 to 2.5612909489296779e-04 seconds.
Warning: Simulation tolerance relaxed to achieve convergence from 2.5612909489307188e-04 to 2.5612909489307285e-04 seconds.
Warning: Simulation tolerance relaxed to achieve convergence from 2.5612909489308185e-04 to 2.5612909489308283e-04 seconds.
Warning: Simulation tolerance relaxed to achieve convergence from 2.5612909489308478e-04 to 2.5612909489308575e-04 seconds.
Warning: Simulation tolerance relaxed to achieve convergence from 2.5612909489308575e-04 to 2.5612909489308673e-04 seconds.
Warning: Simulation tolerance relaxed to achieve convergence from 2.5612909489309275e-04 to 2.5612909489309372e-04 seconds.
Warning: Simulation tolerance relaxed to achieve convergence from 2.5612909489309372e-04 to 2.5612909489309470e-04 seconds.
Warning: Simulation tolerance relaxed to achieve convergence from 2.5612909489309470e-04 to 2.5612909489309567e-04 seconds.
Warning: Simulation tolerance relaxed to achieve convergence from 2.5612909489647860e-04 to 2.5612909489647958e-04 seconds.
Warning: Simulation tolerance relaxed to achieve convergence from 2.5612909489649454e-04 to 2.5612909489649551e-04 seconds.
Warning: Simulation tolerance relaxed to achieve convergence from 2.5612909489649649e-04 to 2.5612909489649747e-04 seconds.
Warning: Simulation tolerance relaxed to achieve convergence from 2.5612909489650045e-04 to 2.5612909489650142e-04 seconds.
Warning: Simulation tolerance relaxed to achieve convergence from 2.5612909489650240e-04 to 2.5612909489650338e-04 seconds.
Warning: Simulation tolerance relaxed to achieve convergence from 2.5612909489664134e-04 to 2.5612909489664232e-04 seconds.
Warning: Simulation tolerance relaxed to achieve convergence from 2.5612909489664432e-04 to 2.5612909489664530e-04 seconds.
Warning: Simulation tolerance relaxed to achieve convergence from 2.5612909489693326e-04 to 2.5612909489693424e-04 seconds.
Warning: Simulation tolerance relaxed to achieve convergence from 2.5612909489694025e-04 to 2.5612909489694123e-04 seconds.
Warning: Simulation tolerance relaxed to achieve convergence from 2.5612909489694324e-04 to 2.5612909489694421e-04 seconds.
Warning: Simulation tolerance relaxed to achieve convergence from 2.5612909489694421e-04 to 2.5612909489694519e-04 seconds.
Warning: Simulation tolerance relaxed to achieve convergence from 2.5612909489695121e-04 to 2.5612909489695218e-04 seconds.
Warning: Simulation tolerance relaxed to achieve convergence from 2.5612909489701425e-04 to 2.5612909489701523e-04 seconds.
Warning: Simulation tolerance relaxed to achieve convergence from 2.5612909489701523e-04 to 2.5612909489701620e-04 seconds.
Warning: Simulation tolerance relaxed to achieve convergence from 2.5612909489720328e-04 to 2.5612909489720426e-04 seconds.
Warning: Simulation tolerance relaxed to achieve convergence from 2.5612909489729435e-04 to 2.5612909489729533e-04 seconds.
Warning: Simulation tolerance relaxed to achieve convergence from 2.5612909489730232e-04 to 2.5612909489730330e-04 seconds.
Warning: Simulation tolerance relaxed to achieve convergence from 2.5612909489730525e-04 to 2.5612909489730623e-04 seconds.
Warning: Simulation tolerance relaxed to achieve convergence from 2.5612909489731523e-04 to 2.5612909489731620e-04 seconds.
Warning: Simulation tolerance relaxed to achieve convergence from 2.5612909489731620e-04 to 2.5612909489731718e-04 seconds.
Warning: Simulation tolerance relaxed to achieve convergence from 2.5612909489731718e-04 to 2.5612909489731815e-04 seconds.
Warning: Simulation tolerance relaxed to achieve convergence from 2.5612909489732113e-04 to 2.5612909489732211e-04 seconds.
Warning: Simulation tolerance relaxed to achieve convergence from 2.5612909489732211e-04 to 2.5612909489732309e-04 seconds.
Warning: Simulation tolerance relaxed to achieve convergence from 2.5612909489738109e-04 to 2.5612909489738207e-04 seconds.
Warning: Simulation tolerance relaxed to achieve convergence from 2.5612909489738207e-04 to 2.5612909489738304e-04 seconds.
Warning: Simulation tolerance relaxed to achieve convergence from 2.5612909489742012e-04 to 2.5612909489742110e-04 seconds.
Warning: Simulation tolerance relaxed to achieve convergence from 2.5612909489745308e-04 to 2.5612909489745406e-04 seconds.
Warning: Simulation tolerance relaxed to achieve convergence from 2.5612909489745905e-04 to 2.5612909489746002e-04 seconds.
Warning: Simulation tolerance relaxed to achieve convergence from 2.5612909489747292e-04 to 2.5612909489747390e-04 seconds.
Warning: Simulation tolerance relaxed to achieve convergence from 2.5612909489747390e-04 to 2.5612909489747487e-04 seconds.
Warning: Simulation tolerance relaxed to achieve convergence from 2.5612909489747883e-04 to 2.5612909489747981e-04 seconds.
Warning: Simulation tolerance relaxed to achieve convergence from 2.5612909489751271e-04 to 2.5612909489751369e-04 seconds.
Warning: Simulation tolerance relaxed to achieve convergence from 2.5612909489751369e-04 to 2.5612909489751466e-04 seconds.
Warning: Simulation tolerance relaxed to achieve convergence from 2.5612909489751759e-04 to 2.5612909489751857e-04 seconds.
Warning: Simulation tolerance relaxed to achieve convergence from 2.5612909489752946e-04 to 2.5612909489753044e-04 seconds.
Warning: Simulation tolerance relaxed to achieve convergence from 2.5612909489753044e-04 to 2.5612909489753142e-04 seconds.
Warning: Simulation tolerance relaxed to achieve convergence from 2.6222184423811993e-04 to 2.6222184423812091e-04 seconds.
Warning: Simulation tolerance relaxed to achieve convergence from 2.6222184423817891e-04 to 2.6222184423817989e-04 seconds.
Warning: Simulation tolerance relaxed to achieve convergence from 2.6222184423850981e-04 to 2.6222184423851079e-04 seconds.
Warning: Simulation tolerance relaxed to achieve convergence from 2.6222184423852982e-04 to 2.6222184423853079e-04 seconds.
Warning: Simulation tolerance relaxed to achieve convergence from 2.6222184423853280e-04 to 2.6222184423853377e-04 seconds.
Warning: Simulation tolerance relaxed to achieve convergence from 2.6222184423853578e-04 to 2.6222184423853675e-04 seconds.
Warning: Simulation tolerance relaxed to achieve convergence from 2.6222184423858381e-04 to 2.6222184423858478e-04 seconds.
Warning: Simulation tolerance relaxed to achieve convergence from 2.6222184423863178e-04 to 2.6222184423863276e-04 seconds.
Warning: Simulation tolerance relaxed to achieve convergence from 2.6222184423864680e-04 to 2.6222184423864778e-04 seconds.
Warning: Simulation tolerance relaxed to achieve convergence from 2.6222184423870865e-04 to 2.6222184423870963e-04 seconds.
Warning: Simulation tolerance relaxed to achieve convergence from 2.6222184423871651e-04 to 2.6222184423871749e-04 seconds.
Warning: Simulation tolerance relaxed to achieve convergence from 2.6222184423872947e-04 to 2.6222184423873045e-04 seconds.
Warning: Simulation tolerance relaxed to achieve convergence from 2.6222184423873245e-04 to 2.6222184423873343e-04 seconds.
Warning: Simulation tolerance relaxed to achieve convergence from 2.6222184423873543e-04 to 2.6222184423873641e-04 seconds.
Warning: Simulation tolerance relaxed to achieve convergence from 2.6222184423877344e-04 to 2.6222184423877441e-04 seconds.
Warning: Simulation tolerance relaxed to achieve convergence from 2.6222184423887936e-04 to 2.6222184423888034e-04 seconds.
Warning: Simulation tolerance relaxed to achieve convergence from 2.6222184423897239e-04 to 2.6222184423897336e-04 seconds.
Warning: Simulation tolerance relaxed to achieve convergence from 2.6222184423897336e-04 to 2.6222184423897434e-04 seconds.
Warning: Simulation tolerance relaxed to achieve convergence from 2.6222184423897434e-04 to 2.6222184423897531e-04 seconds.
Warning: Simulation tolerance relaxed to achieve convergence from 2.6222184423912239e-04 to 2.6222184423912336e-04 seconds.
Warning: Simulation tolerance relaxed to achieve convergence from 2.6222184423912938e-04 to 2.6222184423913035e-04 seconds.
Warning: Simulation tolerance relaxed to achieve convergence from 2.6222184423913729e-04 to 2.6222184423913827e-04 seconds.
Warning: Simulation tolerance relaxed to achieve convergence from 2.6222184423913827e-04 to 2.6222184423913925e-04 seconds.
Warning: Simulation tolerance relaxed to achieve convergence from 2.6222184423914526e-04 to 2.6222184423914624e-04 seconds.
Warning: Simulation tolerance relaxed to achieve convergence from 2.6222184423914922e-04 to 2.6222184423915020e-04 seconds.
Warning: Simulation tolerance relaxed to achieve convergence from 2.6222184423915914e-04 to 2.6222184423916012e-04 seconds.
Warning: Simulation tolerance relaxed to achieve convergence from 2.6222184423916613e-04 to 2.6222184423916711e-04 seconds.
Warning: Simulation tolerance relaxed to achieve convergence from 2.6222184423918717e-04 to 2.6222184423918814e-04 seconds.
Warning: Simulation tolerance relaxed to achieve convergence from 2.6222184423919308e-04 to 2.6222184423919405e-04 seconds.
Warning: Simulation tolerance relaxed to achieve convergence from 2.6222184423921509e-04 to 2.6222184423921606e-04 seconds.
Warning: Simulation tolerance relaxed to achieve convergence from 2.6222184423927510e-04 to 2.6222184423927607e-04 seconds.
Warning: Simulation tolerance relaxed to achieve convergence from 2.6222184423931505e-04 to 2.6222184423931602e-04 seconds.
Warning: Simulation tolerance relaxed to achieve convergence from 2.6222184423931803e-04 to 2.6222184423931901e-04 seconds.
Warning: Simulation tolerance relaxed to achieve convergence from 2.6222184423932600e-04 to 2.6222184423932697e-04 seconds.
Warning: Simulation tolerance relaxed to achieve convergence from 2.6222184423933695e-04 to 2.6222184423933793e-04 seconds.
Warning: Simulation tolerance relaxed to achieve convergence from 2.6222184423965798e-04 to 2.6222184423965896e-04 seconds.
Warning: Simulation tolerance relaxed to achieve convergence from 2.6222184423966291e-04 to 2.6222184423966389e-04 seconds.
Warning: Simulation tolerance relaxed to achieve convergence from 2.6222184423967088e-04 to 2.6222184423967186e-04 seconds.
Warning: Simulation tolerance relaxed to achieve convergence from 2.6222184423967983e-04 to 2.6222184423968080e-04 seconds.
Warning: Simulation tolerance relaxed to achieve convergence from 2.6222184423969479e-04 to 2.6222184423969577e-04 seconds.
Warning: Simulation tolerance relaxed to achieve convergence from 2.6222184423970173e-04 to 2.6222184423970271e-04 seconds.
Warning: Simulation tolerance relaxed to achieve convergence from 2.6222184423971170e-04 to 2.6222184423971268e-04 seconds.
Warning: Simulation tolerance relaxed to achieve convergence from 2.6222184424005469e-04 to 2.6222184424005567e-04 seconds.
Warning: Simulation tolerance relaxed to achieve convergence from 2.6222184424016360e-04 to 2.6222184424016458e-04 seconds.
Warning: Simulation tolerance relaxed to achieve convergence from 2.6222184424024058e-04 to 2.6222184424024155e-04 seconds.
Warning: Simulation tolerance relaxed to achieve convergence from 2.6222184424024356e-04 to 2.6222184424024454e-04 seconds.
Warning: Simulation tolerance relaxed to achieve convergence from 2.6222184424025858e-04 to 2.6222184424025955e-04 seconds.
Warning: Simulation tolerance relaxed to achieve convergence from 2.6222184424028058e-04 to 2.6222184424028156e-04 seconds.
Warning: Simulation tolerance relaxed to achieve convergence from 2.6222184424028156e-04 to 2.6222184424028254e-04 seconds.
Warning: Simulation tolerance relaxed to achieve convergence from 2.6222184424028454e-04 to 2.6222184424028552e-04 seconds.
Warning: Simulation tolerance relaxed to achieve convergence from 2.6222184424030156e-04 to 2.6222184424030254e-04 seconds.
Warning: Simulation tolerance relaxed to achieve convergence from 2.6222184424033751e-04 to 2.6222184424033848e-04 seconds.
Warning: Simulation tolerance relaxed to achieve convergence from 2.6222184424055250e-04 to 2.6222184424055348e-04 seconds.
Warning: Simulation tolerance relaxed to achieve convergence from 2.6222184424056145e-04 to 2.6222184424056242e-04 seconds.
Warning: Simulation tolerance relaxed to achieve convergence from 2.6222184424057142e-04 to 2.6222184424057240e-04 seconds.
Warning: Simulation tolerance relaxed to achieve convergence from 2.6222184424067540e-04 to 2.6222184424067637e-04 seconds.
Warning: Simulation tolerance relaxed to achieve convergence from 2.6222184424067637e-04 to 2.6222184424067735e-04 seconds.
Warning: Simulation tolerance relaxed to achieve convergence from 2.6222184424067735e-04 to 2.6222184424067832e-04 seconds.
Warning: Simulation tolerance relaxed to achieve convergence from 2.6222184424068131e-04 to 2.6222184424068228e-04 seconds.
Warning: Simulation tolerance relaxed to achieve convergence from 2.6222184424068830e-04 to 2.6222184424068927e-04 seconds.
Warning: Simulation tolerance relaxed to achieve convergence from 2.6222184424072625e-04 to 2.6222184424072722e-04 seconds.
Warning: Simulation tolerance relaxed to achieve convergence from 2.6222184424079011e-04 to 2.6222184424079108e-04 seconds.
Warning: Simulation tolerance relaxed to achieve convergence from 2.6222184424083212e-04 to 2.6222184424083309e-04 seconds.
Warning: Simulation tolerance relaxed to achieve convergence from 2.6222185287393996e-04 to 2.6222185287394094e-04 seconds.
Warning: Simulation tolerance relaxed to achieve convergence from 2.6222185287395796e-04 to 2.6222185287395894e-04 seconds.
Warning: Simulation tolerance relaxed to achieve convergence from 2.6222185287396593e-04 to 2.6222185287396691e-04 seconds.
Warning: Simulation tolerance relaxed to achieve convergence from 2.6222185287399792e-04 to 2.6222185287399889e-04 seconds.
Warning: Simulation tolerance relaxed to achieve convergence from 2.6222185287402887e-04 to 2.6222185287402985e-04 seconds.
Warning: Simulation tolerance relaxed to achieve convergence from 2.6222185287404074e-04 to 2.6222185287404172e-04 seconds.
Warning: Simulation tolerance relaxed to achieve convergence from 2.6222185287404172e-04 to 2.6222185287404269e-04 seconds.
Warning: Simulation tolerance relaxed to achieve convergence from 2.6222185287464074e-04 to 2.6222185287464171e-04 seconds.
Warning: Simulation tolerance relaxed to achieve convergence from 2.6222185287465874e-04 to 2.6222185287465971e-04 seconds.
Warning: Simulation tolerance relaxed to achieve convergence from 2.6235336209286746e-04 to 2.6235336209286844e-04 seconds.
Warning: Simulation tolerance relaxed to achieve convergence from 2.6235336209293832e-04 to 2.6235336209293929e-04 seconds.
Warning: Simulation tolerance relaxed to achieve convergence from 2.6235336209309910e-04 to 2.6235336209310008e-04 seconds.
Warning: Simulation tolerance relaxed to achieve convergence from 2.6235336209310501e-04 to 2.6235336209310599e-04 seconds.
Warning: Simulation tolerance relaxed to achieve convergence from 2.6235336209311293e-04 to 2.6235336209311390e-04 seconds.
Warning: Simulation tolerance relaxed to achieve convergence from 2.6235336209312084e-04 to 2.6235336209312182e-04 seconds.
Warning: Simulation tolerance relaxed to achieve convergence from 2.6235336209339883e-04 to 2.6235336209339981e-04 seconds.
Warning: Simulation tolerance relaxed to achieve convergence from 2.6235336209339981e-04 to 2.6235336209340078e-04 seconds.
Warning: Simulation tolerance relaxed to achieve convergence from 2.6235336209340279e-04 to 2.6235336209340376e-04 seconds.
Warning: Simulation tolerance relaxed to achieve convergence from 2.6235336209344176e-04 to 2.6235336209344274e-04 seconds.
Warning: Simulation tolerance relaxed to achieve convergence from 2.6235336209359068e-04 to 2.6235336209359166e-04 seconds.
Warning: Simulation tolerance relaxed to achieve convergence from 2.6235336209360364e-04 to 2.6235336209360461e-04 seconds.
Warning: Simulation tolerance relaxed to achieve convergence from 2.6235336209360759e-04 to 2.6235336209360857e-04 seconds.
Warning: Simulation tolerance relaxed to achieve convergence from 2.6235336209361854e-04 to 2.6235336209361952e-04 seconds.
Warning: Simulation tolerance relaxed to achieve convergence from 2.6235336209368956e-04 to 2.6235336209369054e-04 seconds.
Warning: Simulation tolerance relaxed to achieve convergence from 2.6235336209370355e-04 to 2.6235336209370452e-04 seconds.
Warning: Simulation tolerance relaxed to achieve convergence from 2.6235336209370653e-04 to 2.6235336209370750e-04 seconds.
Warning: Simulation tolerance relaxed to achieve convergence from 2.6235336209370951e-04 to 2.6235336209371048e-04 seconds.
Warning: Simulation tolerance relaxed to achieve convergence from 2.6235336209375841e-04 to 2.6235336209375938e-04 seconds.
Warning: Simulation tolerance relaxed to achieve convergence from 2.6235336209388141e-04 to 2.6235336209388238e-04 seconds.
Warning: Simulation tolerance relaxed to achieve convergence from 2.6235336211379820e-04 to 2.6235336211379918e-04 seconds.
Warning: Simulation tolerance relaxed to achieve convergence from 2.6235336211384824e-04 to 2.6235336211384921e-04 seconds.
Warning: Simulation tolerance relaxed to achieve convergence from 2.6235336211387919e-04 to 2.6235336211388017e-04 seconds.
Warning: Simulation tolerance relaxed to achieve convergence from 2.6235336211389410e-04 to 2.6235336211389508e-04 seconds.
Warning: Simulation tolerance relaxed to achieve convergence from 2.6235336211389708e-04 to 2.6235336211389806e-04 seconds.
Warning: Simulation tolerance relaxed to achieve convergence from 2.6235336211393297e-04 to 2.6235336211393394e-04 seconds.
Warning: Simulation tolerance relaxed to achieve convergence from 2.6235336211393394e-04 to 2.6235336211393492e-04 seconds.
Warning: Simulation tolerance relaxed to achieve convergence from 2.6235336211396089e-04 to 2.6235336211396089e-04 seconds.

Simulation stopped by user.
Total elapsed time: 22.705 seconds.

Files loaded:
C:\Users\ramaz\Desktop\Circuitos II\TP-TA138-G7\Simulación\BUCK\CircuitoCompleteo_buck_sincrono_pwm.net
C:\Users\ramaz\AppData\Local\LTspice\lib\cmp\standard.dio
C:\Users\ramaz\AppData\Local\LTspice\lib\cmp\standard.bjt
C:\Users\ramaz\AppData\Local\LTspice\lib\cmp\standard.mos
C:\Users\ramaz\Desktop\Circuitos II\TP-TA138-G7\Simulación\BUCK\Modelos\lm393.lib
C:\Users\ramaz\Desktop\Circuitos II\TP-TA138-G7\Simulación\BUCK\Modelos\TL082.txt
C:\Users\ramaz\Desktop\Circuitos II\TP-TA138-G7\Simulación\BUCK\Modelos\lm358.txt
C:\Users\ramaz\Desktop\Circuitos II\TP-TA138-G7\Simulación\BUCK\Modelos\TL431.spi
C:\Users\ramaz\Desktop\Circuitos II\TP-TA138-G7\Simulación\BUCK\LM319.txt
C:\Users\ramaz\Desktop\Circuitos II\TP-TA138-G7\Simulación\BUCK\Modelos\irf3205.spi
C:\Users\ramaz\Desktop\Circuitos II\TP-TA138-G7\Simulación\BUCK\Modelos\ir2111.lib
C:\Users\ramaz\Desktop\Circuitos II\TP-TA138-G7\Simulación\BUCK\Modelos\MBR360RL.LIB
C:\Users\ramaz\Desktop\Circuitos II\TP-TA138-G7\Simulación\BUCK\Compensacion\average.lib
C:\Users\ramaz\Desktop\Circuitos II\TP-TA138-G7\Simulación\BUCK\Compensacion\switching.lib
C:\Users\ramaz\AppData\Local\LTspice\lib\sub\UniversalOpAmp2.lib

